DrugID,Gene
CHEMBL107,MEFV
CHEMBL107,DBH
CHEMBL107,DPP7
CHEMBL107,VCL
CHEMBL107,SAA1
CHEMBL107,ABCB1
CHEMBL107,CHAT
CHEMBL107,ABCG2
CHEMBL107,TUBB4B
CHEMBL113178,PRKAR1B
CHEMBL113178,TOP2B
CHEMBL113178,ACACB
CHEMBL113178,MTR
CHEMBL113178,CTH
CHEMBL113178,H6PD
CHEMBL113178,SELENOS
CHEMBL113178,GPX1
CHEMBL113178,MAT2B
CHEMBL113178,FANCM
CHEMBL113178,MAT2A
CHEMBL113178,MARS2
CHEMBL113178,TP53
CHEMBL113178,TOP2A
CHEMBL113178,MARS1
CHEMBL1139,HRH2
CHEMBL1139,CRHR2
CHEMBL1139,ADCY2
CHEMBL1139,ADRB3
CHEMBL1139,CALCB
CHEMBL1139,GIP
CHEMBL1139,CALCR
CHEMBL1139,PTGS1
CHEMBL1139,HTR4
CHEMBL1139,VIP
CHEMBL1139,PTGS2
CHEMBL1139,GNAS
CHEMBL1139,GLP1R
CHEMBL1139,ADCY8
CHEMBL1139,AVP
CHEMBL1139,NPSR1
CHEMBL1139,ADRB1
CHEMBL1139,PTGER2
CHEMBL1139,SCT
CHEMBL1139,HTR7
CHEMBL1139,POMC
CHEMBL1139,PTH
CHEMBL1139,ADM
CHEMBL1139,CRH
CHEMBL1139,TAAR1
CHEMBL1139,PTH2R
CHEMBL1139,SCTR
CHEMBL1139,PTH2
CHEMBL1139,GLP2R
CHEMBL1139,ADCY3
CHEMBL1139,ADCY7
CHEMBL1139,PTGIS
CHEMBL1139,MC3R
CHEMBL1139,IAPP
CHEMBL1139,GHRH
CHEMBL1139,VIPR2
CHEMBL1139,ADM2
CHEMBL1139,MC5R
CHEMBL1139,ADCYAP1R1
CHEMBL1139,HTR6
CHEMBL1139,ADRB2
CHEMBL1139,ADCY6
CHEMBL1139,ADCY4
CHEMBL1139,LHCGR
CHEMBL1139,GHRHR
CHEMBL1139,PTH1R
CHEMBL1139,VIPR1
CHEMBL1139,CALCA
CHEMBL1139,MC2R
CHEMBL1139,GNG2
CHEMBL1139,ADCY9
CHEMBL1139,PTGIR
CHEMBL1139,ADORA2A
CHEMBL1139,TSHR
CHEMBL1139,PTGDR
CHEMBL1139,RXFP1
CHEMBL1139,ADORA2B
CHEMBL1139,MC4R
CHEMBL1139,NPS
CHEMBL1139,LINC02210-CRHR1
CHEMBL1139,GCGR
CHEMBL1139,FSHR
CHEMBL1139,GCG
CHEMBL1139,ADCYAP1
CHEMBL1139,PTGER4
CHEMBL1139,GPBAR1
CHEMBL1139,ADCY5
CHEMBL1139,GIPR
CHEMBL1139,AVPR2
CHEMBL1139,PTHLH
CHEMBL1139,DRD5
CHEMBL1139,ADCY1
CHEMBL1139,RXFP2
CHEMBL1139,MC1R
CHEMBL1159,KCNJ8
CHEMBL1159,ABCC8
CHEMBL1159,KCNJ11
CHEMBL1174,ITGA2B
CHEMBL1200367,ACHE
CHEMBL1200367,BCHE
CHEMBL1200775,GNRHR
CHEMBL1200861,ATP6V1C1
CHEMBL1200861,PFKFB3
CHEMBL1200861,B3GAT1
CHEMBL1200861,HIF1AN
CHEMBL1200861,TREM1
CHEMBL1201142,MAPK1
CHEMBL1201142,MAOB
CHEMBL1201142,BCL2L2
CHEMBL1201142,APP
CHEMBL1201142,BAX
CHEMBL1201142,CASP3
CHEMBL1201142,BCL2
CHEMBL1201142,GDNF
CHEMBL1201142,MAOA
CHEMBL1201142,BDNF
CHEMBL1201302,CASP3
CHEMBL1201335,CHRM4
CHEMBL1201335,CHRM2
CHEMBL1201335,CHRM3
CHEMBL1201335,CHRM1
CHEMBL1201335,CHRM5
CHEMBL1201479,TTC5
CHEMBL1201479,CLPP
CHEMBL1201479,PFKFB3
CHEMBL1201479,HEXB
CHEMBL1201479,GALE
CHEMBL1201479,UMPS
CHEMBL1201479,POLH
CHEMBL1201479,SYN3
CHEMBL1201479,RNASEH1
CHEMBL1201479,MAT2A
CHEMBL1201479,HOGA1
CHEMBL1201479,CALM2
CHEMBL1201479,PARK7
CHEMBL1201479,FDPS
CHEMBL1201479,GNE
CHEMBL1201479,PCK1
CHEMBL1201479,ALB
CHEMBL1201479,EPHX2
CHEMBL1201479,ADH4
CHEMBL1201479,GAPDHS
CHEMBL1201479,BBOX1
CHEMBL1201479,PAICS
CHEMBL1201479,CAT
CHEMBL1201610,MC1R
CHEMBL1205,ABCB1
CHEMBL1205,CDK2
CHEMBL1205,CYP2C19
CHEMBL1205,CYP3A4
CHEMBL1222250,CALR
CHEMBL1222250,GBA1
CHEMBL1222250,AMY1B
CHEMBL1222250,SLC5A2
CHEMBL1222250,GANC
CHEMBL1222250,SLC2A2
CHEMBL1222250,SLC2A4
CHEMBL1222250,AKR1B1
CHEMBL1222250,ARSA
CHEMBL1222250,SLC2A12
CHEMBL1222250,NUP210
CHEMBL1222250,TPR
CHEMBL1222250,PYGM
CHEMBL1222250,AAAS
CHEMBL1222250,GANAB
CHEMBL1222250,PYGL
CHEMBL1222250,MLEC
CHEMBL1222250,GCK
CHEMBL1222250,NUP50
CHEMBL1222250,ADPGK
CHEMBL1222250,MANEA
CHEMBL1222250,NUP35
CHEMBL1222250,PDIA3
CHEMBL1222250,AGL
CHEMBL1222250,NUP205
CHEMBL1222250,NUP62
CHEMBL1222250,GAA
CHEMBL1222250,GLB1
CHEMBL1222250,PCSK1
CHEMBL1222250,HK3
CHEMBL1222250,NUP93
CHEMBL1222250,HK2
CHEMBL1222250,NUP43
CHEMBL1222250,NUP107
CHEMBL1222250,GYG1
CHEMBL1222250,RANBP2
CHEMBL1222250,NUP214
CHEMBL1222250,SLC2A10
CHEMBL1222250,HKDC1
CHEMBL1222250,NUP155
CHEMBL1222250,NUP42
CHEMBL1222250,NUP85
CHEMBL1222250,SLC5A9
CHEMBL1222250,NUP160
CHEMBL1222250,SLC2A11
CHEMBL1222250,GBA2
CHEMBL1222250,SLC2A5
CHEMBL1222250,SLC2A7
CHEMBL1222250,G6PC2
CHEMBL1222250,SLC2A8
CHEMBL1222250,NUP188
CHEMBL1222250,GCG
CHEMBL1222250,PSAP
CHEMBL1222250,RAE1
CHEMBL1222250,AMY2A
CHEMBL1222250,SLC2A1
CHEMBL1222250,MGAM
CHEMBL1222250,NUP88
CHEMBL1222250,ASAH1
CHEMBL1222250,SLC2A6
CHEMBL1222250,SLC2A3
CHEMBL1222250,GYG2
CHEMBL1222250,GALM
CHEMBL1222250,CANX
CHEMBL1222250,NUP37
CHEMBL1222250,G6PC1
CHEMBL1222250,PLA2G7
CHEMBL1222250,GALC
CHEMBL1222250,AKR1B10
CHEMBL1222250,NUP153
CHEMBL1222250,TREH
CHEMBL1222250,NUP133
CHEMBL1222250,BCHE
CHEMBL1222250,SI
CHEMBL1222250,GCKR
CHEMBL1222250,SLC2A9
CHEMBL1222250,NUP54
CHEMBL1222250,SLC5A1
CHEMBL1222250,G6PC3
CHEMBL1222250,LCT
CHEMBL1256958,PLCB1
CHEMBL1256958,DRD2
CHEMBL1256958,NPY1R
CHEMBL1256958,COMT
CHEMBL1256958,CCL28
CHEMBL1256958,HTR4
CHEMBL1256958,LPAR1
CHEMBL1256958,NPSR1
CHEMBL1256958,CALCR
CHEMBL1256958,SUCNR1
CHEMBL1256958,CXCL9
CHEMBL1256958,TRIO
CHEMBL1256958,PYY
CHEMBL1256958,S1PR3
CHEMBL1256958,KISS1
CHEMBL1256958,AGT
CHEMBL1256958,SLC22A2
CHEMBL1256958,SLC22A1
CHEMBL1256958,VIP
CHEMBL1256958,UTS2B
CHEMBL1256958,RGS1
CHEMBL1256958,RGS18
CHEMBL1256958,CCL20
CHEMBL1256958,GRM7
CHEMBL1256958,NPY5R
CHEMBL1256958,GPR18
CHEMBL1256958,CCR6
CHEMBL1256958,FPR2
CHEMBL1256958,GRM3
CHEMBL1256958,AVPR2
CHEMBL1256958,NPW
CHEMBL1256958,FFAR3
CHEMBL1256958,MAOA
CHEMBL1256958,CCKBR
CHEMBL1256958,ADCY7
CHEMBL1256958,CCK
CHEMBL1256958,ADORA2A
CHEMBL1256958,OPRL1
CHEMBL1256958,EDN3
CHEMBL1256958,ARHGEF1
CHEMBL1256958,HTR7
CHEMBL1256958,GALR2
CHEMBL1256958,PTH1R
CHEMBL1256958,HTR1A
CHEMBL1256958,MC5R
CHEMBL1256958,CXCR2
CHEMBL1256958,GPR4
CHEMBL1256958,CHRM2
CHEMBL1256958,GHRHR
CHEMBL1256958,P2RY13
CHEMBL1256958,TAC1
CHEMBL1256958,F2R
CHEMBL1256958,HTR1F
CHEMBL1256958,RXFP3
CHEMBL1256958,UTS2R
CHEMBL1256958,PENK
CHEMBL1256958,OXTR
CHEMBL1256958,CCR8
CHEMBL1256958,VIPR1
CHEMBL1256958,TAS2R60
CHEMBL1256958,LPAR5
CHEMBL1256958,S1PR5
CHEMBL1256958,CRHR2
CHEMBL1256958,RGS7
CHEMBL1256958,HRH3
CHEMBL1256958,SCTR
CHEMBL1256958,HEBP1
CHEMBL1256958,GALR3
CHEMBL1256958,GIPR
CHEMBL1256958,OPRD1
CHEMBL1256958,MTRNR2L2
CHEMBL1256958,GHRH
CHEMBL1256958,GNRH2
CHEMBL1256958,F2RL3
CHEMBL1256958,MCHR1
CHEMBL1256958,TAS2R5
CHEMBL1256958,TAS2R4
CHEMBL1256958,TAS2R3
CHEMBL1256958,CCR7
CHEMBL1256958,FFAR1
CHEMBL1256958,FFAR2
CHEMBL1256958,S1PR4
CHEMBL1256958,TAS2R8
CHEMBL1256958,C3
CHEMBL1256958,TAS2R9
CHEMBL1256958,TAS2R10
CHEMBL1256958,PTGER2
CHEMBL1256958,TAS2R7
CHEMBL1256958,IAPP
CHEMBL1256958,KALRN
CHEMBL1256958,MC3R
CHEMBL1256958,GHSR
CHEMBL1256958,NPY
CHEMBL1256958,GNG2
CHEMBL1256958,UTS2
CHEMBL1256958,FPR3
CHEMBL1256958,GNA11
CHEMBL1256958,DRD4
CHEMBL1256958,ADCY2
CHEMBL1256958,GNAI1
CHEMBL1256958,ADRB3
CHEMBL1256958,CCR9
CHEMBL1256958,GRM8
CHEMBL1256958,LPAR6
CHEMBL1256958,QRFP
CHEMBL1256958,CALCB
CHEMBL1256958,C5AR1
CHEMBL1256958,SAA1
CHEMBL1256958,PTGER3
CHEMBL1256958,GIP
CHEMBL1256958,SSTR2
CHEMBL1256958,SSTR4
CHEMBL1256958,PPY
CHEMBL1256958,TAS2R16
CHEMBL1256958,BDKRB1
CHEMBL1256958,KISS1R
CHEMBL1256958,GRM6
CHEMBL1256958,GNRHR
CHEMBL1256958,CXCL6
CHEMBL1256958,C5
CHEMBL1256958,MLNR
CHEMBL1256958,OXT
CHEMBL1256958,PDYN
CHEMBL1256958,PROKR2
CHEMBL1256958,RGS17
CHEMBL1256958,RGS2
CHEMBL1256958,SCT
CHEMBL1256958,P2RY10
CHEMBL1256958,TAS2R42
CHEMBL1256958,GPR132
CHEMBL1256958,RGS19
CHEMBL1256958,RXFP2
CHEMBL1256958,TACR1
CHEMBL1256958,TRH
CHEMBL1256958,PTGDR
CHEMBL1256958,TACR3
CHEMBL1256958,RXFP1
CHEMBL1256958,PTGER4
CHEMBL1256958,TSHR
CHEMBL1256958,MTNR1A
CHEMBL1256958,C3AR1
CHEMBL1256958,PTAFR
CHEMBL1256958,PNOC
CHEMBL1256958,CCR5
CHEMBL1256958,TAC3
CHEMBL1256958,AVPR1A
CHEMBL1256958,GALR1
CHEMBL1256958,FPR1
CHEMBL1256958,PIK3CA
CHEMBL1256958,GPER1
CHEMBL1256958,RGS20
CHEMBL1256958,PTGER1
CHEMBL1256958,HCRT
CHEMBL1256958,CXCL16
CHEMBL1256958,SSTR5
CHEMBL1256958,ADCY9
CHEMBL1256958,LHCGR
CHEMBL1256958,OXGR1
CHEMBL1256958,CCKAR
CHEMBL1256958,CCR2
CHEMBL1256958,PTH2
CHEMBL1256958,APP
CHEMBL1256958,ADCY8
CHEMBL1256958,GNAQ
CHEMBL1256958,CXCL13
CHEMBL1256958,SST
CHEMBL1256958,HTR5A
CHEMBL1256958,HTR6
CHEMBL1256958,CRH
CHEMBL1256958,GNRH1
CHEMBL1256958,SLC18A1
CHEMBL1256958,HTR2C
CHEMBL1256958,NMU
CHEMBL1256958,CXCR5
CHEMBL1256958,POMC
CHEMBL1256958,NPFF
CHEMBL1256958,SSTR1
CHEMBL1256958,GPR65
CHEMBL1256958,PNMT
CHEMBL1256958,PTGIR
CHEMBL1256958,SOD1
CHEMBL1256958,PROK1
CHEMBL1256958,REN
CHEMBL1256958,PTH2R
CHEMBL1256958,ACKR3
CHEMBL1256958,AGTR1
CHEMBL1256958,TAAR1
CHEMBL1256958,GAL
CHEMBL1256958,GRM1
CHEMBL1256958,ADCY1
CHEMBL1256958,CXCL3
CHEMBL1256958,ADCY3
CHEMBL1256958,NTSR2
CHEMBL1256958,P2RY6
CHEMBL1256958,TRHR
CHEMBL1256958,ADCY4
CHEMBL1256958,PROKR1
CHEMBL1256958,CXCR6
CHEMBL1256958,ADORA2B
CHEMBL1256958,P2RY1
CHEMBL1256958,ADCY6
CHEMBL1256958,ADRB2
CHEMBL1256958,S1PR1
CHEMBL1256958,CCL21
CHEMBL1256958,CXCL10
CHEMBL1256958,LRTOMT
CHEMBL1256958,DRD5
CHEMBL1256958,GRM5
CHEMBL1256958,CHRM1
CHEMBL1256958,CXCL8
CHEMBL1256958,ADRA1B
CHEMBL1256958,XCR1
CHEMBL1256958,P2RY2
CHEMBL1256958,CXCL11
CHEMBL1256958,P2RY12
CHEMBL1256958,NMUR1
CHEMBL1256958,CCL27
CHEMBL1256958,NMUR2
CHEMBL1256958,PROK2
CHEMBL1256958,HTR2B
CHEMBL1256958,ANXA1
CHEMBL1256958,CXCL5
CHEMBL1256958,PPBP
CHEMBL1256958,CCR1
CHEMBL1256958,F2RL2
CHEMBL1256958,F2RL1
CHEMBL1256958,SLC29A4
CHEMBL1256958,CXCR1
CHEMBL1256958,GNA15
CHEMBL1256958,OPRK1
CHEMBL1256958,MC4R
CHEMBL1256958,CCL19
CHEMBL1256958,ADORA1
CHEMBL1256958,NMBR
CHEMBL1256958,CHRM3
CHEMBL1256958,GRP
CHEMBL1256958,GLP2R
CHEMBL1256958,VIPR2
CHEMBL1256958,HRH4
CHEMBL1256958,MTNR1B
CHEMBL1256958,GPRC6A
CHEMBL1256958,LTB4R
CHEMBL1256958,PLCB2
CHEMBL1256958,HTR1E
CHEMBL1256958,NPFFR2
CHEMBL1256958,P2RY14
CHEMBL1256958,APLNR
CHEMBL1256958,NTS
CHEMBL1256958,PTH
CHEMBL1256958,GPR17
CHEMBL1256958,MCHR2
CHEMBL1256958,ADCYAP1R1
CHEMBL1256958,PTHLH
CHEMBL1256958,CXCL12
CHEMBL1256958,CXCL1
CHEMBL1256958,CYSLTR2
CHEMBL1256958,ADM2
CHEMBL1256958,RGS4
CHEMBL1256958,TAS2R39
CHEMBL1256958,MC1R
CHEMBL1256958,RGS6
CHEMBL1256958,TAS2R38
CHEMBL1256958,PAH
CHEMBL1256958,HRH1
CHEMBL1256958,TAS2R30
CHEMBL1256958,TAS2R20
CHEMBL1256958,CCR3
CHEMBL1256958,HCAR3
CHEMBL1256958,GNA13
CHEMBL1256958,TAS2R46
CHEMBL1256958,LTB4R2
CHEMBL1256958,TAS2R43
CHEMBL1256958,GPBAR1
CHEMBL1256958,CXCL2
CHEMBL1256958,TAS2R50
CHEMBL1256958,CASR
CHEMBL1256958,ADCY5
CHEMBL1256958,PRH1-TAS2R14
CHEMBL1256958,ADCYAP1
CHEMBL1256958,ARHGEF12
CHEMBL1256958,LINC02210-CRHR1
CHEMBL1256958,PTGDR2
CHEMBL1256958,NPB
CHEMBL1256958,CCR4
CHEMBL1256958,NPY2R
CHEMBL1256958,CCR10
CHEMBL1256958,PMCH
CHEMBL1256958,CALCA
CHEMBL1256958,GAST
CHEMBL1256958,NPBWR1
CHEMBL1256958,XCL1
CHEMBL1256958,EDNRA
CHEMBL1256958,MC2R
CHEMBL1256958,NPS
CHEMBL1256958,XCL2
CHEMBL1256958,TBXA2R
CHEMBL1256958,MLN
CHEMBL1256958,GCG
CHEMBL1256958,CXCR4
CHEMBL1256958,RGS14
CHEMBL1256958,TAS2R40
CHEMBL1256958,TAS2R41
CHEMBL1256958,ADRA2C
CHEMBL1256958,FSHR
CHEMBL1256958,OPRM1
CHEMBL1256958,LPAR2
CHEMBL1256958,GNAT3
CHEMBL1256958,RGS10
CHEMBL1256958,CHRM4
CHEMBL1256958,GCGR
CHEMBL1256958,GRM2
CHEMBL1256958,TAS2R31
CHEMBL1256958,TAS2R19
CHEMBL1256958,CCL25
CHEMBL1256958,HCAR2
CHEMBL1256958,DRD3
CHEMBL1256958,CHRM5
CHEMBL1256958,TAS2R1
CHEMBL1256958,ADRA1A
CHEMBL1256958,AVP
CHEMBL1256958,GRPR
CHEMBL1256958,ADRA1D
CHEMBL1256958,EDN1
CHEMBL1256958,TAS2R13
CHEMBL1256958,HTR2A
CHEMBL1256958,MAOB
CHEMBL1256958,HRH2
CHEMBL1256958,EDNRB
CHEMBL1256958,NMS
CHEMBL1256958,RXFP4
CHEMBL1256958,GNAI2
CHEMBL1256958,ARHGEF25
CHEMBL1256958,GPR68
CHEMBL1256958,NPFFR1
CHEMBL1256958,ADM
CHEMBL1256958,PLCB3
CHEMBL1256958,ADRA2A
CHEMBL1256958,OXER1
CHEMBL1256958,GPR55
CHEMBL1256958,GRK2
CHEMBL1256958,GNA14
CHEMBL1256958,NMB
CHEMBL1256958,QRFPR
CHEMBL1256958,GRM4
CHEMBL1256958,HCRTR1
CHEMBL1256958,CXCR3
CHEMBL1256958,TACR2
CHEMBL1256958,CYSLTR1
CHEMBL1256958,GLP1R
CHEMBL1256958,EDN2
CHEMBL1256958,AGTR2
CHEMBL1256958,NPY4R
CHEMBL1256958,GNAS
CHEMBL1256958,OPN4
CHEMBL1256958,LPAR3
CHEMBL1256958,P2RY4
CHEMBL1256958,CNR2
CHEMBL1256958,HCRTR2
CHEMBL1256958,PTGFR
CHEMBL1256958,GRK5
CHEMBL1256958,CNR1
CHEMBL1256958,ADRB1
CHEMBL1256958,NPBWR2
CHEMBL1256958,GNAI3
CHEMBL1256958,HTR1B
CHEMBL1256958,NTSR1
CHEMBL1256958,TMIGD3
CHEMBL1257015,TBXA2R
CHEMBL1257015,PPBP
CHEMBL126224,HRH1
CHEMBL1342,ALDH5A1
CHEMBL1342,ADHFE1
CHEMBL134342,NOS3
CHEMBL134342,PNP
CHEMBL134342,LIAS
CHEMBL134342,SLC5A6
CHEMBL1358,AR
CHEMBL1358,ESR1
CHEMBL1358,CCND1
CHEMBL1358,ESR2
CHEMBL1358,RB1
CHEMBL1358,PGR
CHEMBL1358,PRL
CHEMBL1358,TFF1
CHEMBL1358,BCL2
CHEMBL1396,CHRNA4
CHEMBL1396,CHRFAM7A
CHEMBL1396,CHRNB2
CHEMBL1396,CHRNA3
CHEMBL1396,CHRNA6
CHEMBL14053,ALDH3B2
CHEMBL14053,ALDH1A3
CHEMBL14053,CYP2E1
CHEMBL14053,ALDH3A1
CHEMBL1411979,HRH1
CHEMBL1429,AVPR2
CHEMBL15023,SIGMAR1
CHEMBL1565476,ALB
CHEMBL1567,KDR
CHEMBL157101,CYP51A1
CHEMBL157101,CYP3A4
CHEMBL1607,TOP1MT
CHEMBL1607,CASP3
CHEMBL1607,HIF1A
CHEMBL1607,ABCB1
CHEMBL1607,TOP1
CHEMBL1607,ABCG2
CHEMBL1616046,MPO
CHEMBL1628227,HRH1
CHEMBL1637,PARP1
CHEMBL1637,DCK
CHEMBL1637,TK2
CHEMBL1637,EGFR
CHEMBL1637,RRM1
CHEMBL1637,SLC29A1
CHEMBL1637,DCTD
CHEMBL1637,TYMS
CHEMBL1637,BCL2
CHEMBL1637,RRM2
CHEMBL1637,CASP3
CHEMBL167150,BCHE
CHEMBL1675,RBP2
CHEMBL1675,APOA4
CHEMBL1675,AKR1B10
CHEMBL1675,LRAT
CHEMBL1675,APOA2
CHEMBL1675,MYO7A
CHEMBL1675,GPC3
CHEMBL1675,CES1
CHEMBL1675,GPC6
CHEMBL1675,PNPLA4
CHEMBL1675,GPC5
CHEMBL1675,HSPG2
CHEMBL1675,LRP8
CHEMBL1675,PNLIP
CHEMBL1675,SDC4
CHEMBL1675,RBP1
CHEMBL1675,GPC4
CHEMBL1675,RDH11
CHEMBL1675,APOB
CHEMBL1675,AWAT2
CHEMBL1675,LRP1
CHEMBL1675,APOC3
CHEMBL1675,LDLR
CHEMBL1675,AGRN
CHEMBL1675,CES5A
CHEMBL1675,SDC3
CHEMBL1675,CES4A
CHEMBL1675,APOA1
CHEMBL1675,PLB1
CHEMBL1675,DGAT1
CHEMBL1675,SDC2
CHEMBL1675,GPC2
CHEMBL1675,GPC1
CHEMBL1675,RPE65
CHEMBL1675,CLPS
CHEMBL1675,SDC1
CHEMBL1675,APOE
CHEMBL1675,CES2
CHEMBL1697717,HSD11B1
CHEMBL1697717,NR3C1
CHEMBL1697717,HSD11B2
CHEMBL1729,HTR4
CHEMBL1729,HTR2C
CHEMBL1729,HTR2A
CHEMBL1729,KCNH2
CHEMBL1729,HTR3A
CHEMBL1729,CYP3A4
CHEMBL1729,HTR2B
CHEMBL1740513,RAD23B
CHEMBL177367,SAA1
CHEMBL187709,DHCR7
CHEMBL1909072,ADRA1D
CHEMBL2079699,PTPN6
CHEMBL2104445,HDC
CHEMBL2104993,HTR3A
CHEMBL2104993,SLC6A4
CHEMBL2105722,PGR
CHEMBL2107297,OPRD1
CHEMBL2107297,OPRM1
CHEMBL2107386,F2R
CHEMBL2108780,PCK1
CHEMBL2108780,CALM2
CHEMBL2108780,GAPDHS
CHEMBL2108780,CAT
CHEMBL2108780,ADH4
CHEMBL2108780,TTC5
CHEMBL2108780,UMPS
CHEMBL2108780,HEXB
CHEMBL2108780,PAICS
CHEMBL2108780,CLPP
CHEMBL2108780,SYN3
CHEMBL2108780,BBOX1
CHEMBL2108780,PFKFB3
CHEMBL2108780,GALE
CHEMBL2108780,POLH
CHEMBL2108780,HOGA1
CHEMBL2108780,FDPS
CHEMBL2108780,PARK7
CHEMBL2108780,RNASEH1
CHEMBL2108780,MAT2A
CHEMBL2108780,ALB
CHEMBL2108780,EPHX2
CHEMBL2108780,GNE
CHEMBL2108866,GANC
CHEMBL2108986,OXTR
CHEMBL2108986,AVPR2
CHEMBL2108986,AVPR1B
CHEMBL2108986,AVPR1A
CHEMBL2142890,OTC
CHEMBL2142890,NAGS
CHEMBL2142890,CPS1
CHEMBL2220442,APOB
CHEMBL2220442,HMGCR
CHEMBL2220442,F3
CHEMBL2220442,CYP2C8
CHEMBL2220442,RHOA
CHEMBL2220442,LDLR
CHEMBL2220442,NOS3
CHEMBL2220442,SELP
CHEMBL2220442,CYBA
CHEMBL2220442,CYP2C9
CHEMBL2220442,APOE
CHEMBL2220442,APOA1
CHEMBL2220442,SERPINE1
CHEMBL2220442,ICAM1
CHEMBL2311071,TP53
CHEMBL2311071,CYP2E1
CHEMBL252556,NGF
CHEMBL256087,TRPM8
CHEMBL256087,TRPV3
CHEMBL256087,TRPA1
CHEMBL266481,GLP1R
CHEMBL266481,GCGR
CHEMBL27193,ADRB2
CHEMBL279816,GSTT2B
CHEMBL279816,CYP1A1
CHEMBL279816,CYP1A2
CHEMBL279816,CYP2E1
CHEMBL279816,GSTM5
CHEMBL279816,GSTM3
CHEMBL279816,MGST2
CHEMBL279816,GSTA3
CHEMBL279816,GSTA5
CHEMBL279816,GSTM1
CHEMBL279816,MGST1
CHEMBL279816,GSTK1
CHEMBL279816,GSTO2
CHEMBL279816,MGST3
CHEMBL279816,GSTO1
CHEMBL279816,GSTM4
CHEMBL279816,GSTA4
CHEMBL279816,GSTP1
CHEMBL279816,GSTA2
CHEMBL279816,GSTA1
CHEMBL279816,GSTM2
CHEMBL282042,CYP3A5
CHEMBL282042,ABCB1
CHEMBL282042,CYP3A4
CHEMBL306043,CRP
CHEMBL316561,GAST
CHEMBL316561,CCK
CHEMBL316561,PPY
CHEMBL325109,DRD4
CHEMBL325109,DRD2
CHEMBL33986,OPRD1
CHEMBL33986,OPRK1
CHEMBL33986,OPRM1
CHEMBL344159,AVPR1A
CHEMBL344159,AVPR2
CHEMBL3544971,SLC6A2
CHEMBL3544971,SLC6A3
CHEMBL3544971,TAAR1
CHEMBL3544971,MAOA
CHEMBL360055,BCHE
CHEMBL364713,TMIGD3
CHEMBL364713,CNR1
CHEMBL364713,RGS10
CHEMBL364713,RXFP4
CHEMBL364713,RGS18
CHEMBL364713,RGS1
CHEMBL364713,AGT
CHEMBL364713,RGS7
CHEMBL364713,GRM3
CHEMBL364713,LPAR3
CHEMBL364713,RGS19
CHEMBL364713,TAS2R13
CHEMBL364713,GRM2
CHEMBL364713,MTRNR2L2
CHEMBL364713,RGS6
CHEMBL364713,TAS2R38
CHEMBL364713,TAS2R30
CHEMBL364713,PRH1-TAS2R14
CHEMBL364713,TAS2R20
CHEMBL364713,NPBWR2
CHEMBL364713,GNAI3
CHEMBL364713,HTR1B
CHEMBL364713,AGTR2
CHEMBL364713,NMU
CHEMBL364713,ADCY3
CHEMBL364713,CCL27
CHEMBL364713,CXCL13
CHEMBL364713,PTGDR2
CHEMBL364713,RGS14
CHEMBL364713,TAS2R42
CHEMBL364713,TAS2R19
CHEMBL364713,CCL25
CHEMBL364713,CCR3
CHEMBL364713,HCAR2
CHEMBL364713,TAS2R1
CHEMBL364713,OXER1
CHEMBL364713,NMS
CHEMBL364713,P2RY4
CHEMBL364713,CNR2
CHEMBL364713,NPY4R
CHEMBL364713,GRM4
CHEMBL364713,CXCR3
CHEMBL364713,TAS2R31
CHEMBL364713,DRD3
CHEMBL364713,HCAR3
CHEMBL364713,OPRK1
CHEMBL364713,TAS2R43
CHEMBL364713,FPR2
CHEMBL364713,FPR3
CHEMBL364713,GNG2
CHEMBL364713,ADCY2
CHEMBL364713,GNAI1
CHEMBL364713,GPR18
CHEMBL364713,GRM8
CHEMBL364713,HRH3
CHEMBL364713,SAA1
CHEMBL364713,PTGER3
CHEMBL364713,SSTR2
CHEMBL364713,CCR9
CHEMBL364713,GRM7
CHEMBL364713,S1PR3
CHEMBL364713,CCL20
CHEMBL364713,LPAR1
CHEMBL364713,PYY
CHEMBL364713,C5AR1
CHEMBL364713,CCL28
CHEMBL364713,CCR6
CHEMBL364713,NPY5R
CHEMBL364713,OPRL1
CHEMBL364713,DRD2
CHEMBL364713,CXCL2
CHEMBL364713,TAS2R50
CHEMBL364713,GPR55
CHEMBL364713,CASR
CHEMBL364713,CHRM4
CHEMBL364713,TAS2R39
CHEMBL364713,RGS4
CHEMBL364713,OPRM1
CHEMBL364713,CXCR4
CHEMBL364713,TAS2R46
CHEMBL364713,TAS2R40
CHEMBL364713,ADRA2C
CHEMBL364713,LPAR2
CHEMBL364713,GNAT3
CHEMBL364713,CXCL12
CHEMBL364713,CXCL1
CHEMBL364713,ADCY5
CHEMBL364713,CXCL9
CHEMBL364713,SUCNR1
CHEMBL364713,NPY1R
CHEMBL364713,TAS2R41
CHEMBL364713,GAL
CHEMBL364713,POMC
CHEMBL364713,GPR17
CHEMBL364713,CXCL8
CHEMBL364713,PENK
CHEMBL364713,CCR8
CHEMBL364713,NMUR1
CHEMBL364713,CXCL10
CHEMBL364713,S1PR1
CHEMBL364713,CXCR6
CHEMBL364713,MTNR1A
CHEMBL364713,FPR1
CHEMBL364713,C3AR1
CHEMBL364713,PNOC
CHEMBL364713,CXCL11
CHEMBL364713,HTR1F
CHEMBL364713,HTR5A
CHEMBL364713,ADCY1
CHEMBL364713,HRH4
CHEMBL364713,NMUR2
CHEMBL364713,SSTR4
CHEMBL364713,ADCY7
CHEMBL364713,P2RY12
CHEMBL364713,TAS2R60
CHEMBL364713,HTR1E
CHEMBL364713,P2RY14
CHEMBL364713,NPY2R
CHEMBL364713,CCR10
CHEMBL364713,PMCH
CHEMBL364713,NPBWR1
CHEMBL364713,CCR4
CHEMBL364713,GALR2
CHEMBL364713,RXFP3
CHEMBL364713,S1PR5
CHEMBL364713,LPAR5
CHEMBL364713,TAS2R16
CHEMBL364713,NPW
CHEMBL364713,GALR1
CHEMBL364713,CHRM2
CHEMBL364713,CXCR2
CHEMBL364713,HTR1A
CHEMBL364713,GNAI2
CHEMBL364713,ADCY4
CHEMBL364713,ADCY6
CHEMBL364713,CCL19
CHEMBL364713,ADORA1
CHEMBL364713,OXGR1
CHEMBL364713,GALR3
CHEMBL364713,P2RY13
CHEMBL364713,TAS2R5
CHEMBL364713,CCR1
CHEMBL364713,CXCL5
CHEMBL364713,CXCL3
CHEMBL364713,CXCR1
CHEMBL364713,ADCY9
CHEMBL364713,SSTR5
CHEMBL364713,CXCL16
CHEMBL364713,CCR5
CHEMBL364713,CCR2
CHEMBL364713,RGS20
CHEMBL364713,CXCR5
CHEMBL364713,GPER1
CHEMBL364713,SST
CHEMBL364713,ADCY8
CHEMBL364713,APP
CHEMBL364713,MCHR2
CHEMBL364713,ADRA2A
CHEMBL364713,SSTR1
CHEMBL364713,ACKR3
CHEMBL364713,MCHR1
CHEMBL364713,NPB
CHEMBL364713,CCL21
CHEMBL364713,PPBP
CHEMBL364713,APLNR
CHEMBL364713,TAS2R4
CHEMBL364713,TAS2R3
CHEMBL364713,CCR7
CHEMBL364713,S1PR4
CHEMBL364713,C3
CHEMBL364713,NPY
CHEMBL364713,TAS2R9
CHEMBL364713,TAS2R7
CHEMBL364713,ANXA1
CHEMBL364713,TAS2R8
CHEMBL364713,OPRD1
CHEMBL364713,TAS2R10
CHEMBL364713,CXCL6
CHEMBL364713,MTNR1B
CHEMBL364713,PPY
CHEMBL364713,C5
CHEMBL364713,PDYN
CHEMBL364713,BDKRB1
CHEMBL364713,DRD4
CHEMBL364713,HEBP1
CHEMBL364713,GRM6
CHEMBL382301,AVPR1A
CHEMBL382301,OXTR
CHEMBL393220,APOE
CHEMBL393220,CCL2
CHEMBL393220,CETP
CHEMBL393220,PON1
CHEMBL393220,SERPINE1
CHEMBL393220,APOB
CHEMBL393220,CD40LG
CHEMBL393220,VCAM1
CHEMBL393220,APOA1
CHEMBL393220,RHOA
CHEMBL393220,SLCO1B1
CHEMBL393220,CRP
CHEMBL393220,NOS3
CHEMBL393220,CYP3A4
CHEMBL393220,MTTP
CHEMBL393220,HMGCR
CHEMBL393220,IL6
CHEMBL393220,LDLR
CHEMBL395429,OXTR
CHEMBL3989510,SIGMAR1
CHEMBL3989510,OPRD1
CHEMBL3989510,OPRK1
CHEMBL3989510,OPRM1
CHEMBL414804,SLC22A2
CHEMBL43064,DRD2
CHEMBL43064,HRH1
CHEMBL434200,HTR1A
CHEMBL434200,ADRB1
CHEMBL444186,TOP2A
CHEMBL444186,DPYS
CHEMBL444186,TOP2B
CHEMBL44618,KCNK2
CHEMBL44618,KCNH2
CHEMBL44618,CYP2E1
CHEMBL457299,POLH
CHEMBL457299,EPHX2
CHEMBL457299,GNE
CHEMBL457299,PARK7
CHEMBL457299,GALE
CHEMBL457299,SYN3
CHEMBL457299,PCK1
CHEMBL457299,RNASEH1
CHEMBL457299,MAT2A
CHEMBL457299,ALB
CHEMBL457299,CALM2
CHEMBL457299,HEXB
CHEMBL457299,PFKFB3
CHEMBL457299,FDPS
CHEMBL457299,GAPDHS
CHEMBL457299,ADH4
CHEMBL457299,CAT
CHEMBL457299,CLPP
CHEMBL457299,UMPS
CHEMBL457299,BBOX1
CHEMBL457299,HOGA1
CHEMBL457299,PAICS
CHEMBL457299,TTC5
CHEMBL462605,HRH3
CHEMBL464,CRABP1
CHEMBL464,FLG
CHEMBL464,KRT16
CHEMBL464982,GCG
CHEMBL464982,FADS2
CHEMBL464982,PCSK1
CHEMBL464982,FFAR4
CHEMBL46917,CYP1A1
CHEMBL485253,ADRA2C
CHEMBL485253,HTR2B
CHEMBL485253,HTR2C
CHEMBL485253,ADRA2A
CHEMBL485253,HTR2A
CHEMBL485253,HTR1B
CHEMBL485253,HTR7
CHEMBL485253,HTR1F
CHEMBL485253,HTR1A
CHEMBL485253,HTR1E
CHEMBL485253,HTR6
CHEMBL485253,HTR5A
CHEMBL485253,ADCY10
CHEMBL495,PTGER2
CHEMBL495,AVP
CHEMBL495,GNAS
CHEMBL495,SLCO2A1
CHEMBL495,PTGER1
CHEMBL495,CBR1
CHEMBL502135,AKR1B1
CHEMBL502135,DHDH
CHEMBL502135,AKR1B10
CHEMBL504760,PPY
CHEMBL504760,TAS2R60
CHEMBL504760,CASR
CHEMBL504760,CCR8
CHEMBL504760,PENK
CHEMBL504760,TAS2R50
CHEMBL504760,HTR1F
CHEMBL504760,P2RY13
CHEMBL504760,CXCL2
CHEMBL504760,CHRM2
CHEMBL504760,LPAR5
CHEMBL504760,TAS2R43
CHEMBL504760,HTR1A
CHEMBL504760,MTRNR2L2
CHEMBL504760,TRPV3
CHEMBL504760,ADCY4
CHEMBL504760,ADCY6
CHEMBL504760,RGS6
CHEMBL504760,TAS2R38
CHEMBL504760,TAS2R30
CHEMBL504760,CXCR2
CHEMBL504760,TAS2R40
CHEMBL504760,CNR1
CHEMBL504760,ADCY2
CHEMBL504760,GRM4
CHEMBL504760,CXCR3
CHEMBL504760,AGTR2
CHEMBL504760,LPAR3
CHEMBL504760,HTR1B
CHEMBL504760,GNAI3
CHEMBL504760,NPBWR2
CHEMBL504760,NPY1R
CHEMBL504760,TMIGD3
CHEMBL504760,HRH3
CHEMBL504760,RGS10
CHEMBL504760,RGS18
CHEMBL504760,RGS1
CHEMBL504760,DRD3
CHEMBL504760,HCAR2
CHEMBL504760,AGT
CHEMBL504760,RGS7
CHEMBL504760,GRM3
CHEMBL504760,SUCNR1
CHEMBL504760,CXCL9
CHEMBL504760,RXFP4
CHEMBL504760,TAS2R1
CHEMBL504760,P2RY14
CHEMBL504760,ADORA1
CHEMBL504760,PMCH
CHEMBL504760,NPBWR1
CHEMBL504760,CHRM4
CHEMBL504760,NPW
CHEMBL504760,GALR2
CHEMBL504760,NPY
CHEMBL504760,P2RY12
CHEMBL504760,TAS2R9
CHEMBL504760,HCAR3
CHEMBL504760,CCR10
CHEMBL504760,TAS2R10
CHEMBL504760,HEBP1
CHEMBL504760,BDKRB1
CHEMBL504760,PDYN
CHEMBL504760,C5
CHEMBL504760,DRD4
CHEMBL504760,CXCL6
CHEMBL504760,GRM6
CHEMBL504760,OPRD1
CHEMBL504760,TAS2R8
CHEMBL504760,TAS2R7
CHEMBL504760,CCL19
CHEMBL504760,NPY2R
CHEMBL504760,NPB
CHEMBL504760,GNAI2
CHEMBL504760,ADCY5
CHEMBL504760,S1PR5
CHEMBL504760,RXFP3
CHEMBL504760,FPR3
CHEMBL504760,CYB5A
CHEMBL504760,RGS14
CHEMBL504760,FPR2
CHEMBL504760,CCR6
CHEMBL504760,CCR4
CHEMBL504760,CXCR4
CHEMBL504760,OPRL1
CHEMBL504760,OPRM1
CHEMBL504760,GNG2
CHEMBL504760,TAS2R42
CHEMBL504760,RGS4
CHEMBL504760,RGS19
CHEMBL504760,PTGDR2
CHEMBL504760,NPY4R
CHEMBL504760,TAS2R39
CHEMBL504760,NPY5R
CHEMBL504760,CNR2
CHEMBL504760,TAS2R16
CHEMBL504760,NMS
CHEMBL504760,NMUR2
CHEMBL504760,ADCY7
CHEMBL504760,GALR3
CHEMBL504760,MCHR1
CHEMBL504760,TAS2R5
CHEMBL504760,TAS2R4
CHEMBL504760,TAS2R3
CHEMBL504760,CCR7
CHEMBL504760,S1PR4
CHEMBL504760,GAL
CHEMBL504760,C3
CHEMBL504760,SSTR1
CHEMBL504760,GPR17
CHEMBL504760,ACKR3
CHEMBL504760,OXGR1
CHEMBL504760,TAS2R46
CHEMBL504760,GPER1
CHEMBL504760,ADCY1
CHEMBL504760,CCR1
CHEMBL504760,PPBP
CHEMBL504760,SSTR4
CHEMBL504760,CXCL8
CHEMBL504760,HRH4
CHEMBL504760,APLNR
CHEMBL504760,P2RY4
CHEMBL504760,FPR1
CHEMBL504760,MTNR1A
CHEMBL504760,PRH1-TAS2R14
CHEMBL504760,CXCR6
CHEMBL504760,S1PR1
CHEMBL504760,TAS2R20
CHEMBL504760,CXCL10
CHEMBL504760,CCR3
CHEMBL504760,MTNR1B
CHEMBL504760,NMUR1
CHEMBL504760,CXCL5
CHEMBL504760,GALR1
CHEMBL504760,OPRK1
CHEMBL504760,POMC
CHEMBL504760,NMU
CHEMBL504760,ADCY3
CHEMBL504760,CCL27
CHEMBL504760,CCL21
CHEMBL504760,ANXA1
CHEMBL504760,C3AR1
CHEMBL504760,CXCL3
CHEMBL504760,RGS20
CHEMBL504760,ADCY9
CHEMBL504760,CCR9
CHEMBL504760,CXCR1
CHEMBL504760,GPR55
CHEMBL504760,CCL28
CHEMBL504760,PTGER3
CHEMBL504760,GRM2
CHEMBL504760,C5AR1
CHEMBL504760,GRM8
CHEMBL504760,CXCL1
CHEMBL504760,TAS2R13
CHEMBL504760,GPR18
CHEMBL504760,GNAT3
CHEMBL504760,GNAI1
CHEMBL504760,TRPV1
CHEMBL504760,LPAR2
CHEMBL504760,ADRA2C
CHEMBL504760,SAA1
CHEMBL504760,TAS2R41
CHEMBL504760,CCL25
CHEMBL504760,DRD2
CHEMBL504760,CXCL12
CHEMBL504760,GRM7
CHEMBL504760,SSTR2
CHEMBL504760,TAS2R31
CHEMBL504760,SSTR5
CHEMBL504760,CXCL16
CHEMBL504760,CCR5
CHEMBL504760,CCR2
CHEMBL504760,CXCR5
CHEMBL504760,S1PR3
CHEMBL504760,SST
CHEMBL504760,CXCL13
CHEMBL504760,ADCY8
CHEMBL504760,APP
CHEMBL504760,HTR5A
CHEMBL504760,ADRA2A
CHEMBL504760,MCHR2
CHEMBL504760,LPAR1
CHEMBL504760,TAS2R19
CHEMBL504760,PYY
CHEMBL504760,CCL20
CHEMBL504760,OXER1
CHEMBL504760,CXCL11
CHEMBL504760,PNOC
CHEMBL504760,HTR1E
CHEMBL539697,F2
CHEMBL557555,APOA1
CHEMBL557555,APOB
CHEMBL557555,CAT
CHEMBL557555,PPARA
CHEMBL557555,ACOX1
CHEMBL557555,CRAT
CHEMBL557555,EHHADH
CHEMBL590540,SLC7A11
CHEMBL590540,SLC3A1
CHEMBL590540,SLC7A9
CHEMBL590540,SLC3A2
CHEMBL64391,ABCB1
CHEMBL64391,CYP3A5
CHEMBL64391,CYP51A1
CHEMBL64391,CYP3A4
CHEMBL681,CYP11B2
CHEMBL786,FMO3
CHEMBL786,FMO4
CHEMBL786,CTSD
CHEMBL786,ERBB3
CHEMBL786,NCOR1
CHEMBL786,FMO1
CHEMBL786,NCOR2
CHEMBL786,ERBB2
CHEMBL786,GPER1
CHEMBL786,BGLAP
CHEMBL786,CCND1
CHEMBL786,PRKCA
CHEMBL786,ARTN
CHEMBL786,PTPRO
CHEMBL786,AKT1
CHEMBL786,ODC1
CHEMBL786,EBP
CHEMBL786,TGFA
CHEMBL786,NCOA3
CHEMBL786,UGT1A4
CHEMBL786,FMO5
CHEMBL786,PGR
CHEMBL786,TGFB1
CHEMBL786,PRL
CHEMBL786,IGFBP5
CHEMBL786,ABCB1
CHEMBL786,CYP2C9
CHEMBL786,VEGFA
CHEMBL786,FMO2
CHEMBL786,ABCG2
CHEMBL786,WT1
CHEMBL786,PARP1
CHEMBL786,CYP3A4
CHEMBL786,FOXM1
CHEMBL786,ESR2
CHEMBL786,SHBG
CHEMBL786,MYC
CHEMBL786,BCL2
CHEMBL786,ESR1
CHEMBL87708,SLC6A4
CHEMBL902,HRH2
CHEMBL908,HRH1
CHEMBL908,DRD2
CHEMBL938,REN
CHEMBL938,AGTR1
CHEMBL938,AGTR2
CHEMBL982,OPRM1
CHEMBL982,OPRD1
CHEMBL982,OPRK1
DB00001,F2
DB00002,FCGR2C
DB00002,FCGR2B
DB00002,FCGR2A
DB00002,FCGR3A
DB00002,C1QC
DB00002,C1QB
DB00002,C1QA
DB00002,C1R
DB00002,C1S
DB00002,FCGR3B
DB00002,FCGR1A
DB00002,EGFR
DB00004,IL2RG
DB00004,IL2RA
DB00004,IL2RB
DB00005,FCGR2A
DB00005,FCGR3A
DB00005,C1QC
DB00005,LTA
DB00005,TNFRSF1B
DB00005,TNF
DB00005,C1QA
DB00005,FCGR1A
DB00005,C1R
DB00005,FCGR2B
DB00005,FCGR3B
DB00005,C1QB
DB00005,C1S
DB00005,FCGR2C
DB00006,F2
DB00007,GNRHR
DB00008,IFNAR2
DB00008,IFNAR1
DB00009,FGA
DB00009,PLG
DB00009,PLAUR
DB00009,SERPINE1
DB00010,GHRHR
DB00011,IFNAR1
DB00011,IFNAR2
DB00012,EPOR
DB00013,LRP2
DB00013,PLAUR
DB00013,SERPINE1
DB00013,SERPINB2
DB00013,PLAU
DB00013,PLG
DB00013,ST14
DB00013,PLAT
DB00013,NID1
DB00013,SERPINA5
DB00014,LHCGR
DB00014,GNRHR
DB00015,PLG
DB00015,FGA
DB00015,SERPINE1
DB00015,PLAUR
DB00016,EPOR
DB00017,CALCR
DB00018,IFNAR2
DB00018,IFNAR1
DB00019,CSF3R
DB00019,ELANE
DB00020,SDC2
DB00020,CSF2RB
DB00020,PRG2
DB00020,IL3RA
DB00020,CSF2RA
DB00022,IFNAR1
DB00022,IFNAR2
DB00024,TSHR
DB00025,LMAN1
DB00025,MCFD2
DB00025,CANX
DB00025,VWF
DB00025,HSPA5
DB00025,CALR
DB00025,PHYH
DB00025,ASGR2
DB00025,F9
DB00025,LRP1
DB00025,F10
DB00026,IL1R1
DB00028,FCGR2B
DB00028,FCGR3A
DB00028,FCGR3B
DB00028,FCGR1A
DB00028,FCGR2A
DB00028,FCGR2C
DB00028,C3
DB00028,C5
DB00029,FGA
DB00029,SERPINE1
DB00029,PLG
DB00029,PLAUR
DB00030,CTSD
DB00030,INSR
DB00030,IDE
DB00030,CPE
DB00030,IGF1R
DB00030,RB1
DB00030,CCN3
DB00030,PCSK2
DB00030,PCSK1
DB00030,IGFBP7
DB00030,SYTL4
DB00030,LRP2
DB00031,FGA
DB00031,LRP1
DB00031,CALR
DB00031,PLAUR
DB00031,CANX
DB00031,PLG
DB00031,SERPINE1
DB00031,SERPINB2
DB00031,CLEC3B
DB00031,KRT8
DB00031,ANXA2
DB00032,FSHR
DB00032,LHCGR
DB00033,IFNGR1
DB00033,IFNGR2
DB00034,IFNAR2
DB00034,IFNAR1
DB00036,GGCX
DB00036,F10
DB00036,HPN
DB00036,TFPI
DB00036,F7
DB00036,F3
DB00038,IL11RA
DB00039,FGFR4
DB00039,FGFR2
DB00039,FGFR3
DB00039,FGFR1
DB00039,NRP1
DB00039,HSPG2
DB00041,IL2RB
DB00041,IL2RA
DB00041,IL2RG
DB00042,SYT2
DB00042,VAMP2
DB00042,VAMP1
DB00043,MS4A2
DB00043,FCER1A
DB00044,LHCGR
DB00045,TLR2
DB00046,INSR
DB00046,IGF1R
DB00047,INSR
DB00047,IGF1R
DB00048,COL2A1
DB00048,COL1A2
DB00048,COL1A1
DB00048,COL3A1
DB00050,GNRHR
DB00050,LHCGR
DB00051,TNF
DB00051,C1QB
DB00051,FCGR3A
DB00051,FCGR2A
DB00051,FCGR2B
DB00051,C1QA
DB00051,C1R
DB00051,FCGR2C
DB00051,FCGR3B
DB00051,C1QC
DB00051,C1S
DB00051,FCGR1A
DB00052,PRLR
DB00052,GHR
DB00054,FCGR1A
DB00054,C1QC
DB00054,ITGB3
DB00054,C1S
DB00054,C1QB
DB00054,FCGR3B
DB00054,ITGA2B
DB00054,FCGR2A
DB00054,VTN
DB00054,FCGR2B
DB00054,FCGR3A
DB00054,C1R
DB00054,C1QA
DB00054,FCGR2C
DB00055,PF4
DB00055,SERPINE1
DB00055,THBD
DB00055,PROCR
DB00055,CP
DB00055,SERPINB6
DB00055,PROS1
DB00055,SERPINA5
DB00055,F2
DB00055,GGCX
DB00055,F8
DB00055,F5
DB00056,C1QA
DB00056,FCGR1A
DB00056,FCGR2C
DB00056,FCGR2A
DB00056,C1QB
DB00056,C1R
DB00056,FCGR3A
DB00056,C1S
DB00056,C1QC
DB00056,CD33
DB00056,FCGR2B
DB00056,FCGR3B
DB00058,ELANE
DB00060,IFNAR1
DB00060,IFNAR2
DB00061,GRB2
DB00062,AMBP
DB00062,SAA1
DB00062,APOE
DB00065,TNF
DB00066,FSHR
DB00067,AVPR1A
DB00067,AVPR1B
DB00067,AVPR2
DB00068,IFNAR1
DB00068,IFNAR2
DB00069,IFNAR1
DB00069,IFNAR2
DB00070,TGFB1
DB00071,CCN3
DB00071,IGFBP7
DB00071,PCSK2
DB00071,RB1
DB00071,CTSD
DB00071,SYTL4
DB00071,INSR
DB00071,CPE
DB00071,PCSK1
DB00071,LRP2
DB00071,IGF1R
DB00071,HLA-DQA2
DB00071,HLA-DQA1
DB00071,IDE
DB00072,FCGR3A
DB00072,FCGR3B
DB00072,C1QA
DB00072,EGFR
DB00072,FCGR1A
DB00072,FCGR2A
DB00072,C1QB
DB00072,C1QC
DB00072,FCGR2C
DB00072,FCGR2B
DB00072,C1S
DB00072,C1R
DB00072,ERBB2
DB00073,FCGR2C
DB00073,FCGR1A
DB00073,C1S
DB00073,MS4A1
DB00073,C1QC
DB00073,FCGR3B
DB00073,C1QA
DB00073,C1QB
DB00073,FCGR2B
DB00073,C1R
DB00073,FCGR2A
DB00073,FCGR3A
DB00074,C1S
DB00074,IL2RB
DB00074,C1QB
DB00074,FCGR2C
DB00074,FCGR2A
DB00074,FCGR3A
DB00074,FCGR2B
DB00074,C1QA
DB00074,FCGR3B
DB00074,C1R
DB00074,FCGR1A
DB00074,C1QC
DB00074,IL2RA
DB00075,C1R
DB00075,CD3G
DB00075,CD3D
DB00075,FCGR3B
DB00075,FCGR2A
DB00075,C1S
DB00075,CD247
DB00075,C1QA
DB00075,CD3E
DB00075,FCGR3A
DB00075,C1QB
DB00075,FCGR1A
DB00075,FCGR2C
DB00075,C1QC
DB00075,FCGR2B
DB00078,C1R
DB00078,FCGR2B
DB00078,FCGR2A
DB00078,MS4A1
DB00078,FCGR1A
DB00078,C1S
DB00078,C1QA
DB00078,C1QB
DB00078,FCGR3A
DB00078,FCGR2C
DB00078,C1QC
DB00078,FCGR3B
DB00081,MS4A1
DB00081,C1QB
DB00081,FCGR1A
DB00081,FCGR2A
DB00081,C1QC
DB00081,FCGR3A
DB00081,C1R
DB00081,C1QA
DB00081,FCGR2B
DB00081,FCGR3B
DB00081,FCGR2C
DB00082,GHR
DB00083,SNAP25
DB00083,RHOB
DB00086,PLG
DB00086,F2R
DB00087,FCGR3A
DB00087,FCGR2A
DB00087,FCGR3B
DB00087,C1QA
DB00087,C1R
DB00087,C1QB
DB00087,FCGR1A
DB00087,C1QC
DB00087,CD52
DB00087,FCGR2B
DB00087,FCGR2C
DB00089,FOLH1
DB00091,CAMLG
DB00091,PPIA
DB00091,PPP3CB
DB00091,NFATC3
DB00091,PPP3R1
DB00091,NFATC2
DB00091,NFATC1
DB00091,PPP3CA
DB00091,PPP3R2
DB00091,PPIF
DB00092,FCGR2B
DB00092,FCGR1A
DB00092,C1R
DB00092,FCGR3A
DB00092,FCGR2A
DB00092,CD2
DB00092,C1QA
DB00092,FCGR3B
DB00092,C1QB
DB00092,C1QC
DB00092,FCGR2C
DB00094,FSHR
DB00095,FCGR2A
DB00095,FCGR1A
DB00095,C1QA
DB00095,FCGR2B
DB00095,FCGR3B
DB00095,C1R
DB00095,ITGAL
DB00095,C1QC
DB00095,FCGR3A
DB00095,C1QB
DB00095,FCGR2C
DB00097,FSHR
DB00097,LHCGR
DB00098,CD86
DB00098,CD1A
DB00098,ITGAL
DB00098,CD4
DB00098,FCGR2B
DB00098,ITGB3
DB00098,MR1
DB00098,ITGB1
DB00098,ITGAV
DB00099,ELANE
DB00099,CSF3R
DB00100,F8
DB00100,F7
DB00100,F2
DB00100,GGCX
DB00100,F11
DB00100,LRP1
DB00100,F10
DB00102,A2M
DB00102,PDGFRB
DB00102,PDGFRA
DB00104,SSTR2
DB00104,SSTR1
DB00104,SSTR5
DB00104,OPRM1
DB00104,SSTR4
DB00105,IFNAR2
DB00105,IFNAR1
DB00106,GNRHR
DB00108,FCGR2A
DB00108,C1R
DB00108,FCGR3A
DB00108,FCGR1A
DB00108,FCGR2C
DB00108,FCGR3B
DB00108,C1QA
DB00108,C1QC
DB00108,FCGR2B
DB00108,C1QB
DB00108,ITGA4
DB00108,ICAM1
DB00110,C1R
DB00110,FCGR2A
DB00110,FCGR1A
DB00110,C1QC
DB00110,FCGR3A
DB00110,FCGR2C
DB00110,C1QA
DB00110,C1QB
DB00110,FCGR2B
DB00110,FCGR3B
DB00112,C1QB
DB00112,FCGR2A
DB00112,FCGR2B
DB00112,FCGR3A
DB00112,FCGR2C
DB00112,C1QC
DB00112,VEGFA
DB00112,C1QA
DB00112,C1R
DB00112,FCGR1A
DB00112,FCGR3B
DB00114,HDC
DB00114,PSMC1
DB00114,GLDC
DB00114,MOCOS
DB00114,AZIN2
DB00114,PSMA6
DB00114,PSMD11
DB00114,PSMB1
DB00114,PSMB7
DB00114,BCAT2
DB00114,PYGM
DB00114,SPTLC1
DB00114,AMDHD1
DB00114,PSMD3
DB00114,AADAT
DB00114,BCAT1
DB00114,PSME3
DB00114,PSMC2
DB00114,FTCD
DB00114,LOC105372824
DB00114,PSPH
DB00114,PSAT1
DB00114,SPTLC2
DB00114,GAD2
DB00114,PSMA5
DB00114,PSMB6
DB00114,ABAT
DB00114,P2RX1
DB00114,CTH
DB00114,SGPL1
DB00114,GOT1
DB00114,GCAT
DB00114,THNSL1
DB00114,PSMD7
DB00114,ODC1
DB00114,ALAS1
DB00114,CSAD
DB00114,SHMT2
DB00114,PYGL
DB00114,PSMA3
DB00114,PSME2
DB00114,PYGB
DB00114,PSMD2
DB00114,AGXT
DB00114,PSMD10
DB00114,MOCS3
DB00114,AGXT2
DB00114,PDXP
DB00114,KYAT1
DB00114,NFS1
DB00114,PSMD1
DB00114,GOT2
DB00114,TAT
DB00114,CBS
DB00114,SHMT1
DB00114,PNPO
DB00114,KYNU
DB00114,SDS
DB00114,SCLY
DB00114,PSMA4
DB00114,SRR
DB00114,PSMC4
DB00114,PSMD5
DB00114,PSMD8
DB00114,CDO1
DB00114,GAD1
DB00114,GPT
DB00114,OAT
DB00114,SPTLC3
DB00114,NQO1
DB00114,PSMA7
DB00114,PSMB2
DB00114,PSMD14
DB00114,PSMB11
DB00114,PHGDH
DB00114,MOCS2
DB00114,PSME1
DB00114,SEPSECS
DB00114,FXN
DB00114,SLC25A28
DB00114,PSMD4
DB00114,PSME4
DB00114,SLC25A13
DB00114,PHYKPL
DB00114,PSMA8
DB00114,PSMC5
DB00114,GADL1
DB00114,GPHN
DB00114,ALAS2
DB00114,SLC25A37
DB00114,LYRM4
DB00114,OAZ3
DB00114,PSMA1
DB00114,PSMC6
DB00114,PSMD9
DB00114,PCK1
DB00114,PSMC3
DB00114,PSMD6
DB00114,PLPBP
DB00114,DDC
DB00114,AZIN1
DB00114,PDXDC1
DB00114,GPT2
DB00114,SDSL
DB00114,KYAT3
DB00114,PSMF1
DB00114,ADI1
DB00114,PSMD12
DB00114,PSMB4
DB00114,SLC25A12
DB00114,PSMB10
DB00114,PHOSPHO2
DB00114,PSMB5
DB00114,KMO
DB00114,PSMD13
DB00114,OAZ2
DB00115,MTRR
DB00115,MMAA
DB00115,MTHFR
DB00115,MTR
DB00115,MMUT
DB00115,MMACHC
DB00118,TRMT61B
DB00118,MAT2A
DB00118,LRTOMT
DB00118,DNMT3B
DB00118,NCBP2
DB00118,SETDB2
DB00118,CARM1
DB00118,MAT2B
DB00118,POLR2L
DB00118,GEMIN4
DB00118,MAT1A
DB00118,SUZ12
DB00118,METTL1
DB00118,POLR2J
DB00118,EZH2
DB00118,NSD3
DB00118,PRMT5
DB00118,COQ7
DB00118,HNMT
DB00118,CBS
DB00118,AMD1
DB00118,GNMT
DB00118,POLR2B
DB00118,BAZ2A
DB00118,POLR2G
DB00118,KMT2D
DB00118,SNRPD1
DB00118,GTF2H2
DB00118,NNMT
DB00118,SAP30L
DB00118,PRDM9
DB00118,PYGO1
DB00118,SAP30
DB00118,COQ5
DB00118,GEMIN5
DB00118,ERCC3
DB00118,SMARCA5
DB00118,GEMIN6
DB00118,METTL3
DB00118,TPMT
DB00118,IL6
DB00118,CXCL8
DB00118,SMS
DB00118,SETD2
DB00118,NSD1
DB00118,PRDM7
DB00118,SNRPE
DB00118,GAMT
DB00118,GEMIN2
DB00118,EZH1
DB00118,RNGTT
DB00118,SNRPB
DB00118,EHMT1
DB00118,HDAC2
DB00118,CLNS1A
DB00118,KMT2A
DB00118,SUDS3
DB00118,TCF7L2
DB00118,GTF2H3
DB00118,TTF1
DB00118,MOCS2
DB00118,GATM
DB00118,GTF2F1
DB00118,ASH1L
DB00118,DDX20
DB00118,AS3MT
DB00118,PRMT6
DB00118,DPH5
DB00118,SPO11
DB00118,NTMT1
DB00118,CNPY3-GNMT
DB00118,PRDM6
DB00118,TRMT2B
DB00118,LCMT1
DB00118,SUPT5H
DB00118,MTR
DB00118,TFB2M
DB00118,COMT
DB00118,SIN3A
DB00118,TFB1M
DB00118,PNMT
DB00118,ASH2L
DB00118,DNMT1
DB00118,TRMT1
DB00118,PYGO2
DB00118,BCL9L
DB00118,MEN1
DB00118,MAOA
DB00118,GTF2F2
DB00118,CYP1A2
DB00118,SNRPD2
DB00118,POLR2K
DB00118,PRMT7
DB00118,ICMT
DB00118,CTNNB1
DB00118,SUV39H2
DB00118,PRMT2
DB00118,SAP130
DB00118,PCMT1
DB00118,SETMAR
DB00118,DOT1L
DB00118,RBBP4
DB00118,POLR2F
DB00118,KMT5C
DB00118,SNRPF
DB00118,SETD1B
DB00118,SAP30BP
DB00118,CCNH
DB00118,WDR4
DB00118,CDK7
DB00118,INMT
DB00118,DIMT1
DB00118,SIRT1
DB00118,POLR2E
DB00118,SNRPD3
DB00118,AHCY
DB00118,POLR2C
DB00118,POLR2I
DB00118,WDR77
DB00118,PRDM2
DB00118,AANAT
DB00118,TRMT2A
DB00118,RRP8
DB00118,COQ3
DB00118,PEMT
DB00118,HDAC1
DB00118,MBD2
DB00118,SETDB1
DB00118,SNRPG
DB00118,POLR2D
DB00118,SETD7
DB00118,KMT5B
DB00118,GTF2H1
DB00118,LEF1
DB00118,PRMT1
DB00118,MTRR
DB00118,DNMT3A
DB00118,NCBP1
DB00118,SUV39H1
DB00118,SRM
DB00118,TRDMT1
DB00118,MYC
DB00118,RBBP7
DB00118,ASMT
DB00118,SAP18
DB00118,TRMT61A
DB00118,ERCC2
DB00118,COQ6
DB00118,GEMIN7
DB00118,NSD2
DB00118,KMT5A
DB00118,KMT2E
DB00118,MNAT1
DB00118,TRMT5
DB00118,RBBP5
DB00118,LIAS
DB00118,RNMT
DB00118,KMT2C
DB00118,SETD1A
DB00118,EED
DB00118,ARID4B
DB00119,HOGA1
DB00119,NPL
DB00119,SDS
DB00119,TST
DB00119,DAO
DB00119,GOT2
DB00119,SLC16A8
DB00119,NEU2
DB00119,LDHB
DB00119,KYAT3
DB00119,SLC16A2
DB00119,MPC2
DB00119,LDHAL6B
DB00119,LDHC
DB00119,SLC16A7
DB00119,LDHAL6A
DB00119,SLC16A5
DB00119,PDHX
DB00119,KYAT1
DB00119,LDHD
DB00119,PDHA2
DB00119,SLC16A1
DB00119,SLC16A6
DB00119,PKM
DB00119,SLC16A4
DB00119,NEU3
DB00119,DLAT
DB00119,DLD
DB00119,AGXT2
DB00119,LDHA
DB00119,PKLR
DB00119,ABAT
DB00119,PC
DB00119,PDHB
DB00119,GPT2
DB00119,SDSL
DB00119,AFMID
DB00119,PCK2
DB00119,ME2
DB00119,SLC5A8
DB00119,SLC17A5
DB00119,AGXT
DB00119,MPC1
DB00119,ME1
DB00119,CTH
DB00119,HAO1
DB00119,PDHA1
DB00119,FAHD1
DB00119,SLC16A3
DB00119,GPT
DB00123,ARG1
DB00123,PSMD5
DB00123,PSMD8
DB00123,PSMA3
DB00123,BDKRB1
DB00123,PSME2
DB00123,PROKR2
DB00123,OXT
DB00123,PSMD10
DB00123,MLNR
DB00123,PSMD7
DB00123,PLAT
DB00123,SEC61B
DB00123,P2RY10
DB00123,GNRHR
DB00123,LNPEP
DB00123,RARS1
DB00123,KISS1R
DB00123,RGS2
DB00123,KALRN
DB00123,GHSR
DB00123,GNRH2
DB00123,GPR65
DB00123,NPFF
DB00123,AIMP2
DB00123,PSMC4
DB00123,UTS2
DB00123,PSMB6
DB00123,GRP
DB00123,GRK2
DB00123,NMBR
DB00123,HTR2B
DB00123,PSMB7
DB00123,PLCB2
DB00123,SLC3A1
DB00123,PSMC1
DB00123,PSMA6
DB00123,PSMD11
DB00123,BLMH
DB00123,GNA11
DB00123,MARS1
DB00123,GNA15
DB00123,PIK3CA
DB00123,DARS1
DB00123,NMU
DB00123,PSMD3
DB00123,SLC38A4
DB00123,FFAR1
DB00123,PSMC5
DB00123,FFAR2
DB00123,SEC61A1
DB00123,PSMA4
DB00123,PSMB1
DB00123,AVPR1A
DB00123,PDIA3
DB00123,NTS
DB00123,GPR17
DB00123,AGTR1
DB00123,GGCT
DB00123,HTR2C
DB00123,GNRH1
DB00123,NPFFR1
DB00123,PLCB3
DB00123,MCHR2
DB00123,SLC7A3
DB00123,GRM1
DB00123,CYSLTR2
DB00123,RPS27A
DB00123,GNAQ
DB00123,PTGER1
DB00123,PSMC2
DB00123,HCRT
DB00123,PSME3
DB00123,CCKAR
DB00123,PROK2
DB00123,PSMD6
DB00123,F2RL2
DB00123,F2RL1
DB00123,APP
DB00123,KARS1
DB00123,PSMB4
DB00123,TAC3
DB00123,PROK1
DB00123,ERAP1
DB00123,PTAFR
DB00123,TRH
DB00123,TACR1
DB00123,NTSR2
DB00123,PROKR1
DB00123,UBB
DB00123,P2RY1
DB00123,NMUR1
DB00123,TP53
DB00123,GRM5
DB00123,CHRM1
DB00123,PSMA5
DB00123,ADRA1B
DB00123,QARS1
DB00123,NPFFR2
DB00123,PSMD1
DB00123,GPRC6A
DB00123,P2RY6
DB00123,TRHR
DB00123,PSMD2
DB00123,P2RY2
DB00123,BTD
DB00123,SEC61A2
DB00123,PSMC3
DB00123,LTB4R
DB00123,CHRM3
DB00123,ANXA1
DB00123,H3-3B
DB00123,CTRL
DB00123,MTRNR2L2
DB00123,SLC7A2
DB00123,SLC7A4
DB00123,MLN
DB00123,UBA52
DB00123,GCG
DB00123,PSMD14
DB00123,PSMB11
DB00123,EDN2
DB00123,PSME4
DB00123,PSMD9
DB00123,GCGR
DB00123,HRH1
DB00123,AIMP1
DB00123,NMB
DB00123,LARS1
DB00123,QRFPR
DB00123,AASS
DB00123,GRK5
DB00123,CHRM5
DB00123,AGT
DB00123,TACR3
DB00123,NMUR2
DB00123,NPS
DB00123,GNG2
DB00123,GPR68
DB00123,LTB4R2
DB00123,EPRS1
DB00123,KISS1
DB00123,RGS18
DB00123,XCL1
DB00123,XCL2
DB00123,PSMD4
DB00123,OPN4
DB00123,CTSS
DB00123,NTSR1
DB00123,LPAR3
DB00123,PSME1
DB00123,PTGFR
DB00123,PSMA7
DB00123,AVP
DB00123,ADRA1A
DB00123,SLC7A1
DB00123,CASR
DB00123,TBXA2R
DB00123,PSMD13
DB00123,HLA-B
DB00123,ERAP2
DB00123,PSMC6
DB00123,PSMA1
DB00123,HCRTR2
DB00123,ARHGEF25
DB00123,RGS19
DB00123,EDN3
DB00123,CCK
DB00123,FFAR3
DB00123,GPR132
DB00123,GAST
DB00123,CYSLTR1
DB00123,GRPR
DB00123,EEF1E1
DB00123,ADRA1D
DB00123,EDN1
DB00123,HTR2A
DB00123,EDNRB
DB00123,PSMB2
DB00123,NMS
DB00123,GNA14
DB00123,HLA-C
DB00123,TPP2
DB00123,IARS1
DB00123,HCRTR1
DB00123,TACR2
DB00123,HLA-A
DB00123,PSMA8
DB00123,SLC7A9
DB00123,XCR1
DB00123,F2RL3
DB00123,MCHR1
DB00123,PSMF1
DB00123,CNDP2
DB00123,LPAR5
DB00123,OXTR
DB00123,PLCB1
DB00123,TRIO
DB00123,FPR2
DB00123,UTS2B
DB00123,SEC61G
DB00123,LPAR6
DB00123,UBC
DB00123,QRFP
DB00123,PSMD12
DB00123,PSMB10
DB00123,LPAR1
DB00123,SAA1
DB00123,HLA-G
DB00123,F2R
DB00123,TAC1
DB00123,NPSR1
DB00123,NPEPPS
DB00123,GPR4
DB00123,CALR
DB00123,PMCH
DB00123,UTS2R
DB00123,PSMB5
DB00123,CCKBR
DB00123,EDNRA
DB00123,LPAR2
DB00126,P3H3
DB00126,P4HTM
DB00126,PAM
DB00126,TMLHE
DB00126,EGLN3
DB00126,EGLN1
DB00126,OGFOD2
DB00126,KDM5D
DB00126,PLOD1
DB00126,PLOD2
DB00126,ALKBH2
DB00126,EGLN2
DB00126,BBOX1
DB00126,P3H1
DB00126,OGFOD1
DB00126,P3H2
DB00126,PLOD3
DB00126,ALKBH3
DB00126,P4HA1
DB00126,DBH
DB00126,PHYH
DB00126,SLC23A1
DB00126,LCT
DB00126,ADRA2B
DB00129,XCL1
DB00129,HCRTR1
DB00129,GPRC6A
DB00129,ODC1
DB00129,NMS
DB00129,SRM
DB00129,SLC25A2
DB00129,KISS1R
DB00129,MLN
DB00129,SLC7A1
DB00129,SLC7A4
DB00129,SLC7A3
DB00129,SLC7A2
DB00129,MCHR1
DB00129,OTC
DB00129,GNA11
DB00129,P2RY10
DB00129,BDKRB1
DB00129,PROKR2
DB00129,OXT
DB00129,MLNR
DB00129,GNRHR
DB00129,RGS2
DB00129,UTS2
DB00129,RGS18
DB00129,SAA1
DB00129,AGT
DB00129,EDN2
DB00129,OPN4
DB00129,HCRTR2
DB00129,OAZ3
DB00129,OAZ2
DB00129,TACR2
DB00129,PTGFR
DB00129,LPAR3
DB00129,OAT
DB00129,NTSR1
DB00129,QRFPR
DB00129,ARG1
DB00129,XCL2
DB00129,LPAR2
DB00129,GCGR
DB00129,CYSLTR1
DB00129,GATM
DB00129,NPSR1
DB00129,LPAR1
DB00129,KALRN
DB00129,QRFP
DB00129,P2RY6
DB00129,SLC25A15
DB00129,KISS1
DB00129,UTS2B
DB00129,GRK5
DB00129,AASS
DB00129,GNA14
DB00129,NMB
DB00129,HRH1
DB00129,OAZ1
DB00129,CHRM5
DB00129,EDNRB
DB00129,LPAR6
DB00129,EDN1
DB00129,HTR2A
DB00129,LPAR5
DB00129,PLCB1
DB00129,EDN3
DB00129,FFAR3
DB00129,CCK
DB00129,GPR132
DB00129,AGTR1
DB00129,ARHGEF25
DB00129,CCKBR
DB00129,CPS1
DB00129,ASL
DB00129,CHRM1
DB00129,PLCB3
DB00129,NPFFR1
DB00129,GNRH1
DB00129,HTR2C
DB00129,GPR17
DB00129,PROK1
DB00129,GPR65
DB00129,TRIO
DB00129,OXTR
DB00129,UTS2R
DB00129,FPR2
DB00129,NPFFR2
DB00129,GPR4
DB00129,PMCH
DB00129,GNG2
DB00129,TRHR
DB00129,LTB4R
DB00129,GAMT
DB00129,CASR
DB00129,ABHD14A-ACY1
DB00129,LTB4R2
DB00129,NPFF
DB00129,GPR68
DB00129,RGS19
DB00129,P2RY2
DB00129,XCR1
DB00129,GRK2
DB00129,GAST
DB00129,EDNRA
DB00129,TAC1
DB00129,F2R
DB00129,MTRNR2L2
DB00129,MCHR2
DB00129,NPS
DB00129,GNA15
DB00129,GNRH2
DB00129,GHSR
DB00129,GCG
DB00129,PROK2
DB00129,TBXA2R
DB00129,TAC3
DB00129,PTGER1
DB00129,HCRT
DB00129,PROKR1
DB00129,AZIN2
DB00129,NTSR2
DB00129,CCKAR
DB00129,F2RL2
DB00129,F2RL1
DB00129,PTAFR
DB00129,TACR1
DB00129,TRH
DB00129,NMU
DB00129,TACR3
DB00129,AVPR1A
DB00129,GRM1
DB00129,FFAR2
DB00129,FFAR1
DB00129,GNAQ
DB00129,NMUR1
DB00129,NMBR
DB00129,ANXA1
DB00129,ARG2
DB00129,PLCB2
DB00129,P2RY1
DB00129,GRP
DB00129,NTS
DB00129,ADRA1D
DB00129,GRPR
DB00129,PIK3CA
DB00129,CYSLTR2
DB00129,F2RL3
DB00129,ASS1
DB00129,GRM5
DB00129,APP
DB00129,ADRA1B
DB00129,CHRM3
DB00129,NMUR2
DB00129,ADRA1A
DB00129,AVP
DB00129,HTR2B
DB00130,ACSM2B
DB00130,PSMC5
DB00130,CTSS
DB00130,HTT
DB00130,SEC61G
DB00130,PSME3
DB00130,PSMF1
DB00130,IARS1
DB00130,PSMA7
DB00130,CTPS1
DB00130,PSMB2
DB00130,AR
DB00130,TPP2
DB00130,HLA-C
DB00130,PSMD4
DB00130,GLS2
DB00130,QRSL1
DB00130,PSMD2
DB00130,KARS1
DB00130,GLUL
DB00130,NPEPPS
DB00130,SLC7A8
DB00130,CALR
DB00130,PSME1
DB00130,CNDP2
DB00130,NADSYN1
DB00130,GLS
DB00130,VAMP2
DB00130,PFAS
DB00130,PSMD1
DB00130,PSMA8
DB00130,ERAP1
DB00130,SEC61A2
DB00130,PSMC3
DB00130,PDIA3
DB00130,ACSM1
DB00130,KYAT1
DB00130,UBB
DB00130,SLC6A19
DB00130,QARS1
DB00130,PSMD6
DB00130,HLA-A
DB00130,PSMB10
DB00130,NMNAT1
DB00130,SLC1A5
DB00130,GATB
DB00130,PSMD9
DB00130,PSMD7
DB00130,GMPS
DB00130,PSMC6
DB00130,ERAP2
DB00130,HLA-B
DB00130,PSMD13
DB00130,UBA52
DB00130,PSMD14
DB00130,PSMB11
DB00130,PSME4
DB00130,SLC38A1
DB00130,AIMP1
DB00130,PSMA1
DB00130,SLC17A7
DB00130,DARS1
DB00130,PPAT
DB00130,PSMD3
DB00130,CAD
DB00130,SLC6A15
DB00130,PSMA6
DB00130,PSMB6
DB00130,PSMB1
DB00130,RPS27A
DB00130,GGCT
DB00130,RAB3A
DB00130,PSMA3
DB00130,SLC7A6
DB00130,PSMA5
DB00130,LARS1
DB00130,PSMB4
DB00130,PSMD11
DB00130,ATXN2
DB00130,SLC3A2
DB00130,EEF1E1
DB00130,GART
DB00130,EPRS1
DB00130,PSMB5
DB00130,GFPT1
DB00130,HLA-G
DB00130,CTPS2
DB00130,PSMD12
DB00130,UBC
DB00130,SLC38A2
DB00130,NMNAT3
DB00130,PSMC1
DB00130,PSMC2
DB00130,LNPEP
DB00130,NMNAT2
DB00130,RARS1
DB00130,PSMC4
DB00130,SEC61A1
DB00130,GFPT2
DB00130,SEC61B
DB00130,ASNS
DB00130,AIMP2
DB00130,PSMD5
DB00130,GNPNAT1
DB00130,PSMB7
DB00130,KYAT3
DB00130,PSME2
DB00130,PSMD10
DB00130,SYT1
DB00130,PSMD8
DB00130,PSMA4
DB00130,BLMH
DB00130,MARS1
DB00131,PDE8B
DB00131,PCNA
DB00131,DIS3
DB00131,SCNN1D
DB00131,POLA1
DB00131,UQCRQ
DB00131,SEPHS1
DB00131,LIG3
DB00131,ENTPD8
DB00131,EEF1E1
DB00131,PARS2
DB00131,PRKAA2
DB00131,ACSL3
DB00131,NT5C1B
DB00131,PDE3A
DB00131,EDC4
DB00131,CNOT12
DB00131,PRIM1
DB00131,APRT
DB00131,ADPRM
DB00131,CARS1
DB00131,ENPP3
DB00131,IARS1
DB00131,FBP1
DB00131,TXN
DB00131,RPA2
DB00131,YARS1
DB00131,NMNAT1
DB00131,AK1
DB00131,PPCS
DB00131,PRPS1
DB00131,EXOSC2
DB00131,IFIT1
DB00131,ACSL1
DB00131,UBE2A
DB00131,XRN1
DB00131,PRKACG
DB00131,ETFB
DB00131,EXOSC9
DB00131,RDH14
DB00131,PAN3
DB00131,ARIH1
DB00131,LIG4
DB00131,NUDT10
DB00131,VARS1
DB00131,PRKACA
DB00131,ADCY9
DB00131,AMPD2
DB00131,ACSBG1
DB00131,CAB39
DB00131,SLC19A3
DB00131,NT5E
DB00131,CARS2
DB00131,GNAS
DB00131,PDE4B
DB00131,RPA1
DB00131,RTCA
DB00131,ADCY7
DB00131,PRKAB2
DB00131,PPP1R1B
DB00131,ACSS2
DB00131,ASS1
DB00131,LSM7
DB00131,NARS1
DB00131,ENTPD1
DB00131,EXOSC1
DB00131,UQCRH
DB00131,ACSL5
DB00131,WARS1
DB00131,AK2
DB00131,WNK3
DB00131,AK5
DB00131,TPK1
DB00131,SCNN1A
DB00131,RRM2
DB00131,PRKACB
DB00131,GFPT1
DB00131,MT-CYB
DB00131,CNOT7
DB00131,ADSS2
DB00131,EPRS1
DB00131,SGK1
DB00131,TARS2
DB00131,MAP3K7
DB00131,RARS2
DB00131,STAT1
DB00131,NUDT11
DB00131,PRKAA1
DB00131,BAAT
DB00131,NT5C2
DB00131,SUMO3
DB00131,CNOT10
DB00131,ACSM5
DB00131,UBA1
DB00131,SGK2
DB00131,ACSL4
DB00131,UQCR10
DB00131,GLYAT
DB00131,UBE2V1
DB00131,NMNAT3
DB00131,UBC
DB00131,GYG1
DB00131,ACACB
DB00131,FHIT
DB00131,SLC25A15
DB00131,ADCY2
DB00131,ACSM6
DB00131,ADSS1
DB00131,MCCC2
DB00131,P2RY1
DB00131,P2RY2
DB00131,ADORA1
DB00131,SRC
DB00131,LDHA
DB00131,ADK
DB00131,HINT1
DB00131,UBA7
DB00131,PDE4D
DB00131,CREB1
DB00131,TARS3
DB00131,NUDT4
DB00131,HLCS
DB00131,EIF4G1
DB00131,TRAF6
DB00131,STRADA
DB00131,PDE2A
DB00131,PIM1
DB00131,GNAI1
DB00131,PPM1A
DB00131,PPCDC
DB00131,SULT1A1
DB00131,KARS1
DB00131,STK11
DB00131,AACS
DB00131,PRKAG1
DB00131,EXOSC3
DB00131,AK4
DB00131,CNOT1
DB00131,EIF4A2
DB00131,ACSS1
DB00131,EDC3
DB00131,FARSA
DB00131,TRAF7
DB00131,BPNT1
DB00131,CYC1
DB00131,GNAI3
DB00131,YARS2
DB00131,UBE2N
DB00131,TSC22D3
DB00131,IRF3
DB00131,JAK1
DB00131,ACSM2B
DB00131,POLD4
DB00131,NADSYN1
DB00131,ADCY4
DB00131,UBA6
DB00131,PANK2
DB00131,WNK1
DB00131,PABPC1
DB00131,GNAI2
DB00131,ADPGK
DB00131,PDE8A
DB00131,EXOSC4
DB00131,ADCY6
DB00131,SCNN1B
DB00131,PDE7B
DB00131,LSM1
DB00131,SLC5A6
DB00131,ADCY3
DB00131,PCCA
DB00131,RHEB
DB00131,UQCRFS1
DB00131,SLCO1A2
DB00131,FEN1
DB00131,NT5C1B-RDH14
DB00131,AMPD1
DB00131,ETFDH
DB00131,ENTPD3
DB00131,ASL
DB00131,HARS1
DB00131,PRPS1L1
DB00131,PRKAB1
DB00131,FLNB
DB00131,GMPS
DB00131,NUDT5
DB00131,ADCY5
DB00131,PCCB
DB00131,UBE2E1
DB00131,EIF4E
DB00131,PDE10A
DB00131,VARS2
DB00131,CNOT4
DB00131,CNOT11
DB00131,PATL1
DB00131,PAN2
DB00131,RRM1
DB00131,DNA2
DB00131,GPI
DB00131,TKFC
DB00131,ADCY1
DB00131,POLD1
DB00131,PPAT
DB00131,UBB
DB00131,QARS1
DB00131,GARS1
DB00131,SARS2
DB00131,RPTOR
DB00131,LSM4
DB00131,ETFA
DB00131,ACSS3
DB00131,GPHN
DB00131,ACSM3
DB00131,MAPDA
DB00131,NUDT9
DB00131,FADS2
DB00131,FARS2
DB00131,WNK4
DB00131,CNOT9
DB00131,LARS2
DB00131,SAE1
DB00131,UQCRC2
DB00131,SLC27A2
DB00131,DCP1B
DB00131,RPS27A
DB00131,HERC5
DB00131,PPARGC1A
DB00131,MCCC1
DB00131,EXOSC7
DB00131,POLA2
DB00131,UBE2L6
DB00131,WWP1
DB00131,TARS1
DB00131,AK7
DB00131,NARS2
DB00131,PRKAG2
DB00131,PAIP1
DB00131,SUMO2
DB00131,LSM3
DB00131,PANK1
DB00131,ACSM1
DB00131,DCP2
DB00131,PDE1C
DB00131,AK3
DB00131,UQCRB
DB00131,DCK
DB00131,ADCY8
DB00131,PDE11A
DB00131,CNOT8
DB00131,TAB3
DB00131,PPM1B
DB00131,MARS2
DB00131,PDE3B
DB00131,FARSB
DB00131,LSM5
DB00131,EXOSC8
DB00131,NMNAT2
DB00131,PC
DB00131,ACSM2A
DB00131,ACP5
DB00131,PYGL
DB00131,SULT1E1
DB00131,ADSL
DB00131,TAB1
DB00131,UQCRC1
DB00131,STRADB
DB00131,TSC2
DB00131,ASNS
DB00131,RPA3
DB00131,CNOT2
DB00131,NT5C
DB00131,SLC19A2
DB00131,AARS2
DB00131,MOCS3
DB00131,PYGM
DB00131,EXOSC5
DB00131,SULT2A1
DB00131,AIMP2
DB00131,LIG1
DB00131,PRKCQ
DB00131,SLC27A5
DB00131,PHYH
DB00131,MAPK3
DB00131,BPNT2
DB00131,EIF4B
DB00131,MOCOS
DB00131,MARS1
DB00131,SUMO1
DB00131,CNOT6
DB00131,AARS1
DB00131,ALDH2
DB00131,CAB39L
DB00131,TBC1D1
DB00131,RAF1
DB00131,UBA2
DB00131,CANT1
DB00131,PYGB
DB00131,PLCG1
DB00131,PDE1B
DB00131,CYCS
DB00131,GLRX
DB00131,ALDH7A1
DB00131,POLD2
DB00131,PDE7A
DB00131,ALDH1A1
DB00131,FLAD1
DB00131,ACSM4
DB00131,AKT2
DB00131,LARS1
DB00131,EIF4A1
DB00131,AIMP1
DB00131,AMPD3
DB00131,ALB
DB00131,MOCS2
DB00131,PRPS2
DB00131,LSM6
DB00131,TRPM2
DB00131,GNAT3
DB00131,SLC25A2
DB00131,EXOSC6
DB00131,WNK2
DB00131,NT5M
DB00131,TSC1
DB00131,DCPS
DB00131,HARS2
DB00131,NUDT12
DB00131,POLD3
DB00131,NT5C1A
DB00131,RARS1
DB00131,CHFR
DB00131,AK8
DB00131,DARS1
DB00131,SLC25A17
DB00131,PRKAG3
DB00131,SCNN1G
DB00131,SARS1
DB00131,ACSL6
DB00131,PARN
DB00131,UBA52
DB00131,NT5C3B
DB00131,NEDD4L
DB00131,WARS2
DB00132,SP1
DB00132,ME1
DB00132,ALAS1
DB00132,CDK19
DB00132,PLA2G6
DB00132,PLB1
DB00132,ACSM5
DB00132,PPARD
DB00132,NCOA2
DB00132,PLA2G10
DB00132,MED13
DB00132,ACSM4
DB00132,PLA2G4E
DB00132,NCOR2
DB00132,RXRA
DB00132,CCNC
DB00132,TXNRD1
DB00132,CHD9
DB00132,SLC8A1
DB00132,TRPV1
DB00132,ELOVL4
DB00132,FFAR4
DB00132,NR1H4
DB00132,HELZ2
DB00132,ACADM
DB00132,TBL1XR1
DB00132,MED25
DB00132,NFYC
DB00132,PLA2G4B
DB00132,GCG
DB00132,CARM1
DB00132,NCOA1
DB00132,CYP4A11
DB00132,G0S2
DB00132,AGT
DB00132,WWTR1
DB00132,SIN3A
DB00132,SREBF2
DB00132,TEAD4
DB00132,PLA2G4A
DB00132,NCOA6
DB00132,ACSL5
DB00132,UGT1A9
DB00132,TEAD3
DB00132,NFYA
DB00132,MED22
DB00132,ACSM6
DB00132,ACSL3
DB00132,MED16
DB00132,CCN2
DB00132,APOA2
DB00132,PPARGC1B
DB00132,MED29
DB00132,PLAAT3
DB00132,FADS1
DB00132,HMGCS1
DB00132,FHL2
DB00132,MED23
DB00132,HMGCS2
DB00132,MED19
DB00132,CPT2
DB00132,HIF1A
DB00132,MED14
DB00132,ACSL4
DB00132,NPAS2
DB00132,GRHL1
DB00132,ANKRD1
DB00132,CLOCK
DB00132,PLA2G12B
DB00132,CYP7A1
DB00132,ACSM1
DB00132,HDAC3
DB00132,PLIN2
DB00132,PCSK1
DB00132,MED27
DB00132,NCOR1
DB00132,MED4
DB00132,GLIPR1
DB00132,CD36
DB00132,PLA2G3
DB00132,TRIB3
DB00132,FDFT1
DB00132,SULT2A1
DB00132,NRF1
DB00132,ANGPTL4
DB00132,MED1
DB00132,PEX11A
DB00132,MED30
DB00132,MED8
DB00132,PLA2G4D
DB00132,ACSM3
DB00132,PPARG
DB00132,FADS2
DB00132,MED7
DB00132,MED21
DB00132,MED31
DB00132,YAP1
DB00132,HMGCR
DB00132,ACSL1
DB00132,RGL1
DB00132,MED11
DB00132,FABP1
DB00132,TNFRSF21
DB00132,ACSL6
DB00132,MED13L
DB00132,NCOA3
DB00132,APOA5
DB00132,PLA2G12A
DB00132,PLA2G1B
DB00132,TEAD2
DB00132,MED24
DB00132,BMAL1
DB00132,JMJD7-PLA2G4B
DB00132,CDK8
DB00132,CYP1A1
DB00132,PLA2G2E
DB00132,PLA2G2A
DB00132,PLA2G5
DB00132,PLA2G2D
DB00132,PLA2G2F
DB00132,ABCA1
DB00132,MED12
DB00132,MED18
DB00132,FABP4
DB00132,ABCB4
DB00132,CPT1A
DB00132,MED20
DB00132,PLA2G2C
DB00132,MED17
DB00132,SLC27A1
DB00132,MED9
DB00132,MED10
DB00132,MED6
DB00132,PNPLA8
DB00132,APOA1
DB00132,TGS1
DB00132,SMARCD3
DB00132,CREBBP
DB00132,PPARA
DB00132,MED15
DB00132,EP300
DB00132,MED26
DB00132,PPARGC1A
DB00132,RORA
DB00132,NFYB
DB00132,FABP3
DB00132,FFAR1
DB00136,CALB1
DB00136,PTH
DB00136,CSK
DB00136,ALPG
DB00136,PPARG
DB00136,MBP
DB00136,VDR
DB00136,PTHLH
DB00136,ALPL
DB00136,ALPP
DB00136,CASP3
DB00136,CDK2
DB00136,SPP1
DB00136,CALCA
DB00136,IL2
DB00136,RARB
DB00136,FGF23
DB00136,REN
DB00136,TNFSF11
DB00136,CYP27B1
DB00136,CYP24A1
DB00136,ESR1
DB00136,KL
DB00136,ABCB1
DB00136,BGLAP
DB00136,EGFR
DB00136,S100G
DB00136,CYP3A4
DB00136,TRPV6
DB00136,AR
DB00136,PHEX
DB00139,ADCY7
DB00139,KDM6B
DB00139,COLGALT1
DB00139,SSTR4
DB00139,ACKR3
DB00139,HRH4
DB00139,MTNR1B
DB00139,PHC2
DB00139,APLNR
DB00139,ANXA1
DB00139,CCL21
DB00139,NMUR2
DB00139,EGLN3
DB00139,CCR7
DB00139,GALR3
DB00139,MCHR1
DB00139,TAS2R5
DB00139,TAS2R4
DB00139,TAS2R3
DB00139,CCL27
DB00139,S1PR4
DB00139,VHL
DB00139,P4HB
DB00139,SLC13A3
DB00139,MCHR2
DB00139,CXCR6
DB00139,S1PR1
DB00139,CXCL10
DB00139,TAS2R16
DB00139,ELOB
DB00139,COL10A1
DB00139,BBOX1
DB00139,C5
DB00139,PLOD3
DB00139,OGDH
DB00139,DHODH
DB00139,PDYN
DB00139,BDKRB1
DB00139,ALKBH1
DB00139,RBX1
DB00139,DLD
DB00139,ACAT1
DB00139,PLOD1
DB00139,DRD4
DB00139,P4HA2
DB00139,HEBP1
DB00139,SSTR1
DB00139,SLC27A2
DB00139,CBX8
DB00139,CBX4
DB00139,CALM2
DB00139,GPR17
DB00139,NPY
DB00139,NMUR1
DB00139,ALKBH7
DB00139,C3
DB00139,SDHA
DB00139,POMC
DB00139,NMU
DB00139,EPAS1
DB00139,P4HA1
DB00139,PHYH
DB00139,CXCL8
DB00139,ADCY6
DB00139,EGLN2
DB00139,CCR5
DB00139,ALKBH4
DB00139,CXCL16
DB00139,SSTR5
DB00139,ADCY9
DB00139,ADRA2A
DB00139,CXCR1
DB00139,CXCL5
DB00139,PPBP
DB00139,CCR1
DB00139,P3H1
DB00139,COL1A2
DB00139,RGS20
DB00139,ADCY1
DB00139,GPER1
DB00139,OXGR1
DB00139,HIF1AN
DB00139,SUCLA2
DB00139,HSD17B6
DB00139,SLC13A1
DB00139,CCR2
DB00139,SLC25A10
DB00139,OXCT1
DB00139,CXCL3
DB00139,C3AR1
DB00139,PNOC
DB00139,SDHAF2
DB00139,GALR1
DB00139,ADCY3
DB00139,CXCL11
DB00139,CXCR5
DB00139,SST
DB00139,P2RY12
DB00139,HTR1E
DB00139,P2RY14
DB00139,ADORA1
DB00139,CBX2
DB00139,CCL19
DB00139,COL1A1
DB00139,ADCY4
DB00139,GNAI2
DB00139,ALDH5A1
DB00139,HTR1A
DB00139,P3H2
DB00139,SHMT1
DB00139,CXCR2
DB00139,CHRM2
DB00139,P2RY13
DB00139,HTR1F
DB00139,CXCL13
DB00139,ADCY8
DB00139,APP
DB00139,ELOC
DB00139,PLOD2
DB00139,ALKBH3
DB00139,HTR5A
DB00139,FPR1
DB00139,COL3A1
DB00139,CCR8
DB00139,GAL
DB00139,PENK
DB00139,HACL1
DB00139,ACOT4
DB00139,MTNR1A
DB00139,PPY
DB00139,LPAR5
DB00139,GRM6
DB00139,TAS2R13
DB00139,TAS2R31
DB00139,TAS2R19
DB00139,CCL25
DB00139,HCAR2
DB00139,ALKBH8
DB00139,DRD3
DB00139,TAS2R1
DB00139,ASPH
DB00139,OXER1
DB00139,HIF3A
DB00139,TAS2R40
DB00139,KDM2B
DB00139,RGS14
DB00139,GPR55
DB00139,SLC13A2
DB00139,RGS6
DB00139,TAS2R38
DB00139,CUL2
DB00139,TAS2R30
DB00139,PRH1-TAS2R14
DB00139,TAS2R20
DB00139,CCR3
DB00139,HCAR3
DB00139,TAS2R46
DB00139,KDM2A
DB00139,TAS2R43
DB00139,CXCL2
DB00139,TAS2R50
DB00139,PHC3
DB00139,MTRNR2L2
DB00139,TDG
DB00139,SUCLG1
DB00139,GRM2
DB00139,HIF1A
DB00139,KMT5A
DB00139,OPRL1
DB00139,DLST
DB00139,TMLHE
DB00139,GNG2
DB00139,TAS2R42
DB00139,RGS19
DB00139,PTGDR2
DB00139,P4HA3
DB00139,CCR4
DB00139,NPY2R
DB00139,CCR10
DB00139,PMCH
DB00139,NPBWR1
DB00139,NPW
DB00139,GALR2
DB00139,CXCL1
DB00139,CXCL12
DB00139,GNAT3
DB00139,ALKBH5
DB00139,CBX6
DB00139,LPAR2
DB00139,CASR
DB00139,ADRA2C
DB00139,FPR3
DB00139,CCL20
DB00139,CCR6
DB00139,NPB
DB00139,NPY5R
DB00139,RXFP3
DB00139,TAS2R41
DB00139,CXCL6
DB00139,ADCY5
DB00139,CHRM4
DB00139,P2RY4
DB00139,CNR2
DB00139,NPY4R
DB00139,GRM4
DB00139,CXCR3
DB00139,OXCT2
DB00139,AGTR2
DB00139,LPAR3
DB00139,HTR1B
DB00139,GNAI3
DB00139,FPR2
DB00139,NPBWR2
DB00139,CNR1
DB00139,RGS10
DB00139,SDHB
DB00139,RXFP4
DB00139,RGS18
DB00139,RGS1
DB00139,AGT
DB00139,EGLN1
DB00139,RGS7
DB00139,FH
DB00139,TMIGD3
DB00139,OPRK1
DB00139,TAS2R60
DB00139,TAS2R9
DB00139,TAS2R7
DB00139,TAS2R10
DB00139,TAS2R8
DB00139,OPRD1
DB00139,RNF2
DB00139,GRM3
DB00139,SUCNR1
DB00139,COLGALT2
DB00139,TAS2R39
DB00139,RGS4
DB00139,OPRM1
DB00139,JMJD6
DB00139,CXCR4
DB00139,NMS
DB00139,BMI1
DB00139,SDHD
DB00139,DRD2
DB00139,NPY1R
DB00139,MT-CYB
DB00139,CCL28
DB00139,PYY
DB00139,LPAR1
DB00139,S1PR5
DB00139,BDH1
DB00139,S1PR3
DB00139,CXCL9
DB00139,HRH3
DB00139,ADCY2
DB00139,ALKBH2
DB00139,GNAI1
DB00139,GPR18
DB00139,SUCLG2
DB00139,GRM8
DB00139,SAA1
DB00139,PTGER3
DB00139,SSTR2
DB00139,CCR9
DB00139,GRM7
DB00139,C5AR1
DB00139,SDHC
DB00139,ALDH9A1
DB00139,P3H3
DB00141,B4GALT3
DB00141,B4GALT1
DB00141,RENBP
DB00141,NAGPA
DB00141,NAGK
DB00141,B4GALT2
DB00141,MASP1
DB00141,B4GALT4
DB00141,GUSB
DB00141,IDS
DB00141,COLEC11
DB00141,NAGLU
DB00143,GPX5
DB00143,GPX3
DB00143,GSS
DB00143,GSTZ1
DB00143,GSTT1
DB00143,GPX2
DB00143,MGST3
DB00143,TXNDC12
DB00143,GSTA1
DB00143,GSTA5
DB00143,GPX1
DB00143,GSTM1
DB00143,GSTK1
DB00143,GSTA3
DB00143,GSTM3
DB00143,GSTA4
DB00143,GLRX2
DB00143,GSTO2
DB00143,MGST2
DB00143,MGST1
DB00143,GPX7
DB00143,GSTM4
DB00143,GPX6
DB00143,GSTM5
DB00143,GSR
DB00143,GLRX
DB00143,ESD
DB00143,GSTP1
DB00143,GSTO1
DB00143,GPX8
DB00143,GSTA2
DB00143,TST
DB00143,GSTM2
DB00143,GGT2P
DB00143,TXNRD3
DB00143,TXNRD1
DB00143,GGT6
DB00143,CYP3A4
DB00143,MMP9
DB00143,HSPB1
DB00143,GCLM
DB00143,GPX4
DB00143,ABCC1
DB00143,GGT5
DB00143,GGT1
DB00143,GLO1
DB00143,LTC4S
DB00143,ALOX5
DB00143,ALOX5AP
DB00143,TXNRD2
DB00143,SOD3
DB00143,DBH
DB00143,HPGDS
DB00143,HAGH
DB00143,AKR1B1
DB00143,SUOX
DB00143,PTGES
DB00143,SQOR
DB00143,RRM2
DB00143,SOD2
DB00143,PRDX6
DB00143,CNDP2
DB00143,RRM1
DB00143,FAH
DB00143,HPGD
DB00143,ALOX15
DB00143,GSTT2B
DB00143,HGD
DB00143,SOD1
DB00143,GGT7
DB00144,ATP8A1
DB00144,PTDSS1
DB00144,PTDSS2
DB00144,SMPD3
DB00144,SMPD4
DB00144,PISD
DB00144,DGKG
DB00144,SCARB1
DB00144,PRKCA
DB00144,DGKD
DB00146,CYP2R1
DB00146,CYP27B1
DB00146,PTH
DB00146,LGMN
DB00146,VDR
DB00146,POR
DB00146,GC
DB00146,CYP24A1
DB00146,CUBN
DB00152,TPK1
DB00152,SLC19A3
DB00152,SLC19A2
DB00153,CYP2R1
DB00153,VDR
DB00157,ARSD
DB00157,ARSH
DB00157,ARSL
DB00157,ALOX5AP
DB00157,HADHA
DB00157,AASS
DB00157,ARSK
DB00157,IDH3B
DB00157,SUCLG1
DB00157,RDH5
DB00157,OXCT1
DB00157,ADH6
DB00157,NDUFA8
DB00157,NDUFS5
DB00157,SLC35D1
DB00157,ATIC
DB00157,NDUFB3
DB00157,RDH10
DB00157,PGK1
DB00157,PC
DB00157,GSR
DB00157,EHHADH
DB00157,XDH
DB00157,SCCPDH
DB00157,FH
DB00157,MMACHC
DB00157,NDUFS2
DB00157,UQCRC1
DB00157,COXFA4L2
DB00157,AKR1D1
DB00157,ACADL
DB00157,MTHFD2L
DB00157,NDUFB6
DB00157,OGDHL
DB00157,ALOX5
DB00157,HMGCL
DB00157,HSD17B3
DB00157,PSAT1
DB00157,BLVRA
DB00157,MTHFR
DB00157,NNT
DB00157,H6PD
DB00157,ALDH1B1
DB00157,UQCRQ
DB00157,PDHA1
DB00157,NDUFB2
DB00157,CGA
DB00157,CYP4A11
DB00157,HMOX2
DB00157,TYR
DB00157,NDUFS1
DB00157,GFUS
DB00157,ARSG
DB00157,ACADM
DB00157,CROT
DB00157,IVD
DB00157,NDUFA6
DB00157,GMPS
DB00157,HMOX1
DB00157,ENPP3
DB00157,ALDH6A1
DB00157,PAH
DB00157,MMAB
DB00157,MT-ND3
DB00157,LDHA
DB00157,MDH1
DB00157,NDUFA13
DB00157,ADH7
DB00157,ALDH1A2
DB00157,RDH16
DB00157,MTHFD2
DB00157,ALOX12
DB00157,NDUFA2
DB00157,NDUFA10
DB00157,ACSS2
DB00157,HSD17B7
DB00157,ALDH3B2
DB00157,ALDH1L2
DB00157,NDUFA1
DB00157,NDUFB5
DB00157,ACMSD
DB00157,MSMO1
DB00157,DHTKD1
DB00157,BBOX1
DB00157,NDUFS3
DB00157,ME1
DB00157,BLVRB
DB00157,CDO1
DB00157,CYP17A1
DB00157,DBT
DB00157,NSDHL
DB00157,ALDH2
DB00157,MT-ND2
DB00157,MT-CYB
DB00157,MT-ND5
DB00157,NDUFV2
DB00157,HADHB
DB00157,HACL1
DB00157,DLST
DB00157,ARSB
DB00157,CYP7A1
DB00157,LDHD
DB00157,QDPR
DB00157,ACAD8
DB00157,NDUFC2
DB00157,LDHAL6A
DB00157,LDHC
DB00157,DLAT
DB00157,GPAT4
DB00157,FADS2
DB00157,GLUD1
DB00157,NDUFB9
DB00157,GLUD2
DB00157,PYCR1
DB00157,SLC25A21
DB00157,NDUFA12
DB00157,ELOVL2
DB00157,NDUFV3
DB00157,ALDH3A2
DB00157,SLC25A10
DB00157,IMPDH1
DB00157,CS
DB00157,SUMF2
DB00157,CYB5A
DB00157,NDUFB11
DB00157,COXFA4
DB00157,NDUFV1
DB00157,EIF5A
DB00157,ACAA1
DB00157,ARSI
DB00157,UQCR10
DB00157,ALDH1A3
DB00157,IDH2
DB00157,NDUFB1
DB00157,UGP2
DB00157,CYP39A1
DB00157,NDUFS6
DB00157,SUMF1
DB00157,HSD3B7
DB00157,NDUFS4
DB00157,HPGD
DB00157,BDH2
DB00157,ADH5
DB00157,BDH1
DB00157,HSD17B11
DB00157,ARSF
DB00157,ALDH1A1
DB00157,GPAT2
DB00157,HIBCH
DB00157,MPC1
DB00157,CYB5R3
DB00157,EIF5A2
DB00157,HPGDS
DB00157,LTC4S
DB00157,ALDH4A1
DB00157,UQCRB
DB00157,AKR1B10
DB00157,ALDH9A1
DB00157,CRYL1
DB00157,PCBD1
DB00157,MPC2
DB00157,BCKDHA
DB00157,NDUFB10
DB00157,UQCRC2
DB00157,RLBP1
DB00157,SLC27A2
DB00157,SORD
DB00157,L2HGDH
DB00157,NDUFB8
DB00157,CSAD
DB00157,ACAT1
DB00157,ADH4
DB00157,HIBADH
DB00157,ACSL1
DB00157,GPD1
DB00157,AKR1B1
DB00157,FRRS1
DB00157,IDH3A
DB00157,NDUFA9
DB00157,MT-ND4
DB00157,FAR1
DB00157,BCAT2
DB00157,LDHB
DB00157,TPI1
DB00157,GAPDH
DB00157,PDHX
DB00157,AADAT
DB00157,ALDH3A1
DB00157,SLC25A11
DB00157,OGDH
DB00157,GAPDHS
DB00157,GCDH
DB00157,DECR1
DB00157,CRYM
DB00157,DHPS
DB00157,DHODH
DB00157,STS
DB00157,HSD3B2
DB00157,HSD3B1
DB00157,NDUFB7
DB00157,ADH1A
DB00157,NDUFS7
DB00157,AKR1C3
DB00157,MT-ND4L
DB00157,MT-ND1
DB00157,MT-ND6
DB00157,HADH
DB00157,DLD
DB00157,AKR1C1
DB00157,AKR1C4
DB00157,HSD17B8
DB00157,IDH3G
DB00157,HSD17B1
DB00157,ME3
DB00157,HSD17B4
DB00157,MDH2
DB00157,ADH1C
DB00157,NDUFAB1
DB00157,HSD17B10
DB00157,FAR2
DB00157,NDUFB4
DB00157,HMGCR
DB00157,ACOT8
DB00157,ACO2
DB00157,PHGDH
DB00157,IMPDH2
DB00157,NDUFS8
DB00157,ALDH5A1
DB00157,GRHPR
DB00157,NAXD
DB00157,PTGR1
DB00157,CYP7B1
DB00157,UQCRH
DB00157,DEGS1
DB00157,CYCS
DB00157,PDHB
DB00157,ADH1B
DB00157,UQCRFS1
DB00157,LDHAL6B
DB00157,MMADHC
DB00157,CRAT
DB00157,ECI1
DB00157,FADS1
DB00157,SDR16C5
DB00157,NDUFA5
DB00157,ACSS1
DB00157,BCKDHB
DB00157,ACADSB
DB00157,ECHS1
DB00157,AMT
DB00157,MTHFD1
DB00157,ARSA
DB00157,ABCD1
DB00157,POMC
DB00157,HSD17B2
DB00157,CYC1
DB00157,GPAM
DB00157,ARSJ
DB00157,CHDH
DB00157,PCK1
DB00157,UGDH
DB00157,CYBRD1
DB00157,SHMT1
DB00157,CYP8B1
DB00157,HSD17B6
DB00157,ME2
DB00157,ALDH7A1
DB00157,SUCLG2
DB00157,HSD11B2
DB00157,NDUFC1
DB00157,AKR1C2
DB00157,PDHA2
DB00157,HSD11B1
DB00157,DHFR
DB00157,NDUFA11
DB00157,ALDH3B1
DB00157,NDUFA7
DB00157,NQO2
DB00157,ACADS
DB00157,DHCR7
DB00157,PYCR2
DB00157,NDUFA3
DB00158,DHFR
DB00158,TYMS
DB00158,MTHFR
DB00158,FOLR2
DB00158,FOLR1
DB00158,FOLR3
DB00158,SLC19A1
DB00159,FFAR4
DB00159,MED7
DB00159,CDK19
DB00159,APOA2
DB00159,CCN2
DB00159,PTGS2
DB00159,G0S2
DB00159,AGT
DB00159,PTGS1
DB00159,SREBF2
DB00159,WWTR1
DB00159,NCOA6
DB00159,TEAD4
DB00159,FABP1
DB00159,ACSL3
DB00159,ACSL5
DB00159,TBL1XR1
DB00159,UGT1A9
DB00159,MED21
DB00159,TEAD3
DB00159,TEAD2
DB00159,SIN3A
DB00159,APOA1
DB00159,MED4
DB00159,MED6
DB00159,SMARCD3
DB00159,GLIPR1
DB00159,MED9
DB00159,NCOR1
DB00159,PLIN2
DB00159,ACSL1
DB00159,MED13L
DB00159,CREBBP
DB00159,FABP4
DB00159,RORA
DB00159,TGS1
DB00159,TRPV1
DB00159,PPARD
DB00159,SLC8A1
DB00159,ACADM
DB00159,FFAR1
DB00159,TRIB3
DB00159,FDFT1
DB00159,SULT2A1
DB00159,NRF1
DB00159,MED31
DB00159,APOA5
DB00159,NFYB
DB00159,MED17
DB00159,SLC27A1
DB00159,MED10
DB00159,YAP1
DB00159,CYP4A11
DB00159,PPARGC1B
DB00159,MED29
DB00159,MED8
DB00159,BMAL1
DB00159,MED27
DB00159,MED11
DB00159,RXRA
DB00159,CDK8
DB00159,TNFRSF21
DB00159,CYP1A1
DB00159,ACSL6
DB00159,MED30
DB00159,PEX11A
DB00159,ABCA1
DB00159,ACSM3
DB00159,MED1
DB00159,CYP7A1
DB00159,MED12
DB00159,ACSM1
DB00159,MED18
DB00159,HDAC3
DB00159,PCSK1
DB00159,HELZ2
DB00159,PPARG
DB00159,NPAS2
DB00159,NCOA3
DB00159,ABCB4
DB00159,CPT2
DB00159,ANGPTL4
DB00159,HMGCR
DB00159,CD36
DB00159,MED24
DB00159,NFYA
DB00159,MED22
DB00159,NCOA1
DB00159,MED23
DB00159,FADS1
DB00159,HMGCS1
DB00159,HMGCS2
DB00159,ACSL4
DB00159,ME1
DB00159,FHL2
DB00159,NCOA2
DB00159,MED14
DB00159,NFYC
DB00159,GCG
DB00159,NCOR2
DB00159,ACSM4
DB00159,GRHL1
DB00159,MED16
DB00159,CARM1
DB00159,MED13
DB00159,MED25
DB00159,ACSM5
DB00159,SP1
DB00159,MED19
DB00159,ALAS1
DB00159,HIF1A
DB00159,CLOCK
DB00159,ACSM6
DB00159,RGL1
DB00159,ANKRD1
DB00159,TXNRD1
DB00159,OXER1
DB00159,CPT1A
DB00159,MED20
DB00159,CCNC
DB00159,CHD9
DB00159,EP300
DB00159,PPARGC1A
DB00159,MED26
DB00159,PPARA
DB00159,MED15
DB00165,GOT1
DB00165,CBS
DB00165,PDXK
DB00165,PDXP
DB00165,ALDH7A1
DB00165,PHOSPHO2
DB00165,PNPO
DB00165,LOC105372824
DB00166,LIPT1
DB00166,PNP
DB00166,SLC5A6
DB00166,LIAS
DB00169,FGF23
DB00169,BGLAP
DB00169,CDK2
DB00169,IL6
DB00169,CYP27B1
DB00169,SDF4
DB00169,PTH
DB00169,TLR2
DB00169,TNFSF11
DB00169,GC
DB00169,POR
DB00169,S100G
DB00169,KL
DB00169,CYP2R1
DB00169,VDR
DB00169,CYP24A1
DB00170,BGLAP
DB00170,F7
DB00170,GGCX
DB00170,F10
DB00170,NQO2
DB00170,F9
DB00170,PROZ
DB00170,NQO1
DB00170,AOX1
DB00170,MAOB
DB00170,VKORC1
DB00170,F2
DB00170,VKORC1L1
DB00170,IDO1
DB00170,TGM2
DB00170,CDC25B
DB00170,PROS1
DB00170,PROC
DB00173,MTAP
DB00173,PECR
DB00173,APRT
DB00173,ACACB
DB00173,MRI1
DB00173,ACP1
DB00173,PNP
DB00173,ALKBH8
DB00173,SRPK2
DB00173,SLC29A2
DB00173,P2RY1
DB00173,HPRT1
DB00173,SLC29A3
DB00173,ALKBH4
DB00173,ALKBH5
DB00173,ALKBH7
DB00173,ALKBH1
DB00173,ALKBH3
DB00173,MUTYH
DB00175,APOB
DB00175,HDAC2
DB00175,HMGCR
DB00175,CETP
DB00175,LCAT
DB00175,CYP3A4
DB00175,CRP
DB00175,NOS3
DB00175,CCL2
DB00175,SELP
DB00175,SLCO1B1
DB00176,CYP1A1
DB00176,SLC6A4
DB00176,KCNH2
DB00176,CYP2C9
DB00176,SLC6A3
DB00176,HTR2A
DB00176,CYP1A2
DB00176,CYP2C19
DB00177,AGTR2
DB00177,AGTR1
DB00177,CCL2
DB00177,REN
DB00178,ACE
DB00178,ALB
DB00178,REN
DB00179,ALOX5
DB00179,CYP19A1
DB00179,CASP3
DB00179,ODC1
DB00179,IGF1R
DB00179,TNF
DB00179,ALOX12
DB00179,LOX
DB00179,SHBG
DB00180,NR3C1
DB00181,GABBR2
DB00181,GABBR1
DB00181,ADCY10
DB00182,HTR1A
DB00182,CYP2A6
DB00182,SLC6A2
DB00182,SLC6A4
DB00182,CARTPT
DB00182,TAAR1
DB00182,SLC18A2
DB00182,MAOB
DB00182,DRD2
DB00182,SLC6A3
DB00183,GAST
DB00183,CCKBR
DB00183,CALCA
DB00184,FMO1
DB00184,CYP2U1
DB00184,CYP19A1
DB00184,CHRNA2
DB00184,CHRNA9
DB00184,CHRNA10
DB00184,CYP2A13
DB00184,IL10
DB00184,CHAT
DB00184,CHRNA7
DB00184,UGT1A4
DB00184,TNF
DB00184,CHRNA5
DB00184,TH
DB00184,CHRNA3
DB00184,CYP2S1
DB00184,CYP2A6
DB00184,FOS
DB00184,STAR
DB00184,UGT2B10
DB00184,FMO2
DB00184,CHRNA6
DB00184,SRC
DB00184,IL2
DB00184,CYP2E1
DB00184,SLC6A3
DB00184,FMO5
DB00184,AKT1
DB00184,PNMT
DB00184,UGT2B11
DB00184,FGF2
DB00184,CYP2A7
DB00184,CHRNB2
DB00184,CYP2B6
DB00184,PTGS2
DB00184,CHRNA4
DB00184,CYP1A1
DB00184,CHRNB4
DB00184,HTR2A
DB00184,VEGFA
DB00184,INMT
DB00184,CNR1
DB00184,CYP4X1
DB00184,FMO3
DB00184,FMO4
DB00184,CHRNB3
DB00185,CHRM1
DB00185,CHRM3
DB00186,GABRR3
DB00186,GABRD
DB00186,GABRA4
DB00186,GABRB3
DB00186,GABRB1
DB00186,GABRE
DB00186,GABRQ
DB00186,GABRP
DB00186,GABRR2
DB00186,GABRB2
DB00186,GABRA6
DB00186,GABRA5
DB00186,GABRG3
DB00186,GABRA2
DB00186,TSPO
DB00186,GABRA1
DB00186,GABRA3
DB00186,GABRG1
DB00186,GABRR1
DB00186,GABRG2
DB00187,ADRB1
DB00188,MAPK8
DB00188,PSMA2
DB00188,PSMA7
DB00188,PSMB8
DB00188,JUN
DB00188,TNFRSF10A
DB00188,BCL2L11
DB00188,PSMA3
DB00188,PSMA4
DB00188,XBP1
DB00188,ESR1
DB00188,PSMB5
DB00188,CDKN1A
DB00188,PSMD1
DB00188,PSMA1
DB00188,PSMB1
DB00188,CTRL
DB00188,MCL1
DB00188,NFKBIA
DB00188,HSP90AA1
DB00188,BCL2
DB00188,CASP9
DB00188,HMOX1
DB00188,PSMD2
DB00188,HSPA5
DB00188,PSMB2
DB00188,DKK1
DB00188,NOS3
DB00188,PSMA6
DB00188,TP53
DB00188,AKT1
DB00188,PSMB6
DB00188,PSMA5
DB00188,TNFRSF10B
DB00188,AIFM1
DB00188,PMAIP1
DB00188,PSMB4
DB00188,VEGFA
DB00188,CASP3
DB00188,PSMB7
DB00188,CYCS
DB00188,EIF2AK3
DB00188,CXCL8
DB00188,BAX
DB00188,BCL2L1
DB00188,IL6
DB00188,CDKN1B
DB00189,GABRA3
DB00189,GABRA2
DB00189,GABRB2
DB00189,GABRA6
DB00189,GABRA4
DB00189,GABRA5
DB00189,GABRB3
DB00189,GABRB1
DB00189,GABRA1
DB00190,DDC
DB00191,SLC6A4
DB00191,TAAR1
DB00191,SLC6A3
DB00191,MAOA
DB00191,NPY
DB00191,MAOB
DB00191,SLC6A2
DB00192,SCN5A
DB00193,OPRD1
DB00193,TRPV1
DB00193,SLC6A4
DB00193,SCN2A
DB00193,ADORA1
DB00193,TACR1
DB00193,CHRM1
DB00193,HTR2C
DB00193,OPRM1
DB00193,OPRK1
DB00193,CHRFAM7A
DB00193,SLC6A2
DB00193,CHRM3
DB00193,GRIN3A
DB00194,DPP4
DB00195,ADRB1
DB00195,ADRB2
DB00196,CDR1
DB00196,CYP2C9
DB00196,CYP51A1
DB00196,CYP3A4
DB00197,SLC29A1
DB00197,PPARA
DB00197,GSTP1
DB00197,PPARG
DB00197,ESRRG
DB00197,PPARD
DB00197,SERPINE1
DB00197,ACSL4
DB00197,MAOB
DB00197,ESRRA
DB00198,NEU1
DB00198,NEU2
DB00198,CES1
DB00199,ABCB1
DB00199,CYP3A4
DB00199,MLNR
DB00199,KCNH2
DB00199,MLN
DB00200,TCN1
DB00200,MMAA
DB00200,MMACHC
DB00200,MTRR
DB00200,MTR
DB00200,MMAB
DB00200,MMUT
DB00200,CUBN
DB00200,AMN
DB00202,CHRM2
DB00202,CHRM3
DB00202,BCHE
DB00202,MB
DB00202,ACHE
DB00202,CHRNA10
DB00202,CHRM1
DB00202,CHRFAM7A
DB00203,PDE5A
DB00203,SLCO1B3
DB00203,PDE6C
DB00203,ABCC5
DB00203,PDE6H
DB00203,PDE6G
DB00203,CYP3A4
DB00203,ALDH7A1
DB00203,PRKG1
DB00203,PDE4B
DB00204,KCNK2
DB00204,KCNH2
DB00204,KCNJ12
DB00204,ALG10B
DB00204,KCNH5
DB00204,ALG10
DB00205,DHFR
DB00205,HEXB
DB00205,CYP2C9
DB00205,CHRM1
DB00205,SLC47A1
DB00205,TYMS
DB00206,HTR2A
DB00206,PNMT
DB00206,ABCG2
DB00206,SLC6A4
DB00206,SLC6A2
DB00206,QSOX1
DB00206,SLC6A3
DB00206,BIRC5
DB00206,TH
DB00206,SLC18A1
DB00206,SLC18A2
DB00206,DBH
DB00207,PADI4
DB00208,ITGA2B
DB00208,CYP2C19
DB00208,CYP2B6
DB00208,CYP2C9
DB00208,F2
DB00208,PF4
DB00208,P2RY1
DB00208,P2RY12
DB00208,VWF
DB00208,SERPINC1
DB00208,ADAMTS13
DB00208,PPBP
DB00209,CHRM1
DB00210,RXRB
DB00210,RXRA
DB00210,RARB
DB00210,RXRG
DB00210,RARG
DB00210,RARA
DB00210,PTGS2
DB00210,CRABP2
DB00211,ADRA1B
DB00211,ADRA1D
DB00211,ADRA1A
DB00213,SLC47A1
DB00213,ABCG2
DB00213,SLC22A2
DB00213,ATP12A
DB00213,CYP2C9
DB00213,CYP3A4
DB00213,DDAH1
DB00213,CYP2C19
DB00213,ATP4A
DB00214,SLC12A2
DB00214,TBXA2R
DB00214,CYP2C9
DB00214,SLC12A1
DB00214,REN
DB00215,SLC6A4
DB00215,HTR2C
DB00215,HTR2A
DB00215,SLC6A3
DB00215,KCNH2
DB00215,MAOA
DB00215,MAOB
DB00215,CYP3A4
DB00215,HRH1
DB00215,ADRA1A
DB00215,CHRM1
DB00215,CYP2C19
DB00215,SLC6A2
DB00216,HTR1E
DB00216,HTR7
DB00216,HTR1D
DB00216,HTR1F
DB00216,HTR1A
DB00216,HTR1B
DB00216,HTR2B
DB00216,CYP3A4
DB00217,ADRA2A
DB00217,KCNJ1
DB00217,ADRA2B
DB00217,ADRA2C
DB00218,TOP2A
DB00218,CUL9
DB00219,CHRM1
DB00221,ADRB2
DB00221,ADRB1
DB00222,KCNJ1
DB00222,ABCC8
DB00222,KCNJ11
DB00222,SERPINE1
DB00222,CYP2C9
DB00222,SLC2A4
DB00223,NR3C1
DB00224,CD4
DB00224,CYP3A4
DB00226,SLC6A2
DB00227,APOB
DB00227,HMGCR
DB00227,RAF1
DB00227,APOA1
DB00227,FDFT1
DB00227,CYP2C9
DB00227,HRAS
DB00227,HDAC2
DB00227,NOS3
DB00227,LDLR
DB00227,NR1I2
DB00227,SREBF2
DB00227,LMNA
DB00227,RHOB
DB00227,ABCB1
DB00227,CYP7A1
DB00227,AKT1
DB00227,ITGAL
DB00227,CYP3A4
DB00227,CASP3
DB00227,RASD1
DB00227,RHOA
DB00228,GRIA1
DB00228,ATP5F1D
DB00228,ATP2C1
DB00228,KCNA1
DB00228,GABRA1
DB00228,KCNN4
DB00228,CYP2E1
DB00228,GLRA1
DB00228,KCNMA1
DB00230,CACNA2D1
DB00230,CACNA1A
DB00231,GABRD
DB00231,GABRQ
DB00231,GABRP
DB00231,GABRR2
DB00231,GABRA1
DB00231,GABRE
DB00231,GABRR1
DB00231,GABRB1
DB00231,GABRB3
DB00231,GABRB2
DB00231,GABRA5
DB00231,GABRA4
DB00231,GABRA6
DB00231,TSPO
DB00231,GABRA2
DB00231,GABRA3
DB00231,GABRR3
DB00231,GABRG3
DB00231,GABRG1
DB00231,GABRG2
DB00232,CA1
DB00232,CA2
DB00232,CA4
DB00232,SLC12A1
DB00233,ALOX5
DB00233,PLA2G2E
DB00233,PTGS2
DB00233,PTPN1
DB00233,NAT1
DB00234,CYP2D6
DB00234,SLC6A4
DB00234,HTR2C
DB00234,SLC6A2
DB00235,PDE3B
DB00235,PDE3A
DB00235,PTGS1
DB00235,PDE5A
DB00237,GRIA2
DB00237,CHRNA7
DB00237,GABRA1
DB00237,GABRA2
DB00237,GRIK2
DB00237,CHRNA4
DB00237,GABRA3
DB00237,GABRA6
DB00237,GABRA4
DB00237,GABRA5
DB00238,CYP3A4
DB00239,NR1I2
DB00240,NR3C1
DB00241,GRIA2
DB00241,GABRA5
DB00241,GABRA6
DB00241,GABRA1
DB00241,GABRA3
DB00241,CHRNA4
DB00241,GABRA4
DB00241,GABRA2
DB00241,GRIK2
DB00241,CHRNA7
DB00242,PNP
DB00242,DCK
DB00242,RRM1
DB00242,POLA1
DB00242,POLE3
DB00242,POLE4
DB00242,POLE2
DB00242,POLE
DB00242,RRM2B
DB00242,APAF1
DB00242,RRM2
DB00242,DGUOK
DB00242,PARP1
DB00243,ADRB1
DB00243,KCNH2
DB00243,SCN5A
DB00244,TPMT
DB00244,ALOX5
DB00244,PTGS1
DB00244,PPARG
DB00244,MPO
DB00244,IKBKB
DB00244,PTGS2
DB00245,CHRM3
DB00245,SLC6A2
DB00245,SLC6A4
DB00245,CHRM2
DB00245,CHRM5
DB00245,HRH1
DB00245,CHRM1
DB00245,SLC6A3
DB00245,CHRM4
DB00246,SLC6A4
DB00246,ADRB2
DB00246,ADRB1
DB00246,TBXA2R
DB00246,HTR6
DB00246,ADRA2A
DB00246,HTR1A
DB00246,HTR3A
DB00246,ADRA2C
DB00246,DRD4
DB00246,CHRM4
DB00246,HRH1
DB00246,HTR2A
DB00246,HTR1E
DB00246,ADRA1A
DB00246,HTR2C
DB00246,KCNH2
DB00246,CHRM5
DB00246,DRD2
DB00246,ADRA2B
DB00246,CHRM1
DB00246,DRD5
DB00246,DRD1
DB00246,CHRM2
DB00246,HTR7
DB00246,ADRA1B
DB00246,HTR1B
DB00246,DRD3
DB00246,HTR1D
DB00246,CHRM3
DB00248,HTR1D
DB00248,DRD3
DB00248,HTR2B
DB00248,HTR1B
DB00248,HTR2A
DB00248,ADRA1A
DB00248,ADRA2C
DB00248,DRD2
DB00248,HTR2C
DB00248,DRD1
DB00248,ADRA2A
DB00248,ADRB1
DB00248,DRD4
DB00248,ADRA1D
DB00248,ADRB2
DB00248,HTR7
DB00248,HTR1A
DB00248,DRD5
DB00248,ADRA1B
DB00248,ADRA2B
DB00249,TK1
DB00250,CYP2C9
DB00250,CXCL8
DB00250,HTR6
DB00251,CYP51A1
DB00252,CYP2A13
DB00252,SCN5A
DB00252,CYP2C9
DB00252,SCN1A
DB00252,SCN3A
DB00252,CYP2C18
DB00252,KCNH2
DB00252,ALB
DB00252,CYP3A4
DB00252,CYP2C19
DB00252,SHBG
DB00252,SCN2A
DB00252,NR1I2
DB00252,SCN8A
DB00253,NR3C1
DB00254,MMP3
DB00254,MMP9
DB00254,MMP2
DB00254,MMP8
DB00255,SLC2A1
DB00255,NCOA3
DB00255,ESRRG
DB00255,TRIM25
DB00255,CTSD
DB00255,EGF
DB00255,PRL
DB00255,ESR1
DB00255,MTA3
DB00255,BRCA1
DB00255,GNRH1
DB00255,GTF2A1
DB00255,TUBA8
DB00255,CREBBP
DB00255,ESRRA
DB00255,HOXA10
DB00255,APOE
DB00255,TUBA4A
DB00255,OXT
DB00255,TGFB1
DB00255,NR3C1
DB00255,VEGFA
DB00255,LOC112694756
DB00255,AR
DB00255,MYC
DB00255,EGFR
DB00255,CCND1
DB00255,GAPDH
DB00255,ESR2
DB00255,NR1I2
DB00255,PTH
DB00255,LTF
DB00255,COMT
DB00255,IGF1
DB00255,APOB
DB00255,SHBG
DB00255,ESRRB
DB00255,PGR
DB00255,FOS
DB00255,TNFSF11
DB00255,TP53
DB00255,LRTOMT
DB00255,HSPB1
DB00255,OXTR
DB00255,TUBA1C
DB00255,PELP1
DB00255,GTF2F1
DB00255,IL6
DB00255,TERT
DB00255,LEP
DB00255,GPER1
DB00255,SRC
DB00255,ALB
DB00255,GRIP1
DB00255,GREB1
DB00255,CARM1
DB00255,TUBA1A
DB00255,NOS3
DB00255,EP300
DB00255,POMC
DB00255,ERBB2
DB00255,ABCG2
DB00255,GHRL
DB00255,GTF3A
DB00255,GTF2E1
DB00257,NR1I2
DB00257,CYP17A1
DB00257,CYP51A1
DB00257,ABCB1
DB00257,CYP3A4
DB00257,CYP19A1
DB00257,KCNA3
DB00257,CXCR1
DB00257,AVPR2
DB00257,CCR4
DB00257,KCNH2
DB00257,NR1H4
DB00257,KCNN4
DB00257,TRPM2
DB00259,CA3
DB00259,CA4
DB00259,CA9
DB00259,CA13
DB00259,NAT1
DB00259,CA2
DB00259,CA1
DB00260,GFER
DB00260,GRIN1
DB00261,PDE3A
DB00261,P2RY12
DB00262,GSR
DB00262,MGMT
DB00264,ADRA2C
DB00264,ADRB1
DB00264,ADRB3
DB00264,ADRB2
DB00266,CRYZ
DB00266,NQO1
DB00266,PCSK7
DB00266,GPR35
DB00266,CYP2C9
DB00266,VKORC1
DB00268,DRD4
DB00268,CYP1A2
DB00268,HTR1D
DB00268,DRD1
DB00268,HTR1B
DB00268,DRD2
DB00268,HTR1A
DB00268,HTR7
DB00268,ADRA2C
DB00268,HTR2B
DB00268,DRD3
DB00268,ADRA2B
DB00268,HTR2A
DB00268,HTR2C
DB00268,DRD5
DB00268,ADRA2A
DB00270,CACNA1S
DB00270,CACNA1D
DB00270,CACNA2D2
DB00270,CACNA2D1
DB00270,CACNA1H
DB00270,CACNA1C
DB00270,CACNB2
DB00271,NAGLU
DB00272,HRH2
DB00273,CA12
DB00273,CA1
DB00273,GRIK1
DB00273,CA5A
DB00273,CA2
DB00273,CA4
DB00273,GABRA1
DB00273,CA9
DB00273,CA13
DB00273,CA7
DB00273,SCN1A
DB00275,AGTR1
DB00276,ALB
DB00276,TOP2B
DB00276,AOX1
DB00276,SLC22A1
DB00276,CYP2D6
DB00276,KCNH2
DB00276,TP53
DB00276,ORM1
DB00276,TOP2A
DB00277,ADORA2A
DB00277,PDE4A
DB00277,ADORA1
DB00277,PDE3A
DB00277,PDE4B
DB00277,HDAC2
DB00277,ADORA2B
DB00277,PDE5A
DB00277,CYP2E1
DB00277,SST
DB00277,IL13
DB00277,PARP1
DB00277,CYP1A2
DB00277,TMIGD3
DB00278,F2
DB00279,UGT2B11
DB00279,THRA
DB00279,SULT1A1
DB00279,SULT1A2
DB00279,UGT2B10
DB00279,THRB
DB00279,DIO2
DB00279,DIO1
DB00279,CTSD
DB00279,UGT1A8
DB00280,CHRM3
DB00280,KCND2
DB00280,SCN5A
DB00280,CHRM2
DB00280,SLC22A2
DB00280,ORM2
DB00280,KCNH2
DB00280,CHRM1
DB00280,KCND3
DB00281,SCN10A
DB00281,SCN9A
DB00281,SCN5A
DB00281,TRPV1
DB00281,CASP3
DB00281,EGFR
DB00281,CYP1A2
DB00281,SCN4A
DB00281,ORM1
DB00281,CYP3A4
DB00282,FDPS
DB00283,HRH1
DB00283,SLC22A1
DB00284,MGAM
DB00284,AMY2A
DB00284,SI
DB00284,GAA
DB00285,CHRM2
DB00285,ADRA2A
DB00285,NPY1R
DB00285,HTR2A
DB00285,HTR2C
DB00285,SLC6A4
DB00285,HTR6
DB00285,SLC6A3
DB00285,SLC6A2
DB00285,CHRM1
DB00286,ESR1
DB00286,ESR2
DB00287,PTGFR
DB00288,NR3C1
DB00288,ANXA1
DB00289,KCNJ3
DB00289,KCNH2
DB00289,SLC6A3
DB00289,SLC6A4
DB00289,SLC6A2
DB00289,OPRK1
DB00290,LIG3
DB00290,TGFB1
DB00290,LIG1
DB00290,CCN2
DB00291,GSTP1
DB00293,TYMS
DB00293,DHFR
DB00293,FPGS
DB00294,SHBG
DB00294,PGR
DB00294,ESR1
DB00294,CYP2C19
DB00295,OPRL1
DB00295,OPRM1
DB00295,OPRD1
DB00295,ARRB2
DB00295,JUN
DB00295,PDYN
DB00295,UGT1A4
DB00295,HTR2A
DB00295,UGT1A7
DB00295,OPRK1
DB00295,UGT1A3
DB00295,UGT1A8
DB00295,UGT2B4
DB00295,UGT1A6
DB00295,CAPN1
DB00295,UGT2B10
DB00295,UGT2B15
DB00295,UGT2B17
DB00295,NPFF
DB00295,FOS
DB00295,TACR1
DB00295,UGT1A5
DB00295,ADCY10
DB00295,PRKCG
DB00295,PDGFB
DB00295,UGT2A3
DB00295,POMC
DB00295,TAC1
DB00295,UGT2B11
DB00295,CASP3
DB00295,UGT1A10
DB00295,UGT1A9
DB00295,UGT2B7
DB00295,CNR1
DB00295,TH
DB00296,SCN10A
DB00297,PTGER1
DB00297,SCN10A
DB00298,ADRA1A
DB00298,ADRA1B
DB00298,ADRA1D
DB00302,PLG
DB00302,PLAT
DB00304,PROS1
DB00304,APOA1
DB00304,ESR1
DB00304,F7
DB00304,PGR
DB00304,SHBG
DB00305,CASP3
DB00305,BRCA1
DB00305,MX1
DB00305,BRCA2
DB00305,XRCC2
DB00305,TP53
DB00305,RAD51
DB00305,CXCL8
DB00305,NQO1
DB00305,TOP1
DB00306,GRIK2
DB00306,CHRNA4
DB00306,GABRA1
DB00306,GRIA2
DB00306,CHRNA7
DB00306,GABRA2
DB00306,GABRA4
DB00306,GABRA6
DB00306,GABRA5
DB00306,GABRA3
DB00307,RXRB
DB00307,RARG
DB00307,RARB
DB00307,RXRG
DB00307,RXRA
DB00307,PPARG
DB00307,TP53
DB00307,RARA
DB00308,CACNA1C
DB00308,KCNH2
DB00308,CACNB1
DB00308,KCNH6
DB00308,CACNA2D1
DB00308,KCNK6
DB00308,CACNG1
DB00308,KCNH7
DB00308,KCNK1
DB00308,KCNJ11
DB00309,TUBB1
DB00310,CA2
DB00310,CA1
DB00310,SLC12A1
DB00312,GABRA1
DB00312,GRIA2
DB00312,GABRA4
DB00312,GABRA2
DB00312,GABRA5
DB00312,REN
DB00312,GABRA3
DB00312,SLC2A1
DB00312,GRIK2
DB00312,CHRNA7
DB00312,CHRNA4
DB00312,GABRA6
DB00312,NR1I2
DB00313,ABAT
DB00313,HDAC9
DB00313,HDAC1
DB00313,PPARD
DB00313,CYP2C9
DB00313,ABCB1
DB00313,PPARG
DB00313,ALDH5A1
DB00313,CYP2A6
DB00313,ACADSB
DB00313,SMN1
DB00313,GSK3B
DB00313,HDAC2
DB00313,RELN
DB00313,CYP2B6
DB00313,PPARA
DB00313,OGDH
DB00315,HTR1A
DB00315,HTR1B
DB00315,CYP1A2
DB00315,HTR1F
DB00315,HTR1D
DB00316,TRPV1
DB00316,CYP3A4
DB00316,CA7
DB00316,CA3
DB00316,CA12
DB00316,NR1I3
DB00316,PTGES3
DB00316,SULT1A1
DB00316,CYP1A1
DB00316,PTGS1
DB00316,PTGS2
DB00316,UGT1A6
DB00316,CYP2E1
DB00316,BPNT1
DB00316,CYP1A2
DB00317,EGFR
DB00317,MINK1
DB00317,ABCG2
DB00317,MET
DB00317,BCL2
DB00317,FOXO3
DB00317,ERBB4
DB00317,SRC
DB00317,VEGFA
DB00317,MAPK3
DB00317,HCK
DB00317,IFI27L2
DB00317,RPS6KA4
DB00317,RET
DB00317,AURKA
DB00317,ERBB3
DB00317,FGR
DB00317,KIT
DB00317,PHKG2
DB00317,EPHA3
DB00317,LTK
DB00317,AXL
DB00317,KDR
DB00317,ERBB2
DB00317,FLT3
DB00317,LCK
DB00317,RIPK2
DB00317,EPHB6
DB00317,GAK
DB00317,PIP4K2C
DB00317,MAP3K3
DB00317,DCLK3
DB00317,NUAK2
DB00317,SLK
DB00317,MKNK2
DB00317,STK36
DB00317,CASP3
DB00317,IRAK4
DB00317,STK17A
DB00317,EPHA6
DB00317,TNIK
DB00317,MAP3K2
DB00317,STK10
DB00317,CHEK2
DB00317,ABL1
DB00317,EGF
DB00317,NLK
DB00317,HIPK4
DB00317,STK17B
DB00317,CDK7
DB00317,ABL2
DB00317,MAP3K19
DB00317,SBK1
DB00317,PRKD1
DB00317,MAPK9
DB00317,CSNK1D
DB00317,CSNK1E
DB00317,MAPK10
DB00317,EPHB4
DB00317,MAP2K5
DB00317,EPHB1
DB00317,IRAK1
DB00317,EPHA5
DB00318,OPRK1
DB00318,OPRM1
DB00318,OPRD1
DB00320,HTR1B
DB00320,ADRA2A
DB00320,SLC47A1
DB00320,HTR2B
DB00320,HTR1D
DB00320,HTR2A
DB00320,ADRA1D
DB00320,CYP3A4
DB00321,CHRM4
DB00321,CHRM1
DB00321,OPRK1
DB00321,ADRA1D
DB00321,HTR1D
DB00321,SLC6A2
DB00321,OPRM1
DB00321,ADRA1A
DB00321,CHRM5
DB00321,HTR2A
DB00321,HTR6
DB00321,HRH3
DB00321,NTRK1
DB00321,HRH1
DB00321,KCNQ2
DB00321,ORM2
DB00321,KCNA1
DB00321,ADRA2A
DB00321,DRD2
DB00321,DRD1
DB00321,CHRM2
DB00321,DRD5
DB00321,HRH2
DB00321,HTR2C
DB00321,SLC6A4
DB00321,DRD3
DB00321,SLC6A3
DB00321,SCN5A
DB00321,SCN9A
DB00321,SCN2A
DB00321,OPRD1
DB00321,HRH4
DB00321,CHRM3
DB00321,CYP2C19
DB00321,KCND2
DB00321,KCNQ3
DB00321,HTR1A
DB00321,HTR7
DB00321,KCND3
DB00321,ADRA1B
DB00321,HTR1B
DB00322,TYMS
DB00322,TK1
DB00322,TYMP
DB00323,COMT
DB00324,NR3C1
DB00325,ACHE
DB00325,NPR1
DB00327,OPRD1
DB00327,OPRK1
DB00327,OPRM1
DB00328,EDN3
DB00328,SEC23IP
DB00328,PGF
DB00328,REN
DB00328,IL1B
DB00328,TNF
DB00328,PTGR2
DB00328,PTGS2
DB00328,PLA2G2A
DB00328,PTGER2
DB00328,IL6
DB00328,ODC1
DB00328,MPO
DB00328,AR
DB00328,ALOX5
DB00328,GLO1
DB00328,NOS3
DB00328,ALB
DB00328,PTGIR
DB00328,PPARG
DB00328,CASP8
DB00328,EDN1
DB00328,AKR1C2
DB00328,PPARA
DB00328,APP
DB00328,AKR1C3
DB00328,PTGS1
DB00328,MMP1
DB00328,CTNNB1
DB00328,CXCL8
DB00328,MMP9
DB00328,PTGER3
DB00328,TBXA2R
DB00328,TBXAS1
DB00328,AKR1B1
DB00328,PTGDR2
DB00328,SLC22A6
DB00328,SLC22A8
DB00328,SLCO1B1
DB00328,NOS2
DB00331,PRKAB1
DB00331,PRKAA2
DB00331,SLC47A1
DB00331,CASP3
DB00331,LEP
DB00331,IRS1
DB00331,ADIPOQ
DB00331,INSR
DB00331,PPARG
DB00331,STK11
DB00331,SLC2A4
DB00331,HBA2
DB00331,GSK3B
DB00331,SLC47A2
DB00331,DPP4
DB00331,MTOR
DB00331,SLC22A1
DB00331,SLC22A2
DB00331,NFKBIA
DB00331,MMP9
DB00331,GLP1R
DB00331,GCG
DB00331,IGFBP1
DB00331,SERPINE1
DB00331,PLAT
DB00331,CYP17A1
DB00331,HMOX1
DB00331,RETN
DB00331,GPD1
DB00332,CHRM3
DB00332,CHRM2
DB00332,CHRM1
DB00333,CYP2B6
DB00333,OPRM1
DB00333,GRIN3A
DB00333,OPRD1
DB00333,KCNH2
DB00333,OPRK1
DB00333,CHRNA10
DB00333,CHRNA4
DB00333,ABCB1
DB00333,HTR3A
DB00333,CHRNA7
DB00333,CYP3A4
DB00333,CHRNB2
DB00334,HTR1A
DB00334,HTR1B
DB00334,DRD2
DB00334,HTR6
DB00334,CHRM3
DB00334,HTR2B
DB00334,HTR7
DB00334,DRD1
DB00334,CHRM5
DB00334,DRD4
DB00334,ADRA2C
DB00334,HTR2A
DB00334,HTR1E
DB00334,CHRM2
DB00334,DRD5
DB00334,CHRM1
DB00334,HTR2C
DB00334,HTR3A
DB00334,DRD3
DB00334,ADRA2B
DB00334,PRL
DB00334,ADRA1A
DB00334,HRH1
DB00334,ADRA1B
DB00334,ADRA2A
DB00334,CYP1A2
DB00334,KCNH2
DB00334,AKT1
DB00334,CHRM4
DB00334,HTR1F
DB00334,HTR1D
DB00334,HRH2
DB00335,ADRB1
DB00335,ADCY10
DB00335,ADRB2
DB00335,LTF
DB00335,REN
DB00337,FKBP1A
DB00337,MTOR
DB00338,CYP3A4
DB00338,GAST
DB00338,CYP1A1
DB00338,CYP1A2
DB00338,ATP4A
DB00338,ATP12A
DB00338,CYP2C19
DB00340,CHRM4
DB00340,CHRM5
DB00340,CHRM2
DB00340,CHRM3
DB00340,CHRM1
DB00341,HRH1
DB00341,CXCL8
DB00342,ABCB1
DB00342,KCNH2
DB00342,CHRM4
DB00342,CHRM2
DB00342,CHRM1
DB00342,CHRM5
DB00342,CYP3A4
DB00342,CYP2J2
DB00342,CHRM3
DB00342,HRH1
DB00343,CACNG1
DB00343,CYP3A4
DB00343,CACNA1C
DB00343,REN
DB00343,EDN1
DB00344,SLC6A4
DB00344,SLC6A2
DB00344,SLC6A3
DB00345,SLC22A6
DB00345,SLC22A7
DB00345,SLC22A8
DB00346,KCNH2
DB00346,ADRA1B
DB00346,ADRA1D
DB00346,ADRA1A
DB00347,CACNA1G
DB00348,HPD
DB00348,FAH
DB00349,GABRA6
DB00349,GABRB1
DB00349,GABRA1
DB00349,GABRR1
DB00349,GABRR2
DB00349,GABRR3
DB00349,GABRG2
DB00349,GABRG1
DB00349,GABRA3
DB00349,GABRG3
DB00349,GABRA4
DB00349,GABRA5
DB00349,GABRD
DB00349,GABRB3
DB00349,GABRA2
DB00349,GABRQ
DB00349,GABRP
DB00349,GABRE
DB00349,GABRB2
DB00350,PTGS1
DB00350,KCNJ1
DB00350,REN
DB00351,NR3C1
DB00351,PGR
DB00352,HPRT1
DB00353,HTR1E
DB00353,DRD1
DB00353,HTR2A
DB00353,HTR2B
DB00353,OXTR
DB00353,HTR1F
DB00354,CHRM1
DB00354,HRH1
DB00356,CYP2E1
DB00356,CYP1A1
DB00356,CYP1A2
DB00356,KCNMA1
DB00356,CYP2A7
DB00357,CYP11A1
DB00357,CYP19A1
DB00358,HBA2
DB00358,ADORA2A
DB00358,HBA1
DB00358,KCNH2
DB00360,SPR
DB00360,NOS3
DB00360,TPH2
DB00360,QDPR
DB00360,PAH
DB00360,TPH1
DB00360,TH
DB00361,TUBB
DB00363,ADRA2C
DB00363,HRH4
DB00363,CHRM2
DB00363,HRH2
DB00363,HTR1B
DB00363,CHRM3
DB00363,DRD4
DB00363,CHRM1
DB00363,HTR1D
DB00363,FOS
DB00363,GSTP1
DB00363,HTR7
DB00363,CYP1A2
DB00363,ADRA1B
DB00363,HTR2C
DB00363,DRD3
DB00363,DRD2
DB00363,CYP2C19
DB00363,HTR1E
DB00363,HTR2A
DB00363,ADRA1D
DB00363,CHRM4
DB00363,ADRA1A
DB00363,HRH1
DB00363,TH
DB00363,CHRM5
DB00363,ADRA2B
DB00363,DRD1
DB00363,HTR6
DB00363,DRD5
DB00363,AKT1
DB00363,ADRA2A
DB00363,HRH3
DB00363,KCNH2
DB00363,HTR5A
DB00363,HTR3A
DB00363,SLC6A4
DB00363,HTR1A
DB00363,CALY
DB00363,HTR1F
DB00363,CYP3A4
DB00363,HTR2B
DB00364,EGF
DB00364,FGA
DB00364,FGF2
DB00364,PGA3
DB00364,FGG
DB00364,FGB
DB00365,CUL9
DB00366,HRH1
DB00366,CHRM1
DB00367,PGR
DB00367,SRD5A1
DB00367,AR
DB00367,SHBG
DB00367,NR3C1
DB00367,ESR1
DB00368,ADRA1B
DB00368,ADRA2B
DB00368,ADRB2
DB00368,GLP1R
DB00368,ADRA2C
DB00368,UTS2B
DB00368,MAOA
DB00368,PTGDR2
DB00368,NPB
DB00368,CCR4
DB00368,NPY2R
DB00368,HTR1F
DB00368,UTS2R
DB00368,PENK
DB00368,OXTR
DB00368,CCR8
DB00368,VIPR1
DB00368,TAS2R60
DB00368,LPAR5
DB00368,FFAR3
DB00368,S1PR5
DB00368,RXFP3
DB00368,GPR132
DB00368,GALR2
DB00368,FPR2
DB00368,CCR6
DB00368,NPY5R
DB00368,TRIO
DB00368,RGS4
DB00368,GNA13
DB00368,NTSR1
DB00368,GNAI3
DB00368,PTH1R
DB00368,EDN3
DB00368,RGS19
DB00368,MC2R
DB00368,TAS2R42
DB00368,NPW
DB00368,GNG2
DB00368,ARHGEF25
DB00368,CCK
DB00368,ADORA2A
DB00368,OPRL1
DB00368,ARHGEF1
DB00368,FPR3
DB00368,HTR7
DB00368,AVPR2
DB00368,PLCB1
DB00368,CCKBR
DB00368,NPBWR1
DB00368,GAST
DB00368,CALCA
DB00368,CNR1
DB00368,TMIGD3
DB00368,COMT
DB00368,CCL28
DB00368,HTR4
DB00368,PYY
DB00368,GNAI1
DB00368,GPR18
DB00368,ADRB3
DB00368,ADRB1
DB00368,GRM8
DB00368,QRFP
DB00368,CALCB
DB00368,C5AR1
DB00368,SAA1
DB00368,PTGER3
DB00368,GIP
DB00368,SSTR2
DB00368,CCR9
DB00368,GRM7
DB00368,LPAR6
DB00368,OPRM1
DB00368,RGS10
DB00368,XCL2
DB00368,PMCH
DB00368,CCR10
DB00368,CRHR2
DB00368,HRH3
DB00368,NPBWR2
DB00368,KISS1
DB00368,NPY1R
DB00368,DRD2
DB00368,CXCL9
DB00368,RXFP4
DB00368,SUCNR1
DB00368,RGS7
DB00368,AGT
DB00368,SLC22A2
DB00368,SLC22A1
DB00368,VIP
DB00368,ADCY2
DB00368,RGS1
DB00368,RGS18
DB00368,XCL1
DB00368,GRM3
DB00368,TBXA2R
DB00368,MLN
DB00368,GCG
DB00368,QRFPR
DB00368,NMB
DB00368,GRM2
DB00368,ADM2
DB00368,EDN1
DB00368,HTR2A
DB00368,OXER1
DB00368,MAOB
DB00368,LPAR3
DB00368,DBH
DB00368,PTGFR
DB00368,GNAS
DB00368,OPN4
DB00368,EDN2
DB00368,CCL27
DB00368,CYSLTR1
DB00368,TACR2
DB00368,CXCR3
DB00368,HCRTR1
DB00368,GRM4
DB00368,HCRTR2
DB00368,NPY4R
DB00368,GRK5
DB00368,TAS2R13
DB00368,SYT1
DB00368,VIPR2
DB00368,GLP2R
DB00368,GNA15
DB00368,P2RY13
DB00368,TAC1
DB00368,F2R
DB00368,CCL25
DB00368,ADRA1D
DB00368,GPR55
DB00368,GRPR
DB00368,ADRA1A
DB00368,TH
DB00368,TAS2R1
DB00368,CHRM5
DB00368,DRD3
DB00368,HCAR2
DB00368,TAS2R19
DB00368,CXCL12
DB00368,TAS2R31
DB00368,AVP
DB00368,S1PR3
DB00368,CNR2
DB00368,GNA14
DB00368,RGS6
DB00368,MC1R
DB00368,GIPR
DB00368,BDNF
DB00368,ADCYAP1
DB00368,CHRM4
DB00368,TAS2R39
DB00368,HRH1
DB00368,ARHGEF12
DB00368,TAS2R38
DB00368,NPS
DB00368,GNAT3
DB00368,GCGR
DB00368,LPAR2
DB00368,FSHR
DB00368,TAS2R41
DB00368,TAS2R40
DB00368,RGS14
DB00368,CXCR4
DB00368,LINC02210-CRHR1
DB00368,P2RY4
DB00368,PAH
DB00368,PRH1-TAS2R14
DB00368,NMS
DB00368,EDNRB
DB00368,HRH2
DB00368,CXCL1
DB00368,PTHLH
DB00368,HTR1B
DB00368,TAS2R46
DB00368,ADCY5
DB00368,CASR
DB00368,TAS2R30
DB00368,TAS2R50
DB00368,RIMS1
DB00368,GPBAR1
DB00368,TAS2R43
DB00368,LTB4R2
DB00368,GPR68
DB00368,HCAR3
DB00368,ADCYAP1R1
DB00368,CCR3
DB00368,TAS2R20
DB00368,CXCL2
DB00368,CCL20
DB00368,CALCR
DB00368,EDNRA
DB00368,VAMP2
DB00368,GNAI2
DB00368,TACR3
DB00368,GRK2
DB00368,ADCY6
DB00368,XCR1
DB00368,P2RY2
DB00368,TRHR
DB00368,P2RY6
DB00368,GPRC6A
DB00368,CCL19
DB00368,ADORA1
DB00368,P2RY14
DB00368,ADCY4
DB00368,RXFP1
DB00368,PTGER4
DB00368,MTNR1A
DB00368,HTR1A
DB00368,MC5R
DB00368,CXCR2
DB00368,GPR4
DB00368,DRD5
DB00368,NMUR1
DB00368,LRTOMT
DB00368,CXCL10
DB00368,CPLX1
DB00368,S1PR1
DB00368,P2RY1
DB00368,ADORA2B
DB00368,CCKAR
DB00368,CXCR6
DB00368,NTSR2
DB00368,TRH
DB00368,PTGDR
DB00368,P2RY12
DB00368,LTB4R
DB00368,HTR1E
DB00368,NPFFR2
DB00368,GHRHR
DB00368,CHRM2
DB00368,PROKR1
DB00368,LHCGR
DB00368,ADCY9
DB00368,SSTR5
DB00368,TAC3
DB00368,MC4R
DB00368,GALR1
DB00368,AVPR1A
DB00368,OXGR1
DB00368,CXCL3
DB00368,RXFP2
DB00368,NOS3
DB00368,GPER1
DB00368,PNOC
DB00368,ADCY1
DB00368,SLC29A4
DB00368,F2RL1
DB00368,F2RL2
DB00368,CCR1
DB00368,PPBP
DB00368,TSHR
DB00368,MTRNR2L2
DB00368,TACR1
DB00368,ADRA2A
DB00368,RGS20
DB00368,GRM5
DB00368,PTAFR
DB00368,FPR1
DB00368,CXCL16
DB00368,HCRT
DB00368,PTGER1
DB00368,CCR5
DB00368,CCR2
DB00368,PROK2
DB00368,CXCR5
DB00368,HTR6
DB00368,HTR5A
DB00368,C3AR1
DB00368,SST
DB00368,GNAQ
DB00368,ADCY8
DB00368,APP
DB00368,GRM1
DB00368,PTH
DB00368,PTGIR
DB00368,HEBP1
DB00368,CXCR1
DB00368,CXCL5
DB00368,CXCL13
DB00368,CHRM1
DB00368,CXCL8
DB00368,GNRH1
DB00368,SLC18A1
DB00368,HTR2C
DB00368,TAAR1
DB00368,AGTR1
DB00368,ACKR3
DB00368,SNAP25
DB00368,PTH2R
DB00368,REN
DB00368,CRH
DB00368,PROK1
DB00368,SLC6A3
DB00368,PNMT
DB00368,GPR65
DB00368,SSTR1
DB00368,NPFF
DB00368,GAL
DB00368,GPR17
DB00368,PLCB3
DB00368,ADCY7
DB00368,PTH2
DB00368,GALR3
DB00368,NPFFR1
DB00368,OPRK1
DB00368,NPSR1
DB00368,SCTR
DB00368,AGTR2
DB00368,SLC18A2
DB00368,CCL21
DB00368,HTR2B
DB00368,NMBR
DB00368,ANXA1
DB00368,ADM
DB00368,APLNR
DB00368,HRH4
DB00368,GRP
DB00368,NTS
DB00368,CHRM3
DB00368,NMUR2
DB00368,SSTR4
DB00368,PIK3CA
DB00368,NMU
DB00368,POMC
DB00368,MTNR1B
DB00368,LPAR1
DB00368,KISS1R
DB00368,GNRHR
DB00368,CCR7
DB00368,FFAR1
DB00368,FFAR2
DB00368,S1PR4
DB00368,TAS2R16
DB00368,GNRH2
DB00368,PTGER2
DB00368,MC3R
DB00368,NPY
DB00368,TAS2R3
DB00368,GHSR
DB00368,TAS2R9
DB00368,TAS2R7
DB00368,IAPP
DB00368,TAS2R10
DB00368,C3
DB00368,MCHR2
DB00368,CYSLTR2
DB00368,CXCL11
DB00368,KALRN
DB00368,GRM6
DB00368,TAS2R4
DB00368,F2RL3
DB00368,CXCL6
DB00368,PPY
DB00368,C5
DB00368,SLC6A2
DB00368,MLNR
DB00368,OXT
DB00368,PDYN
DB00368,PROKR2
DB00368,BDKRB1
DB00368,TAS2R5
DB00368,RGS17
DB00368,DRD4
DB00368,P2RY10
DB00368,GNA11
DB00368,UTS2
DB00368,OPRD1
DB00368,RGS2
DB00368,GHRH
DB00368,TAS2R8
DB00368,MCHR1
DB00368,SCT
DB00368,RAB3A
DB00368,PLCB2
DB00368,ADCY3
DB00370,DRD2
DB00370,HTR3A
DB00370,HTR1A
DB00370,ADRA2A
DB00370,CYP1A2
DB00370,SLC6A2
DB00370,DRD3
DB00370,CYP3A4
DB00370,HTR2A
DB00370,HTR7
DB00370,HTR2C
DB00370,ADRA2B
DB00370,ADRA2C
DB00370,SLC6A4
DB00370,OPRK1
DB00370,SLC6A3
DB00370,HRH1
DB00370,DRD1
DB00370,ADRA1A
DB00371,GABRA1
DB00371,GABRA3
DB00371,GABRA5
DB00371,GABRA6
DB00371,GABRA2
DB00371,GABRA4
DB00372,DRD1
DB00372,DRD2
DB00372,DRD4
DB00373,ADRB1
DB00373,ADRB2
DB00373,ADRB3
DB00374,PTGIR
DB00374,PPARD
DB00374,PTGER3
DB00374,P2RY12
DB00374,PTGER4
DB00376,CHRM3
DB00376,CHRM5
DB00376,CHRM4
DB00376,CHRM1
DB00376,CHRM2
DB00377,HTR3A
DB00378,PGR
DB00379,SCN5A
DB00379,CYP1A2
DB00379,PLAU
DB00379,KCNH2
DB00379,SCN2A
DB00379,AHR
DB00380,TOP2A
DB00380,TOP2B
DB00381,KCNK2
DB00381,ADRA1D
DB00381,ADRA1A
DB00381,CACNB1
DB00381,CACNA1D
DB00381,CACNA1B
DB00381,CACNA1C
DB00381,CACNA2D3
DB00381,ADRA1B
DB00381,CACNB2
DB00381,CACNA1S
DB00381,CACNA1I
DB00381,CA1
DB00381,SMPD1
DB00381,CYP2B6
DB00381,REN
DB00381,CACNA2D1
DB00382,BCHE
DB00382,ACHE
DB00382,SLC47A1
DB00382,CNR2
DB00382,CHRNE
DB00382,CHRM2
DB00382,CYP1A2
DB00382,SLC22A2
DB00382,CNR1
DB00382,CES1
DB00383,CHRM1
DB00383,CHRM2
DB00383,CHRM3
DB00384,SCNN1D
DB00384,SCNN1G
DB00384,SCNN1A
DB00384,SCNN1B
DB00385,TOP2A
DB00387,CHRM2
DB00387,CHRM3
DB00387,CHRM4
DB00387,CHRM1
DB00387,CHRM5
DB00388,ADRA1B
DB00388,ADCY10
DB00388,NOS3
DB00388,MAPK3
DB00388,POMC
DB00388,AKT1
DB00388,PRKCA
DB00388,ADRA1A
DB00388,ADM
DB00388,REN
DB00388,ADRA1D
DB00388,AGT
DB00389,TPO
DB00390,ATP1A1
DB00390,HIF1A
DB00390,SLCO4C1
DB00390,ABCG2
DB00390,ABCB1
DB00390,REN
DB00391,DRD2
DB00391,CA1
DB00391,CA9
DB00391,CA7
DB00391,DRD4
DB00391,CA5A
DB00391,DRD3
DB00391,CA2
DB00391,CA5B
DB00392,CHRM2
DB00392,CHRM1
DB00392,GRIN3A
DB00392,BCHE
DB00392,ACHE
DB00393,NR1I2
DB00393,CACNA1F
DB00393,CACNB1
DB00393,CACNB2
DB00393,NR1H4
DB00393,CACNA1S
DB00393,CACNB4
DB00393,CACNA1D
DB00393,NR3C2
DB00393,CACNB3
DB00393,CACNA1C
DB00393,AHR
DB00394,NR3C1
DB00395,GABRA5
DB00395,GABRB2
DB00395,GABRA1
DB00395,GABRA3
DB00396,ABCG2
DB00396,HRAS
DB00396,AKR1C1
DB00396,IGF1
DB00396,CXCL8
DB00396,PGR
DB00396,NOS3
DB00396,SHBG
DB00396,CYP11B2
DB00396,PRL
DB00396,AR
DB00396,OXTR
DB00396,VEGFA
DB00396,CATSPER1
DB00396,IRS2
DB00396,OPRK1
DB00396,GNAS
DB00396,CYP17A1
DB00396,SRC
DB00396,AKR1D1
DB00396,MMP7
DB00396,CATSPERD
DB00396,ESR1
DB00396,MAPK1
DB00396,OXT
DB00396,NR3C1
DB00396,SRD5A3
DB00396,CGA
DB00396,HSD3B1
DB00396,HSD3B2
DB00396,ORM1
DB00396,GPBAR1
DB00396,CYP2C9
DB00396,SLC22A3
DB00396,SLC22A1
DB00396,HSD11B2
DB00396,NR3C2
DB00396,SIGMAR1
DB00396,AKR1C2
DB00396,TP53
DB00396,EGFR
DB00396,ESR2
DB00396,PAQR5
DB00396,GNAI1
DB00396,SERPINA6
DB00396,IL6
DB00396,CYP3A4
DB00396,NR1I2
DB00396,CATSPERB
DB00396,SRD5A1
DB00396,FAAH
DB00396,GNGT1
DB00396,IGFBP2
DB00396,TNF
DB00396,CATSPER4
DB00396,CATSPERG
DB00396,KCNU1
DB00396,CYP11B1
DB00396,CATSPER3
DB00396,PAEP
DB00396,CRH
DB00396,GNRH1
DB00396,HVCN1
DB00397,ADRB2
DB00397,DRD1
DB00397,ADRA1A
DB00397,ADRB1
DB00397,ADRA2A
DB00398,HIPK1
DB00398,MAP3K20
DB00398,BRAF
DB00398,PLK4
DB00398,RIPK2
DB00398,STK10
DB00398,ABL1
DB00398,NTRK1
DB00398,INSR
DB00398,LCK
DB00398,FYN
DB00398,CSF1R
DB00398,RET
DB00398,HCK
DB00398,HTR1A
DB00398,FGR
DB00398,FGFR1
DB00398,SRC
DB00398,FLT1
DB00398,FGFR3
DB00398,CDK2
DB00398,HTR2A
DB00398,HTR2C
DB00398,EPHA2
DB00398,MAP4K5
DB00398,TAOK2
DB00398,TNIK
DB00398,HIPK4
DB00398,MAPK1
DB00398,VEGFA
DB00398,KIT
DB00398,FLT4
DB00398,ARAF
DB00398,ATF5
DB00398,EIF2AK3
DB00398,PDGFRB
DB00398,RAF1
DB00398,EPHA6
DB00398,AKT1
DB00398,CASP3
DB00398,KDR
DB00398,GSK3B
DB00398,CREB3L2
DB00398,PDGFRA
DB00398,FLT3
DB00398,MCL1
DB00398,STAT3
DB00398,STK36
DB00398,CDK3
DB00398,MAPK14
DB00398,HTR6
DB00398,MYLK3
DB00398,MAP4K1
DB00398,SLK
DB00398,EPHA4
DB00398,EPHB1
DB00398,MYLK2
DB00398,CSNK1A1
DB00398,CLK1
DB00398,AURKB
DB00398,EPHB4
DB00398,EPHA5
DB00398,MAPK12
DB00398,LIMK2
DB00398,LIMK1
DB00398,JAK3
DB00398,MYO3B
DB00398,HIPK3
DB00398,HTR5A
DB00398,DDR2
DB00398,MAPK9
DB00398,EPHA8
DB00398,CDK5
DB00398,MKNK2
DB00398,EPHX2
DB00398,TEK
DB00398,HTR7
DB00398,TGFBR2
DB00398,CSK
DB00398,TAOK1
DB00398,MAP2K5
DB00398,EPHA3
DB00398,MAPK11
DB00398,HTR2B
DB00398,EPHA7
DB00398,FRK
DB00398,ABL2
DB00399,FDPS
DB00399,AKT1
DB00399,CASP3
DB00399,GGPS1
DB00399,TNFRSF11B
DB00400,TUBB
DB00400,CASP3
DB00401,CACNA1C
DB00401,CACNA1D
DB00401,CACNA1S
DB00401,CACNB2
DB00401,CACNA2D1
DB00402,GABRA4
DB00402,TSPO
DB00402,GABRA5
DB00402,GABRA2
DB00402,GABRA1
DB00402,GABRA3
DB00403,CTSB
DB00403,CCKAR
DB00403,CCKBR
DB00404,GABRQ
DB00404,GABRP
DB00404,GABRA5
DB00404,GABRA6
DB00404,PTAFR
DB00404,GABRB3
DB00404,GABRR1
DB00404,GABRA1
DB00404,GABRR2
DB00404,GABRE
DB00404,BRD4
DB00404,GABRG1
DB00404,GABRB2
DB00404,GABRG2
DB00404,GABRG3
DB00404,GABRA2
DB00404,GABRA3
DB00404,GABRR3
DB00404,TSPO
DB00404,GABRA4
DB00404,GABRD
DB00404,GABRB1
DB00405,HRH1
DB00407,SERPINC1
DB00407,SERPIND1
DB00408,ADRA2B
DB00408,SLC6A2
DB00408,HTR7
DB00408,CHRM4
DB00408,DRD1
DB00408,ADRA1A
DB00408,HRH4
DB00408,CHRM5
DB00408,DRD3
DB00408,ADRA1B
DB00408,HRH1
DB00408,HTR1A
DB00408,ADRA2C
DB00408,CHRM2
DB00408,HTR2A
DB00408,HTR1E
DB00408,CHRM3
DB00408,KCNT1
DB00408,DRD4
DB00408,DRD2
DB00408,HTR3A
DB00408,CHRM1
DB00408,SLC6A4
DB00408,DRD5
DB00408,HTR6
DB00408,HTR1B
DB00408,ADRB1
DB00408,ADRA2A
DB00408,HTR2C
DB00408,SLC6A3
DB00408,HRH2
DB00408,HTR1D
DB00409,SIGMAR1
DB00409,DRD2
DB00409,DRD3
DB00409,DRD4
DB00409,HTR2A
DB00409,HTR1A
DB00411,CHRNA2
DB00411,CHRM4
DB00411,CHRM1
DB00411,ACHE
DB00411,CHRM3
DB00411,CHRM2
DB00411,CHRM5
DB00412,MAOB
DB00412,ACSL4
DB00412,PPARG
DB00412,PPARA
DB00412,RXRG
DB00412,RXRA
DB00412,RXRB
DB00412,PPARD
DB00412,RARG
DB00413,HTR2A
DB00413,HTR2B
DB00413,ADRA2C
DB00413,ADRA2A
DB00413,DRD4
DB00413,HTR1A
DB00413,DRD3
DB00413,ADRA2B
DB00413,DRD5
DB00413,HTR1D
DB00413,DRD2
DB00413,HTR2C
DB00413,DRD1
DB00413,HTR1B
DB00414,KCNJ1
DB00415,SLC15A1
DB00415,SLC15A2
DB00415,TEK
DB00416,CHRNA2
DB00417,SLC15A1
DB00418,GABRA2
DB00418,GABRA1
DB00418,GRIK2
DB00418,GABRA4
DB00418,CHRNA7
DB00418,CHRNA4
DB00418,GABRA3
DB00418,GABRA6
DB00418,GABRA5
DB00418,GRIA2
DB00419,UGCG
DB00419,GBA1
DB00419,AGL
DB00419,GBA2
DB00419,SI
DB00419,MGAM
DB00420,CHRM3
DB00420,ADRA1A
DB00420,CHRM5
DB00420,DRD3
DB00420,HRH1
DB00420,DRD1
DB00420,ADRA1D
DB00420,CHRM4
DB00420,CHRM2
DB00420,ADRA1B
DB00420,ADRA2A
DB00420,CHRM1
DB00420,P2RY1
DB00420,HTR2A
DB00420,DRD2
DB00420,DRD4
DB00420,HTR2C
DB00420,PRNP
DB00421,SERPINE1
DB00421,ACE
DB00421,ALB
DB00421,SHBG
DB00421,REN
DB00421,ESR1
DB00421,AR
DB00421,NR3C2
DB00421,PGR
DB00421,NR1I2
DB00421,NR3C1
DB00421,CYP17A1
DB00421,GPER1
DB00421,ESR2
DB00422,SLC6A2
DB00422,SLC6A4
DB00422,DRD4
DB00422,SLC6A3
DB00422,HTR1A
DB00423,CA1
DB00424,CHRM4
DB00424,CHRM1
DB00424,CHRM5
DB00424,CHRM3
DB00424,CHRM2
DB00425,GABRA3
DB00425,GABRA2
DB00425,GABRA1
DB00425,CYP3A4
DB00427,HRH1
DB00428,ACE
DB00428,IGFBP1
DB00428,SLC2A1
DB00428,PRKCA
DB00428,IGF2
DB00428,OGT
DB00428,OGA
DB00428,AGTR1
DB00428,ACMSD
DB00428,UCP3
DB00428,SORD
DB00428,IGF1
DB00428,SLC2A2
DB00428,SLC2A4
DB00428,ALB
DB00428,G6PC1
DB00428,CAT
DB00428,MGMT
DB00428,IGFBP2
DB00429,PTGER1
DB00431,GLRA3
DB00431,GLRA2
DB00431,GLRA1
DB00431,PGR
DB00431,ESR1
DB00431,GABRR1
DB00431,GLRB
DB00431,GABRB3
DB00431,GABRB1
DB00431,NR1I2
DB00432,TYMS
DB00433,DRD4
DB00433,HRH1
DB00433,ADRA2A
DB00433,CHRM2
DB00433,DRD3
DB00433,HTR2A
DB00433,HTR2C
DB00433,DRD2
DB00434,HTR7
DB00434,HTR6
DB00434,HRH4
DB00434,HTR1A
DB00434,CHRM2
DB00434,CHRM3
DB00434,CHRM1
DB00434,ADRA1D
DB00434,HTR2B
DB00434,DRD3
DB00434,HRH1
DB00434,DRD1
DB00434,SLC6A2
DB00434,HTR2C
DB00434,POMC
DB00434,HTR2A
DB00434,SLC6A4
DB00434,CHRM5
DB00434,PRL
DB00434,DRD2
DB00434,CHRM4
DB00435,GUCY2C
DB00435,ICAM1
DB00435,CXCL8
DB00435,SELP
DB00435,NOS3
DB00435,CXCL10
DB00435,NPR1
DB00435,TP53
DB00435,TXN
DB00435,HSP90AA1
DB00435,HRAS
DB00435,GUCY1A1
DB00435,PTGS2
DB00435,NRAS
DB00435,VEGFA
DB00435,PRKG1
DB00435,GUCY1A2
DB00435,MAPK3
DB00435,IL1B
DB00435,TNF
DB00435,AKT1
DB00435,ALB
DB00435,STAT4
DB00435,GUCY1B1
DB00435,CAV1
DB00435,NOS1
DB00435,GUCY2D
DB00435,MMP2
DB00435,GUCY2F
DB00435,CASP3
DB00435,TXN2
DB00435,HMOX1
DB00435,MAPK1
DB00435,NOS2
DB00435,EDN1
DB00435,HTR2A
DB00436,CA1
DB00436,SLC12A3
DB00436,KCNMA1
DB00436,CA4
DB00436,CA2
DB00436,REN
DB00437,MPO
DB00437,HPRT1
DB00437,PNP
DB00437,XDH
DB00437,AOX1
DB00439,HMGCR
DB00440,DHFR
DB00440,TYMS
DB00441,CMPK1
DB00441,RRM1
DB00441,TYMS
DB00443,NR3C1
DB00444,TOP2A
DB00444,TOP2B
DB00444,ABCC3
DB00445,CHD1
DB00445,ABCG2
DB00445,TOP2A
DB00445,CASP3
DB00446,MTRNR2L2
DB00446,NPY5R
DB00446,CCR6
DB00446,FPR2
DB00446,GNAI1
DB00446,ADCY2
DB00446,HRH3
DB00446,CCL19
DB00446,CCR3
DB00446,ADCY6
DB00446,ADCY4
DB00446,GNAI2
DB00446,HTR1A
DB00446,CXCR2
DB00446,FPR3
DB00446,CCR4
DB00446,P2RY14
DB00446,ADORA1
DB00446,NPY2R
DB00446,P2RY12
DB00446,TAS2R30
DB00446,TAS2R46
DB00446,GPR18
DB00446,GNG2
DB00446,TAS2R42
DB00446,CCL25
DB00446,OPRL1
DB00446,NPB
DB00446,TAS2R38
DB00446,RGS19
DB00446,PTGDR2
DB00446,HTR1E
DB00446,CCR10
DB00446,TAS2R20
DB00446,PRH1-TAS2R14
DB00446,HEBP1
DB00446,CCR1
DB00446,OXER1
DB00446,TAS2R1
DB00446,DRD3
DB00446,ADCY1
DB00446,PNOC
DB00446,GALR1
DB00446,S1PR1
DB00446,GALR3
DB00446,HCAR2
DB00446,CXCL12
DB00446,NMS
DB00446,SAA1
DB00446,CD55
DB00446,ADCY9
DB00446,SUCNR1
DB00446,SSTR2
DB00446,C3
DB00446,S1PR4
DB00446,GPR17
DB00446,CCR7
DB00446,SSTR1
DB00446,CCR9
DB00446,GAL
DB00446,P2RY4
DB00446,NPY4R
DB00446,CXCL3
DB00446,TAS2R7
DB00446,CXCL5
DB00446,CXCL8
DB00446,CXCL10
DB00446,GPER1
DB00446,TMIGD3
DB00446,NPBWR2
DB00446,GNAI3
DB00446,PPBP
DB00446,CNR2
DB00446,CXCR6
DB00446,MTNR1A
DB00446,RGS20
DB00446,HTR1B
DB00446,LPAR3
DB00446,AGTR2
DB00446,CXCR3
DB00446,FPR1
DB00446,TAS2R31
DB00446,C3AR1
DB00446,GRM4
DB00446,GRM6
DB00446,OPRD1
DB00446,OPRK1
DB00446,POMC
DB00446,ADRA2C
DB00446,NMUR2
DB00446,SSTR4
DB00446,TAS2R4
DB00446,ADCY7
DB00446,TAS2R5
DB00446,MCHR1
DB00446,PYY
DB00446,CCL28
DB00446,LPAR2
DB00446,TAS2R41
DB00446,NPY1R
DB00446,CXCL9
DB00446,GNAT3
DB00446,GRM3
DB00446,RGS1
DB00446,HCAR3
DB00446,CXCL11
DB00446,TAS2R9
DB00446,MCHR2
DB00446,APP
DB00446,ADCY8
DB00446,DRD2
DB00446,HRH4
DB00446,TAS2R40
DB00446,RGS14
DB00446,NMU
DB00446,ADCY3
DB00446,CCL27
DB00446,CCL21
DB00446,ANXA1
DB00446,APLNR
DB00446,MTNR1B
DB00446,TAS2R3
DB00446,GRM7
DB00446,TAS2R43
DB00446,CXCL2
DB00446,TAS2R8
DB00446,TAS2R50
DB00446,CASR
DB00446,ADCY5
DB00446,CHRM4
DB00446,TAS2R39
DB00446,RGS4
DB00446,OPRM1
DB00446,S1PR3
DB00446,CXCR4
DB00446,CCL20
DB00446,LPAR1
DB00446,NMUR1
DB00446,OXGR1
DB00446,CXCR1
DB00446,CNR1
DB00446,TAS2R16
DB00446,NPW
DB00446,GALR2
DB00446,RXFP3
DB00446,ACKR3
DB00446,S1PR5
DB00446,LPAR5
DB00446,TAS2R60
DB00446,CCR8
DB00446,PENK
DB00446,P2RY13
DB00446,RGS6
DB00446,ADRA2A
DB00446,NPBWR1
DB00446,PPY
DB00446,DRD4
DB00446,NPY
DB00446,CHRM2
DB00446,C5
DB00446,CXCL13
DB00446,CXCL16
DB00446,PDYN
DB00446,CCR5
DB00446,CCR2
DB00446,CXCR5
DB00446,HTR5A
DB00446,SST
DB00446,BDKRB1
DB00446,SSTR5
DB00446,PMCH
DB00446,TAS2R10
DB00446,RGS10
DB00446,RXFP4
DB00446,RGS18
DB00446,GPR55
DB00446,CXCL1
DB00446,GRM2
DB00446,AGT
DB00446,RGS7
DB00446,CXCL6
DB00446,TAS2R13
DB00446,C5AR1
DB00446,HTR1F
DB00446,GRM8
DB00446,PTGER3
DB00446,TAS2R19
DB00448,CYP1A1
DB00448,CYP2C19
DB00448,CYP1A2
DB00448,CYP2C9
DB00448,NR1I2
DB00448,ATP4A
DB00448,MAPT
DB00448,CYP3A4
DB00449,BCHE
DB00449,ADRA1A
DB00449,ADRA2A
DB00449,ADRB2
DB00449,ACHE
DB00450,KCNH2
DB00450,ADRA1A
DB00450,DRD4
DB00450,ADRA1D
DB00450,DRD2
DB00450,HTR2A
DB00451,THRB
DB00451,DIO1
DB00451,THRA
DB00451,ALB
DB00451,AVP
DB00451,SERPINA7
DB00451,TRH
DB00451,SLCO1B1
DB00451,SULT1A2
DB00451,TSHB
DB00451,ITGB3
DB00451,SLCO4A1
DB00451,DIO2
DB00451,SULT1A1
DB00451,TPO
DB00451,UGT2B10
DB00451,CGA
DB00451,TTR
DB00451,UGT2B11
DB00452,CXCR4
DB00454,GRIN1
DB00454,GRIN2A
DB00454,GRIN2D
DB00454,SLC6A4
DB00454,GRIN2C
DB00454,OPRK1
DB00454,KCNH2
DB00454,GRIN2B
DB00454,CES1
DB00454,SLC6A3
DB00454,OPRM1
DB00454,SLC6A2
DB00455,KCNA5
DB00455,NR1H4
DB00455,ICAM1
DB00455,CYP3A4
DB00455,CYP2C19
DB00455,HRH1
DB00455,KCNH2
DB00455,SLC6A15
DB00455,NR1I2
DB00456,SLC22A6
DB00456,SLC22A8
DB00456,SLC22A11
DB00457,NQO2
DB00457,ADRA2B
DB00457,ADRA2C
DB00457,DRD4
DB00457,MT3
DB00457,HTR1D
DB00457,SLC47A1
DB00457,SLC22A1
DB00457,ADRA2A
DB00457,KCNH2
DB00457,KCNH7
DB00457,ADRA1A
DB00457,ADRA1B
DB00457,KCNH6
DB00457,HTR2A
DB00457,REN
DB00457,ADRA1D
DB00458,KCND3
DB00458,CHRM5
DB00458,KCND2
DB00458,SLC22A2
DB00458,ADRA2A
DB00458,CYP2C19
DB00458,DRD2
DB00458,HTR2A
DB00458,ADRA1D
DB00458,ADRA1A
DB00458,HTR6
DB00458,KCNH2
DB00458,FMO1
DB00458,CHRM4
DB00458,CHRM1
DB00458,HTR2C
DB00458,CHRM2
DB00458,SLC6A3
DB00458,SLC22A3
DB00458,CHRM3
DB00458,SLC6A2
DB00458,PRNP
DB00458,HRH2
DB00458,SLC6A4
DB00458,DRD3
DB00458,SLC47A1
DB00458,HRH1
DB00458,CYP1A2
DB00458,HTR1A
DB00458,CYP3A4
DB00458,HTR7
DB00458,ADRA1B
DB00459,RXRA
DB00459,RBP1
DB00459,RXRG
DB00459,CRABP1
DB00459,RARA
DB00459,RARB
DB00459,RARG
DB00459,RXRB
DB00461,PTGS2
DB00461,PTGS1
DB00462,CHRM1
DB00462,CHRM2
DB00462,CHRM3
DB00464,PROC
DB00464,PROS1
DB00465,PTGS2
DB00465,PTGS1
DB00467,ATP6V1B2
DB00467,CUL9
DB00467,TOP2A
DB00468,GP9
DB00468,KCNN4
DB00468,SLC22A2
DB00468,CYP2D6
DB00469,PTGS2
DB00469,PTGS1
DB00470,CNR2
DB00470,CNR1
DB00470,GPR18
DB00470,GPR55
DB00471,IL4
DB00471,CYSLTR1
DB00471,ALOX5
DB00471,CYP2C8
DB00471,CYSLTR2
DB00471,IL5
DB00471,CCL11
DB00472,SLC6A4
DB00472,HTR2C
DB00472,CHRM2
DB00472,HTR2B
DB00472,CHRM4
DB00472,CHRM5
DB00472,HTR2A
DB00472,ADRA2A
DB00472,CHRM3
DB00472,SIGMAR1
DB00472,KCNH2
DB00472,SLC6A3
DB00472,SLC6A2
DB00472,HRH1
DB00472,ADRA1A
DB00472,CHRM1
DB00472,ACHE
DB00472,MAOB
DB00472,CHRNA2
DB00472,CYP2C19
DB00472,NR3C1
DB00472,BDNF
DB00472,CYP2C9
DB00472,HTR1B
DB00472,HTR1A
DB00473,SCN5A
DB00473,SCN10A
DB00474,GABRA1
DB00475,GABRA4
DB00475,GABRG3
DB00475,GABRB2
DB00475,GABRA5
DB00475,GABRA2
DB00475,GABRA3
DB00475,GABRA6
DB00475,GABRB3
DB00475,GABRA1
DB00475,GABRG1
DB00475,GABRE
DB00475,GABRP
DB00475,GABRQ
DB00475,GABRR2
DB00475,GABRD
DB00475,GABRR1
DB00475,GABRR3
DB00475,GABRG2
DB00475,GABRB1
DB00476,ADRA2A
DB00476,CYP2D6
DB00476,HTR2A
DB00476,NPY1R
DB00476,HTR1D
DB00476,CHRM2
DB00476,SLC6A3
DB00476,HTR1B
DB00476,HTR1A
DB00476,SLC6A2
DB00476,SLC6A4
DB00476,HTR1E
DB00476,HTR1F
DB00476,HRH1
DB00476,HTR2B
DB00476,HTR6
DB00476,HTR2C
DB00477,SLC6A4
DB00477,HTR7
DB00477,DRD3
DB00477,HTR2B
DB00477,HTR6
DB00477,HRH4
DB00477,AOX1
DB00477,KCNH2
DB00477,HTR2C
DB00477,HRH3
DB00477,DRD2
DB00477,CALM1
DB00477,HRH1
DB00477,DRD4
DB00477,DRD5
DB00477,PRNP
DB00477,CHRM3
DB00477,ADRA1D
DB00477,ADRA2C
DB00477,ADRA2B
DB00477,CYP2D6
DB00477,ADRA2A
DB00477,ABCB1
DB00477,CHRM2
DB00477,SLC22A1
DB00477,HTR1A
DB00477,ADRA1B
DB00477,HRH2
DB00477,SMPD1
DB00477,DRD1
DB00477,HTR2A
DB00477,ADRA1A
DB00477,HTR1E
DB00477,CHRM1
DB00477,CHRM4
DB00477,CALM2
DB00477,ORM2
DB00477,CHRM5
DB00478,SLC22A2
DB00478,SLC47A1
DB00480,TNFSF11
DB00480,CDH5
DB00480,CRBN
DB00480,PTGS2
DB00480,TNF
DB00481,ESR2
DB00481,ESR1
DB00481,SIGMAR1
DB00481,EBP
DB00481,PLD2
DB00481,HTR6
DB00481,RNASE1
DB00481,PGR
DB00481,AOX1
DB00481,HTR2B
DB00481,BGLAP
DB00481,PLD1
DB00481,SHBG
DB00482,CASP9
DB00482,PTGS2
DB00482,MAPK14
DB00482,PTGS1
DB00482,PDPK1
DB00482,CYP2C9
DB00482,CA3
DB00482,CA2
DB00482,TP53
DB00482,VEGFA
DB00482,AKT1
DB00482,CASP3
DB00482,PCNA
DB00483,CHRM1
DB00483,ACHE
DB00483,CHRNA2
DB00483,CHRM2
DB00483,CHRM5
DB00484,ADRA2C
DB00484,ADCY10
DB00484,ADRA2B
DB00484,ADRA2A
DB00484,AKT1
DB00486,CNR2
DB00486,CNR1
DB00487,TOP2A
DB00487,CUL9
DB00489,ADRB2
DB00489,ADRB1
DB00489,KCNH2
DB00489,ADRB3
DB00490,DRD2
DB00490,DRD4
DB00490,DRD3
DB00490,HTR2B
DB00490,KCNH2
DB00490,SIGMAR1
DB00490,HTR7
DB00490,SLC47A1
DB00490,HTR2A
DB00490,PRL
DB00490,HTR2C
DB00490,CYP3A4
DB00490,HTR1A
DB00491,SI
DB00491,MGAM
DB00491,GAA
DB00492,ACE
DB00493,SLC15A1
DB00493,SLC15A2
DB00493,ALB
DB00493,SLC22A11
DB00493,SLC22A6
DB00493,SLC22A8
DB00494,COMT
DB00494,LRTOMT
DB00495,TK1
DB00495,CD4
DB00495,TK2
DB00495,TERT
DB00495,CXCR4
DB00495,TYMP
DB00496,CHRM1
DB00496,CHRM4
DB00496,CHRM5
DB00496,CHRM3
DB00496,CHRM2
DB00497,OPRM1
DB00497,OPRK1
DB00497,OPRD1
DB00498,VKORC1
DB00499,AR
DB00499,ESR1
DB00499,NR1I2
DB00499,AADAC
DB00499,AHR
DB00500,PTGS2
DB00500,CXCL8
DB00500,PTGS1
DB00501,SLC22A6
DB00501,CYP3A5
DB00501,HDC
DB00501,SLC47A1
DB00501,ABCG2
DB00501,HRH2
DB00501,CYP3A7
DB00501,SLC22A7
DB00501,CYP3A4
DB00501,ADCY10
DB00501,SLC22A8
DB00501,SLC47A2
DB00501,SLC22A2
DB00502,HTR2A
DB00502,AKR1C1
DB00502,FOS
DB00502,DRD1
DB00502,CHRM3
DB00502,DRD5
DB00502,DCXR
DB00502,TH
DB00502,DRD2
DB00502,ADCY10
DB00502,ADRA2A
DB00502,DRD3
DB00502,ADRA1A
DB00502,GRIN2B
DB00502,ADRA2B
DB00502,CYP3A4
DB00502,MCHR1
DB00502,PENK
DB00502,ADRA1B
DB00502,DRD4
DB00502,KCNH2
DB00502,HTR2C
DB00502,SIGMAR1
DB00502,HTR1A
DB00502,GRIN1
DB00502,HTR1B
DB00502,HTR2B
DB00502,PRL
DB00502,SLC18A2
DB00502,CENPS
DB00502,HTR1D
DB00502,TBXA2R
DB00502,HTR6
DB00502,ADRA2C
DB00502,ABCB1
DB00502,ADRB2
DB00502,HTR7
DB00502,SLC6A4
DB00502,HRH1
DB00502,EBP
DB00502,GAD1
DB00502,HTR1F
DB00502,HTR1E
DB00503,ABCB1
DB00503,NR1I2
DB00503,ZMPSTE24
DB00503,CYP3A5
DB00503,CYP2C9
DB00503,CYP3A4
DB00504,OPRM1
DB00508,HTR2B
DB00508,DRD2
DB00508,CHRM1
DB00508,CHRM2
DB00508,HTR2A
DB00508,DRD1
DB00509,THRA
DB00509,TPO
DB00509,THRB
DB00511,ATP1A1
DB00513,PLG
DB00513,LPA
DB00513,SERPINE1
DB00513,TXNL4A
DB00513,PLAT
DB00513,CPA6
DB00513,ANXA2
DB00514,SIGMAR1
DB00514,CHRNB2
DB00514,SLC6A2
DB00514,CHRNA7
DB00514,GRIN3A
DB00514,CHRNA4
DB00514,OPRM1
DB00514,OPRK1
DB00514,CHRNA2
DB00514,SLC6A4
DB00514,CYP3A4
DB00514,OPRD1
DB00514,CYP2D6
DB00515,MSH2
DB00515,PARP1
DB00515,MTOR
DB00515,HIPK2
DB00515,TF
DB00515,ABL1
DB00515,ATOX1
DB00515,ATG5
DB00515,ABCG2
DB00515,A2M
DB00515,GSTA1
DB00515,CD44
DB00515,HIF1A
DB00515,ERCC1
DB00515,SIRT3
DB00515,SIRT1
DB00515,XPA
DB00515,CHEK2
DB00515,MMP2
DB00515,TNFRSF10A
DB00515,BMI1
DB00515,CASP9
DB00515,PTGS2
DB00515,MAPK8
DB00515,NRAS
DB00515,EGR1
DB00515,CDKN1A
DB00515,ERBB2
DB00515,AKT1
DB00515,CASP7
DB00515,ATM
DB00515,FANCD2
DB00515,RELA
DB00515,GSTP1
DB00515,NOS3
DB00515,MGMT
DB00515,EGFR
DB00515,CASP3
DB00515,LGALS3
DB00515,KRAS
DB00515,HRAS
DB00515,CASP8
DB00515,IL6
DB00515,RAF1
DB00515,TP53
DB00515,POLH
DB00515,TYMS
DB00515,NOS2
DB00515,XRCC1
DB00515,JUN
DB00517,CHRM1
DB00517,CHRM2
DB00517,CHRM3
DB00518,TUBA1A
DB00518,CYP3A4
DB00518,TUBB4B
DB00518,CYP1A1
DB00519,ACE
DB00519,REN
DB00521,ADRB2
DB00521,ADRB1
DB00523,RXRA
DB00523,RARG
DB00523,RARA
DB00523,IGFBP3
DB00523,RARB
DB00523,PPARG
DB00523,RXRG
DB00523,RXRB
DB00524,CA14
DB00524,CA9
DB00524,CA5A
DB00524,CA6
DB00524,CA4
DB00524,CA2
DB00524,SLC12A3
DB00524,CA5B
DB00524,CA12
DB00525,IL4
DB00527,SEC23IP
DB00527,SCN5A
DB00527,SCN10A
DB00527,CALM1
DB00527,BCHE
DB00528,CYP3A4
DB00528,CACNG1
DB00530,SRPK3
DB00530,MAP3K2
DB00530,HIPK4
DB00530,LRRK2
DB00530,MAP3K19
DB00530,NR1I2
DB00530,TNIK
DB00530,EPHA6
DB00530,STK17A
DB00530,BMP2K
DB00530,STK36
DB00530,MKNK2
DB00530,SLK
DB00530,SIK2
DB00530,MAP2K5
DB00530,MINK1
DB00530,MAP3K3
DB00530,ABCC2
DB00530,DYRK2
DB00530,PIP4K2C
DB00530,TBK1
DB00530,MERTK
DB00530,FLT3
DB00530,LCK
DB00530,RET
DB00530,MET
DB00530,CYP3A4
DB00530,KIT
DB00530,SRC
DB00530,FGFR2
DB00530,ERBB3
DB00530,TYK2
DB00530,AXL
DB00530,GRK4
DB00530,TTK
DB00530,ERBB2
DB00530,KDR
DB00530,CSK
DB00530,TXK
DB00530,ABL2
DB00530,MAPK9
DB00530,CSNK1E
DB00530,JAK3
DB00530,MAPK10
DB00530,EPHA5
DB00530,EPHB4
DB00530,EPHB1
DB00530,RIPK4
DB00530,EGF
DB00530,ABL1
DB00530,ULK3
DB00530,SLCO2B1
DB00530,EGFR
DB00530,STAT3
DB00530,AAK1
DB00530,AKT1
DB00530,ERBB4
DB00530,CAMK2D
DB00530,PLK4
DB00530,SBK1
DB00530,RIPK2
DB00530,NOX4
DB00530,GAK
DB00530,STK10
DB00530,PTPN9
DB00530,AURKA
DB00530,STK17B
DB00530,JAK2
DB00530,EPHB6
DB00530,DAPK3
DB00531,CYP2C9
DB00531,CYP3A4
DB00531,CYP2C19
DB00531,CYP2B6
DB00531,NR1I2
DB00532,NR1I2
DB00532,SCN5A
DB00533,ELN
DB00533,PTGS2
DB00533,PTGS1
DB00533,PTGER2
DB00534,ALDH5A1
DB00534,SLC12A1
DB00535,MPO
DB00536,SLC22A1
DB00536,GAMT
DB00536,ALDH2
DB00536,RNASE1
DB00536,SLC22A3
DB00536,SLC47A2
DB00536,ASS1
DB00536,SLC47A1
DB00537,CUL9
DB00537,TOP2A
DB00537,TOP2B
DB00537,CYP1A2
DB00537,CYP3A4
DB00537,KCNH2
DB00539,ESR1
DB00539,SHBG
DB00539,HTR6
DB00540,CHRM3
DB00540,ADRA2A
DB00540,SLC6A2
DB00540,CHRM1
DB00540,CHRM4
DB00540,HRH1
DB00540,HTR6
DB00540,ADRA1B
DB00540,DRD2
DB00540,HTR2A
DB00540,ADRA1A
DB00540,CHRM2
DB00540,ADRA1D
DB00540,CHRM5
DB00540,HRH2
DB00540,HTR2C
DB00540,SLC6A4
DB00540,SLC6A3
DB00540,CYP2D6
DB00540,HTR1A
DB00540,CYP3A4
DB00540,CYP2C19
DB00541,TUBB
DB00541,ABCG2
DB00541,TUBA4A
DB00542,ACE
DB00543,HTR7
DB00543,DRD3
DB00543,ADRA2A
DB00543,HTR6
DB00543,SLC6A4
DB00543,SLC6A3
DB00543,HRH4
DB00543,DRD1
DB00543,DRD4
DB00543,SLC6A2
DB00543,HTR1A
DB00543,HTR2A
DB00543,HTR3A
DB00543,DRD2
DB00543,CHRM1
DB00543,HTR2B
DB00543,ADRA1A
DB00543,GABRA1
DB00543,HTR2C
DB00543,HRH1
DB00543,HTR1B
DB00544,TK1
DB00544,AKT1
DB00544,SLC2A1
DB00544,TYMP
DB00544,HSPB1
DB00544,BAX
DB00544,CYP2A6
DB00544,TP53
DB00544,EGFR
DB00544,IFNA1
DB00544,CEACAM5
DB00544,ABCB1
DB00544,PTGS2
DB00544,TYMS
DB00544,UMPS
DB00544,DHFR
DB00544,UPP1
DB00544,NFE2L2
DB00544,ABCC11
DB00544,CHEK1
DB00544,DPYD
DB00544,UPRT
DB00544,CASP3
DB00544,CASP8
DB00544,PARP1
DB00544,ABCC5
DB00545,BCHE
DB00545,ACHE
DB00545,ALB
DB00547,NR3C1
DB00548,TYR
DB00548,SRD5A2
DB00548,AKR1D1
DB00549,CYSLTR1
DB00549,SLC22A2
DB00549,CYP2C9
DB00549,LTB4R
DB00549,SLC47A1
DB00549,SLC47A2
DB00549,CYSLTR2
DB00550,TPO
DB00550,MPO
DB00550,TG
DB00551,MMP12
DB00552,ADA
DB00552,DCK
DB00553,NR1I2
DB00553,CYP1A2
DB00553,RAD52
DB00553,CYP1A1
DB00553,CYP2A7
DB00553,CYP2A6
DB00553,CYP3A4
DB00553,ACHE
DB00554,PTGS2
DB00554,PTGS1
DB00554,SLC22A8
DB00554,CYP3A4
DB00555,SCN2A
DB00555,ADORA1
DB00555,OPRK1
DB00555,ADRB1
DB00555,HTR2A
DB00555,ADRA2A
DB00555,HTR3A
DB00555,DRD2
DB00555,HRH1
DB00555,ADORA2A
DB00555,ADRA1A
DB00557,HRH1
DB00558,NEU2
DB00558,NEU3
DB00559,EDNRA
DB00559,EDN1
DB00559,EDNRB
DB00561,KCNK9
DB00561,KCNK3
DB00562,CA4
DB00562,CA2
DB00562,CA9
DB00562,SLC12A3
DB00562,CA1
DB00562,CA12
DB00563,TYMS
DB00563,FPGS
DB00563,DHFR2
DB00563,CRP
DB00563,DHFR
DB00563,SLC19A1
DB00563,GGH
DB00563,SLC22A6
DB00563,ATIC
DB00563,ABCG2
DB00563,ABCB1
DB00563,ABCC3
DB00564,CYP2B6
DB00564,CYP3A4
DB00564,CHRNA4
DB00564,SCN1A
DB00564,IMPA1
DB00564,SHBG
DB00564,EPHX1
DB00564,NR1I2
DB00564,SCN8A
DB00564,CYP2C8
DB00564,CYP1A2
DB00564,SCN5A
DB00564,CYP1A1
DB00565,CHRNA2
DB00567,SLC15A1
DB00569,F10
DB00569,SERPINC1
DB00570,TUBD1
DB00570,TUBA1A
DB00570,TUBB
DB00570,JUN
DB00570,ABCB4
DB00570,ABCB1
DB00570,ABCG2
DB00570,TUBE1
DB00570,TUBB4B
DB00570,TUBG1
DB00571,HTR1B
DB00571,ADRB1
DB00571,ADRB2
DB00571,SLC10A1
DB00571,ADRB3
DB00571,HTR1A
DB00571,HTR2A
DB00571,KCNH2
DB00571,PLPP3
DB00571,CYP2D6
DB00571,CYP1A2
DB00571,DBH
DB00571,REN
DB00572,TAC1
DB00572,CHRM2
DB00572,CHRM1
DB00572,CHRM5
DB00572,CHRNB2
DB00572,GAST
DB00572,CHRM4
DB00572,GLRA1
DB00572,ACHE
DB00572,CHRM3
DB00572,BCHE
DB00572,CHRNA4
DB00573,PTGS1
DB00573,PTGS2
DB00573,PPARG
DB00573,PPARA
DB00574,HTR2B
DB00574,HTR2C
DB00574,HTR2A
DB00574,SLC6A4
DB00575,ADRA1D
DB00575,SLC22A1
DB00575,ADRA1A
DB00575,ADRA1B
DB00575,ADRA2C
DB00575,ADRA2A
DB00575,ADRA2B
DB00575,NISCH
DB00575,PNMT
DB00575,HTR2A
DB00575,HRH2
DB00575,TH
DB00575,POMC
DB00575,REN
DB00575,DBH
DB00575,AOC3
DB00575,GH1
DB00575,ADCY10
DB00576,CYP3A4
DB00579,SLC18A2
DB00579,HRH1
DB00579,SIGMAR1
DB00579,SLC6A3
DB00579,SLC6A2
DB00579,SLC6A4
DB00580,CA14
DB00580,CA2
DB00580,PTGS2
DB00580,CA5B
DB00580,CA13
DB00580,CA9
DB00580,CA5A
DB00580,MT-CO2
DB00582,CYP2C9
DB00582,CYP2B6
DB00582,CYP51A1
DB00582,CYP2C19
DB00583,SLC25A29
DB00583,CES1
DB00583,CROT
DB00583,CPT2
DB00583,SLC25A20
DB00583,CPT1A
DB00583,BBOX1
DB00583,MPO
DB00583,CRAT
DB00583,SLC22A5
DB00583,CPT1C
DB00583,XDH
DB00583,SLC22A4
DB00584,ACE
DB00585,HRH2
DB00586,KCNQ2
DB00586,ASIC1
DB00586,ALB
DB00586,CXCL8
DB00586,CXCR1
DB00586,PTGS2
DB00586,SLC22A6
DB00586,PLA2G2A
DB00586,KCNQ3
DB00586,PTGS1
DB00586,SCN4A
DB00586,AKR1C3
DB00586,ALOX5
DB00588,NR3C1
DB00588,PLA2G4A
DB00588,PGR
DB00588,NR3C2
DB00589,DRD2
DB00589,DRD1
DB00589,ADRA2C
DB00589,HTR1A
DB00589,ADCY10
DB00589,HTR2A
DB00589,HTR2B
DB00589,HTR2C
DB00589,HTR1B
DB00589,ADRA2A
DB00589,HTR6
DB00589,DRD5
DB00589,ADRB2
DB00589,DRD4
DB00589,HTR7
DB00589,HTR1D
DB00589,DRD3
DB00589,ADRA2B
DB00589,ADRA1A
DB00589,ADRA1D
DB00589,ADRB1
DB00589,ADRA1B
DB00590,KCNH2
DB00590,KCNH7
DB00590,ADRA1A
DB00590,ADRA1D
DB00590,REN
DB00590,ADRA1B
DB00590,ADRA2A
DB00590,ADRA2C
DB00590,KCNH6
DB00591,NR3C1
DB00591,ODC1
DB00591,ANXA3
DB00591,ANXA2
DB00591,ANXA1
DB00592,GABRB3
DB00593,CACNA1H
DB00593,CACNA1G
DB00594,SCNN1G
DB00594,SCNN1A
DB00594,SCNN1D
DB00594,PLAU
DB00594,DBNL
DB00594,SCNN1B
DB00594,SLC9A1
DB00594,ASIC2
DB00594,ASIC1
DB00596,NR3C1
DB00598,ADRB2
DB00598,ADRB3
DB00598,ADRA1A
DB00598,ADRA1B
DB00598,ADRB1
DB00598,REN
DB00598,ADRA1D
DB00599,CHRNA7
DB00599,GRIK2
DB00599,GABRA1
DB00599,GABRA5
DB00599,CHRNA4
DB00599,GABRA4
DB00599,GABRA3
DB00599,GABRA6
DB00599,GRIA2
DB00599,GABRA2
DB00599,CHRM3
DB00599,FAAH
DB00600,TYR
DB00601,MAOA
DB00602,GLRA3
DB00602,GABRB3
DB00603,PGR
DB00603,AKR1C2
DB00603,ESR1
DB00603,ABCB1
DB00603,AR
DB00603,ESR2
DB00603,AKR1C1
DB00603,AKR1C3
DB00603,SHBG
DB00603,NR3C1
DB00605,AKR1B1
DB00605,MAPK3
DB00605,PTGS2
DB00605,PPARD
DB00605,PTGS1
DB00605,PTGDR2
DB00606,CA1
DB00606,CA2
DB00606,GRIA2
DB00606,GRIA1
DB00606,CA4
DB00606,GRIA4
DB00606,FXYD2
DB00608,PRNP
DB00608,CYP3A4
DB00608,NQO2
DB00608,KCNH2
DB00608,TNF
DB00608,ATM
DB00608,TLR9
DB00608,SLC67A1
DB00608,MAP2K1
DB00608,MAP2K2
DB00608,GSTA2
DB00609,INHA
DB00610,ADRA1A
DB00612,ADRB1
DB00612,ADRB3
DB00612,ADRB2
DB00612,REN
DB00613,KCNH2
DB00613,HNMT
DB00613,CYP2C8
DB00615,HSP90B1
DB00615,CYP3A4
DB00615,HSP90AA1
DB00617,CACNA1I
DB00619,BCL2L1
DB00619,KIT
DB00619,CSF1R
DB00619,AKT1
DB00619,PDGFRB
DB00619,PDGFRA
DB00619,PDGFRL
DB00619,LCK
DB00619,NTRK1
DB00619,CASP3
DB00619,FIP1L1
DB00619,ABCG2
DB00619,STAT5A
DB00619,DDR1
DB00619,RET
DB00619,ABL1
DB00619,LYN
DB00619,ABL2
DB00619,ETV6
DB00619,BCL2L11
DB00619,MCL1
DB00619,SYK
DB00619,SRC
DB00619,NUP214
DB00619,NQO2
DB00619,CRKL
DB00619,BCR
DB00619,CA4
DB00619,CA6
DB00619,EPHA8
DB00619,TYK2
DB00619,FLT3
DB00619,FRK
DB00619,CA7
DB00619,MAPK9
DB00619,CLK1
DB00619,ABCB1
DB00619,IRAK1
DB00619,KARS1
DB00619,CA9
DB00619,DDR2
DB00619,SLC47A2
DB00619,HIPK4
DB00619,PIP4K2C
DB00619,SLC47A1
DB00619,CLK4
DB00619,STK17A
DB00619,CA14
DB00619,MAPK10
DB00619,MAPK8
DB00619,FYN
DB00619,CA2
DB00619,CA1
DB00619,CA12
DB00619,CA3
DB00619,SLC22A2
DB00619,GAK
DB00619,PLK4
DB00620,NR3C1
DB00620,BGLAP
DB00621,AR
DB00622,ABCB1
DB00622,CHRM1
DB00622,PDE1B
DB00622,CHRM5
DB00622,CACNA1C
DB00622,ADRA1B
DB00622,CHRM2
DB00622,ADRA1A
DB00622,CYP2C9
DB00622,CHRM4
DB00622,ADRA1D
DB00622,CYP3A4
DB00622,CACNB2
DB00622,CACNA2D1
DB00622,CHRM3
DB00622,CACNA1D
DB00622,PDE1A
DB00622,CALM1
DB00623,HTR1A
DB00623,ABCB1
DB00623,HTR2C
DB00623,CHRM2
DB00623,ADRA2A
DB00623,DRD5
DB00623,DRD3
DB00623,HTR6
DB00623,DRD1
DB00623,DRD2
DB00623,HRH1
DB00623,HTR2A
DB00623,AR
DB00623,ADRA2C
DB00623,CALM1
DB00623,ADRA1B
DB00623,ADCY10
DB00623,ADRA1A
DB00624,CYP3A43
DB00624,NR3C1
DB00624,CYP2C8
DB00624,UGT1A5
DB00624,UGT1A7
DB00624,UGT1A8
DB00624,AKR1C2
DB00624,AR
DB00624,HSD17B3
DB00624,CYP1A1
DB00624,SHBG
DB00624,AKR1C3
DB00624,UGT2B10
DB00624,CYP19A1
DB00624,HSD17B8
DB00624,UGT1A6
DB00624,CYP2A6
DB00624,CYP11A1
DB00624,HSD17B7
DB00624,SRD5A3
DB00624,POMC
DB00624,UGT2A3
DB00624,AKR1D1
DB00624,CYP3A4
DB00624,AKT1
DB00624,SRD5A1
DB00624,NOS3
DB00624,IGFBP3
DB00624,CYP2A7
DB00624,PRL
DB00624,IGF1
DB00624,UGT2B7
DB00624,SIGMAR1
DB00624,FSHR
DB00624,ADIPOQ
DB00624,CYP2A13
DB00624,CYP3A7
DB00624,UGT2B11
DB00624,UGT2B15
DB00624,CYP1A2
DB00624,UGT1A10
DB00624,ESR2
DB00624,UGT1A9
DB00624,HSD17B11
DB00624,KISS1
DB00624,HSD3B1
DB00624,HSD3B2
DB00624,NGF
DB00624,UGT2B17
DB00624,HSD17B6
DB00624,CYP2B6
DB00624,UGT2B4
DB00624,UGT1A3
DB00624,SULT2A1
DB00624,LEP
DB00624,AMH
DB00624,ESR1
DB00624,HSD17B2
DB00624,UGT1A4
DB00624,NR3C2
DB00624,CYP3A5
DB00624,CGA
DB00624,CYP17A1
DB00625,CYP3A4
DB00625,CYP2B6
DB00626,A2M
DB00626,IDE
DB00628,GABRG1
DB00628,GABRB1
DB00628,GABRA5
DB00628,GABRG2
DB00628,GABRB3
DB00628,GABRG3
DB00628,GABRA3
DB00628,TSPO
DB00628,GABRP
DB00628,GABRQ
DB00628,GABRR2
DB00628,GABRA2
DB00628,GABRE
DB00628,GABRD
DB00628,GABRB2
DB00628,GABRA1
DB00628,GABRA6
DB00628,GABRR3
DB00628,GABRA4
DB00628,GABRR1
DB00629,ADRA2C
DB00629,ADRA2B
DB00629,NISCH
DB00629,ADRA2A
DB00630,ATP6V1A
DB00630,PTPRE
DB00630,PTPRS
DB00630,PTPN4
DB00630,FDPS
DB00630,MMP2
DB00630,BGLAP
DB00631,POLA1
DB00631,RRM1
DB00631,DCK
DB00631,RRM2
DB00633,ADRA2C
DB00633,ADRA1D
DB00633,CASP3
DB00633,ADRA2A
DB00634,NAT1
DB00635,NR3C1
DB00635,SERPINA6
DB00636,PPARA
DB00636,GNPAT
DB00636,CYP1A1
DB00636,CRAT
DB00636,EPHX1
DB00636,CYP4A11
DB00636,EPHX2
DB00636,APOB
DB00636,CAT
DB00636,APOA1
DB00636,ACOX1
DB00636,CYP2E1
DB00637,HRH4
DB00637,MAPT
DB00637,KCNH2
DB00637,CYP3A4
DB00637,ABCB1
DB00637,HRH1
DB00640,CCL20
DB00640,GNAS
DB00640,NPBWR2
DB00640,PI4K2A
DB00640,SLC29A1
DB00640,NPY1R
DB00640,C3AR1
DB00640,CNR1
DB00640,LPAR3
DB00640,GLP1R
DB00640,LPAR1
DB00640,RDH14
DB00640,HTR1B
DB00640,GNAI3
DB00640,CXCL12
DB00640,AHCYL1
DB00640,SSTR1
DB00640,TMIGD3
DB00640,SSTR5
DB00640,ADCYAP1R1
DB00640,PTGDR
DB00640,SLC28A1
DB00640,SST
DB00640,ADM
DB00640,ADRA2A
DB00640,RXFP1
DB00640,MCHR2
DB00640,PTH
DB00640,CXCR6
DB00640,ADORA2B
DB00640,PTH2
DB00640,GCGR
DB00640,NTRK2
DB00640,NNMT
DB00640,S1PR3
DB00640,P2RY1
DB00640,ADRB2
DB00640,S1PR1
DB00640,COMT
DB00640,APP
DB00640,ADCY8
DB00640,ADK
DB00640,DCK
DB00640,CXCL13
DB00640,CRH
DB00640,LPAR2
DB00640,ADRB1
DB00640,GPR17
DB00640,RGS10
DB00640,CXCL16
DB00640,CCR5
DB00640,SLC29A2
DB00640,MC4R
DB00640,ADRB3
DB00640,CCR9
DB00640,GRM7
DB00640,CXCR3
DB00640,CCR2
DB00640,CCR6
DB00640,OXGR1
DB00640,RXFP2
DB00640,RGS20
DB00640,NPB
DB00640,CCR4
DB00640,GPR18
DB00640,CXCR5
DB00640,NPY2R
DB00640,PTH2R
DB00640,ACKR3
DB00640,C5AR1
DB00640,RGS19
DB00640,PTHLH
DB00640,TAAR1
DB00640,MTNR1A
DB00640,PTGER4
DB00640,SAA1
DB00640,GALR2
DB00640,CALCA
DB00640,GIP
DB00640,NPBWR1
DB00640,NPW
DB00640,NPS
DB00640,LINC02210-CRHR1
DB00640,GNAT3
DB00640,BHMT
DB00640,PTGER3
DB00640,PNP
DB00640,MC2R
DB00640,GNG2
DB00640,ADCY2
DB00640,HTR6
DB00640,HTR5A
DB00640,RXFP4
DB00640,DRD2
DB00640,CXCL9
DB00640,SUCNR1
DB00640,PTGIR
DB00640,HRH3
DB00640,FPR3
DB00640,WDTC1
DB00640,MTR
DB00640,AGT
DB00640,VIP
DB00640,RGS1
DB00640,RGS18
DB00640,GRM3
DB00640,TAS2R42
DB00640,TSHR
DB00640,LHCGR
DB00640,ADORA2A
DB00640,OPRL1
DB00640,HTR7
DB00640,SLC29A4
DB00640,CCR1
DB00640,PPBP
DB00640,ADCY9
DB00640,ADAT3
DB00640,CXCL5
DB00640,GNAI1
DB00640,GPER1
DB00640,AVPR2
DB00640,NPY5R
DB00640,CCR10
DB00640,CXCL3
DB00640,CXCR1
DB00640,ADCY1
DB00640,GRM4
DB00640,CXCL11
DB00640,CNR2
DB00640,MTNR1B
DB00640,APLNR
DB00640,MC3R
DB00640,TAS2R9
DB00640,NT5E
DB00640,TAS2R7
DB00640,TAS2R20
DB00640,SCTR
DB00640,DRD4
DB00640,SCT
DB00640,BDKRB1
DB00640,PDYN
DB00640,AHCY
DB00640,C5
DB00640,PPY
DB00640,TAS2R50
DB00640,HRH4
DB00640,GALR1
DB00640,NMUR2
DB00640,S1PR4
DB00640,ADCYAP1
DB00640,CXCL8
DB00640,CCR7
DB00640,MAPDA
DB00640,ADCY5
DB00640,TAS2R3
DB00640,CXCL6
DB00640,TAS2R4
DB00640,MCHR1
DB00640,GALR3
DB00640,NT5C2
DB00640,TAS2R16
DB00640,CASR
DB00640,ADCY7
DB00640,SSTR4
DB00640,TAS2R5
DB00640,TAS2R39
DB00640,GRM6
DB00640,NT5C1A
DB00640,TAS2R30
DB00640,OPRK1
DB00640,GAL
DB00640,GPBAR1
DB00640,PRH1-TAS2R14
DB00640,MTRNR2L2
DB00640,PTGDR2
DB00640,NTRK1
DB00640,VEGFA
DB00640,TAS2R43
DB00640,SLC29A3
DB00640,GRM8
DB00640,HCAR3
DB00640,NT5C1B-RDH14
DB00640,TAS2R46
DB00640,POMC
DB00640,TAS2R38
DB00640,CCL21
DB00640,CCL27
DB00640,GHRH
DB00640,TAS2R8
DB00640,TAS2R10
DB00640,CXCL2
DB00640,IAPP
DB00640,ANXA1
DB00640,HEBP1
DB00640,OPRD1
DB00640,NMU
DB00640,GLP2R
DB00640,RGS6
DB00640,VIPR2
DB00640,ADCY3
DB00640,MC1R
DB00640,MTRR
DB00640,AGTR2
DB00640,GIPR
DB00640,NPY4R
DB00640,RGS4
DB00640,C3
DB00640,NT5C1B
DB00640,GPR55
DB00640,GRM2
DB00640,PYY
DB00640,ADM2
DB00640,CXCL10
DB00640,FSHR
DB00640,ADA
DB00640,HTR1A
DB00640,P2RY14
DB00640,ADORA1
DB00640,CCL19
DB00640,HTR4
DB00640,CASP3
DB00640,ADCY6
DB00640,TAS2R13
DB00640,FPR1
DB00640,NPSR1
DB00640,FPR2
DB00640,P2RY4
DB00640,SLC28A3
DB00640,NMS
DB00640,HRH2
DB00640,OXER1
DB00640,AVP
DB00640,CRHR2
DB00640,PNOC
DB00640,TAS2R1
DB00640,DRD3
DB00640,NT5M
DB00640,HCAR2
DB00640,CCL25
DB00640,CALCR
DB00640,TAS2R19
DB00640,TAS2R31
DB00640,CXCL1
DB00640,DRD5
DB00640,ADCY4
DB00640,GNAI2
DB00640,HTR1F
DB00640,HTR1E
DB00640,ADRA2C
DB00640,CHRM4
DB00640,NPY
DB00640,TAS2R41
DB00640,TAS2R40
DB00640,RGS14
DB00640,CXCR4
DB00640,GCG
DB00640,NMUR1
DB00640,PTGER2
DB00640,NT5C
DB00640,NT5C3B
DB00640,OPRM1
DB00640,CCR8
DB00640,CCR3
DB00640,PTH1R
DB00640,P2RY13
DB00640,SLC28A2
DB00640,RXFP3
DB00640,AHCYL2
DB00640,PMCH
DB00640,CCL28
DB00640,SSTR2
DB00640,S1PR5
DB00640,TPMT
DB00640,P2RY12
DB00640,TAS2R60
DB00640,PENK
DB00640,VIPR1
DB00640,MC5R
DB00640,CXCR2
DB00640,CHRM2
DB00640,GHRHR
DB00640,LPAR5
DB00640,CALCB
DB00640,RGS7
DB00640,ADORA3
DB00641,APOB
DB00641,HDAC2
DB00641,HMGCR
DB00641,TNF
DB00641,AKT1
DB00641,HMOX1
DB00641,LDLR
DB00641,RHOA
DB00641,ITGAL
DB00641,EDN1
DB00641,BMP2
DB00641,BMPR2
DB00641,MMP9
DB00641,VEGFA
DB00641,CCL2
DB00641,RNASE1
DB00641,COG2
DB00641,APOE
DB00641,CXCL8
DB00641,PON1
DB00641,F3
DB00641,IL6
DB00641,IL1B
DB00641,ITGB2
DB00641,NOS3
DB00641,F2
DB00641,SLCO1B1
DB00641,CYP3A4
DB00641,ABCB1
DB00641,TP53
DB00641,PDGFB
DB00641,MMP1
DB00641,APOA1
DB00641,SERPINE1
DB00642,ATIC
DB00642,TYMS
DB00642,DHFR
DB00642,GART
DB00643,TUBB4B
DB00643,TUBA1A
DB00643,KDR
DB00643,ABL1
DB00644,GNRHR
DB00644,FSHR
DB00644,PRL
DB00644,POMC
DB00645,SCN10A
DB00647,KCNH2
DB00647,OPRD1
DB00647,OPRM1
DB00647,OPRK1
DB00647,CES1
DB00648,AR
DB00648,FDX1
DB00648,PGR
DB00648,CYP11B1
DB00648,CYP3A4
DB00648,ESR1
DB00650,TYMS
DB00650,DHFR
DB00650,MTHFR
DB00650,FPGS
DB00650,SLC19A1
DB00650,MTHFS
DB00651,ADORA2A
DB00651,PDE7A
DB00651,PDE4B
DB00651,PDE4D
DB00651,PDE4C
DB00651,PDE4A
DB00651,ADORA1
DB00651,PDE7B
DB00652,OPRK1
DB00652,OPRM1
DB00652,SIGMAR1
DB00652,OPRD1
DB00653,CACNA1S
DB00653,CACNB2
DB00653,CACNA2D1
DB00653,CACNA1C
DB00653,CACNG1
DB00653,CACNB1
DB00654,MMP3
DB00654,MMP2
DB00654,TYR
DB00654,PTGFR
DB00655,HSD17B7
DB00655,UGT2B4
DB00655,HSD17B2
DB00655,STS
DB00655,CYP3A5
DB00655,SULT1E1
DB00655,UGT2A3
DB00655,UGT2B10
DB00655,ESR2
DB00655,CYP2A6
DB00655,CYP19A1
DB00655,UGT1A6
DB00655,UGT2B7
DB00655,ESR1
DB00655,UGT1A10
DB00655,HSD17B12
DB00655,HSD17B8
DB00655,UGT1A4
DB00655,UGT1A5
DB00655,HSD17B1
DB00655,SHBG
DB00655,UGT1A7
DB00655,UGT1A8
DB00655,HSD17B6
DB00655,BPNT1
DB00655,UGT1A3
DB00655,AR
DB00655,UGT2B17
DB00655,CYP3A4
DB00655,UGT2B15
DB00655,UGT2B11
DB00655,CYP1A1
DB00655,ABCG2
DB00655,HSD17B11
DB00655,UGT1A9
DB00656,ADRA2A
DB00656,HTR2B
DB00656,KCNH2
DB00656,HTR1A
DB00656,ADRA1B
DB00656,HTR2A
DB00656,ADRA1A
DB00656,HRH1
DB00656,ADRA2C
DB00656,HTR2C
DB00656,SLC6A4
DB00656,DRD2
DB00656,SLC6A2
DB00656,SLC6A3
DB00657,CHRNB2
DB00657,CHRNA2
DB00657,CHRNA7
DB00657,CHRNA4
DB00659,GRM3
DB00659,GRIN3A
DB00659,GRM5
DB00659,GRM2
DB00659,GRM1
DB00661,TPCN2
DB00661,CACNB3
DB00661,SEC23IP
DB00661,CACNA1D
DB00661,CACNA1C
DB00661,CACNA1A
DB00661,KCNJ11
DB00661,ADRA1D
DB00661,ADRA1B
DB00661,CACNA1H
DB00661,ADRA1A
DB00661,ABCB1
DB00661,CYP2C8
DB00661,CACNA1S
DB00661,HTR2A
DB00661,CACNA1F
DB00661,SLC22A1
DB00661,CYP3A4
DB00661,KCNA3
DB00661,ABCC1
DB00661,CACNA1B
DB00661,CACNB4
DB00661,ADCY10
DB00661,CACNB2
DB00661,CACNA1G
DB00661,KCNH2
DB00661,PRL
DB00661,REN
DB00661,CACNB1
DB00661,ABCB4
DB00661,SLC6A4
DB00661,ABCG2
DB00661,CACNA1I
DB00661,SCN5A
DB00663,NR3C1
DB00665,AR
DB00665,KLK3
DB00666,GNRHR
DB00668,ADRB3
DB00668,TNF
DB00668,PAH
DB00668,ADRB2
DB00668,ADRA1A
DB00668,ADRA1D
DB00668,ADRA2A
DB00668,ADRB1
DB00668,ADRA1B
DB00668,ADRA2B
DB00669,ADCY10
DB00669,HTR1B
DB00669,HTR2A
DB00669,HTR1D
DB00669,HTR1E
DB00669,HTR5A
DB00669,HTR7
DB00669,HTR1A
DB00669,HTR1F
DB00669,HTR2C
DB00669,HTR3A
DB00669,HTR6
DB00669,SLC47A1
DB00670,CHRM1
DB00670,ADCY10
DB00670,CHRM2
DB00670,CHRM4
DB00670,CHRM5
DB00670,CHRM3
DB00672,ABCC8
DB00673,TACR1
DB00673,CYP3A4
DB00673,TACR3
DB00673,TAC1
DB00673,CYP2C9
DB00674,CHRNB4
DB00674,CHRNB2
DB00674,CHRNA4
DB00674,CHRNA2
DB00674,ACHE
DB00674,CHRNA7
DB00674,CHRNA9
DB00674,CHRNA6
DB00674,CHRNA5
DB00674,CHRNA3
DB00674,BCHE
DB00674,CHRNB3
DB00674,CHRNA10
DB00675,ESR2
DB00675,KCNH2
DB00675,AR
DB00675,ABCB1
DB00675,CYP3A4
DB00675,HTR6
DB00675,CYP2B6
DB00675,NR1I2
DB00675,EBP
DB00675,DHCR7
DB00675,ESRRA
DB00675,SHBG
DB00675,SIGMAR1
DB00675,ESR1
DB00675,EBPL
DB00675,ESRRG
DB00677,CTSA
DB00677,PTGS2
DB00677,BCHE
DB00677,TF
DB00677,ACHE
DB00678,SERPINE1
DB00678,TGFB1
DB00678,AGT
DB00678,CYP2C9
DB00678,ACE2
DB00678,FOS
DB00678,ALB
DB00678,AGTR1
DB00678,TBXA2R
DB00678,AGTR2
DB00678,ACE
DB00678,REN
DB00678,CYP3A4
DB00678,MMP2
DB00678,EDN1
DB00678,SLC22A12
DB00679,KCNH2
DB00679,ADRA1B
DB00679,DRD1
DB00679,ADRA1A
DB00679,HTR2A
DB00679,DRD2
DB00679,ADRA2B
DB00679,HTR1A
DB00679,ADRA2A
DB00679,ADRA2C
DB00679,CHRM3
DB00679,DRD4
DB00679,DRD5
DB00679,HTR2C
DB00679,HTR7
DB00679,HRH1
DB00679,DRD3
DB00679,CHRM2
DB00679,HTR6
DB00680,SCN5A
DB00682,NR1I2
DB00682,VKORC1
DB00682,ALB
DB00683,GABRA3
DB00683,GABRA2
DB00683,GABRQ
DB00683,GABRA5
DB00683,GABRA6
DB00683,GABRA4
DB00683,GABRR2
DB00683,GABRB2
DB00683,GABRD
DB00683,GABRB3
DB00683,GABRR3
DB00683,GABRA1
DB00683,GABRR1
DB00683,GABRB1
DB00683,GABRG3
DB00683,GABRP
DB00683,GABRG2
DB00683,SLC22A1
DB00683,CYP3A4
DB00683,GABRE
DB00683,GABRG1
DB00685,CUL9
DB00685,TOP2A
DB00686,FGF1
DB00686,FGF2
DB00686,FGF4
DB00687,NR3C1
DB00687,REN
DB00687,NR3C2
DB00687,AR
DB00687,GPER1
DB00688,IMPDH1
DB00688,IMPDH2
DB00690,GABRA3
DB00690,GABRA2
DB00690,GABRA1
DB00690,GABRR1
DB00690,GABRB2
DB00690,GABRB1
DB00690,GABRA5
DB00690,GABRA6
DB00690,GABRG2
DB00690,GABRA4
DB00690,GABRB3
DB00690,GABRP
DB00690,GABRR3
DB00690,GABRD
DB00690,GABRG1
DB00690,GABRR2
DB00690,GABRQ
DB00690,GABRE
DB00690,GABRG3
DB00691,ACE2
DB00691,ACE
DB00692,ADRA1B
DB00692,ADRA2A
DB00692,ADRA1D
DB00692,ADRA2C
DB00692,SIGMAR1
DB00692,NISCH
DB00692,ADCY10
DB00692,ADRA2B
DB00692,HTR1A
DB00692,ADRA1A
DB00692,HTR2A
DB00692,HRH1
DB00694,TOP2A
DB00694,DCXR
DB00694,MMP2
DB00694,TP53
DB00694,ABCB1
DB00694,TOP2B
DB00694,ABCG2
DB00694,ABCC1
DB00695,SLC12A2
DB00695,HSD11B1
DB00695,CA2
DB00695,ALB
DB00695,GPR35
DB00695,SERPINE1
DB00695,SLC12A4
DB00695,SLC12A1
DB00695,REN
DB00696,ADRA1B
DB00696,DRD2
DB00696,HTR2A
DB00696,ADRA1A
DB00696,HTR1B
DB00696,ADRA2A
DB00696,ADRA1D
DB00696,ADRA2B
DB00696,HTR1D
DB00696,HTR2B
DB00696,HTR2C
DB00696,SLC6A2
DB00696,HTR1F
DB00696,HTR1E
DB00696,HTR5A
DB00696,HTR1A
DB00697,NISCH
DB00697,ADRA2A
DB00697,ADRA2C
DB00697,ADRA2B
DB00699,ADRA1A
DB00700,REN
DB00700,GPER1
DB00700,NR3C2
DB00701,CYP3A4
DB00701,CYP3A5
DB00703,CA1
DB00703,CA4
DB00703,CA7
DB00703,CA2
DB00703,CA9
DB00704,OPRK1
DB00704,OPRM1
DB00704,POMC
DB00704,OPRD1
DB00704,OGFR
DB00704,HTR2A
DB00705,CYP3A4
DB00706,ADRA1D
DB00706,ADRA1B
DB00706,DRD3
DB00706,DRD2
DB00706,ADRA2A
DB00706,HTR1A
DB00706,ADRA1A
DB00706,HTR7
DB00706,ADRA2C
DB00707,FCGR1A
DB00707,LDLR
DB00708,ABCB1
DB00708,OPRD1
DB00708,OPRK1
DB00708,OPRM1
DB00709,DCK
DB00710,FDPS
DB00711,PTGS1
DB00711,ALOX5
DB00712,PTGS2
DB00712,ALB
DB00712,CYP2C9
DB00712,AKR1C2
DB00712,AKR1C3
DB00712,PTGS1
DB00712,TP53
DB00712,SLC22A6
DB00712,HPGD
DB00713,SLC15A1
DB00713,SLC15A2
DB00714,DDC
DB00714,HTR1A
DB00714,DRD3
DB00714,GAD1
DB00714,DRD5
DB00714,HTR1D
DB00714,DRD1
DB00714,ADRA2B
DB00714,HTR2A
DB00714,HTR2B
DB00714,DRD4
DB00714,ADRA2C
DB00714,ADRA2A
DB00714,HTR1B
DB00714,HTR2C
DB00714,COMT
DB00714,TH
DB00714,ADCY10
DB00714,DRD2
DB00714,CALY
DB00714,KCNH2
DB00714,ADRA1B
DB00714,ADRA1D
DB00715,SLC6A2
DB00715,CYP2D6
DB00715,SLC6A3
DB00715,HTR2A
DB00715,CHRM2
DB00715,CHRM4
DB00715,P2RX4
DB00715,CHRM3
DB00715,ADRA2A
DB00715,SLC6A4
DB00715,CHRM5
DB00715,HTR2B
DB00715,TACR1
DB00715,DRD2
DB00715,CHRM1
DB00715,HRH1
DB00716,FPR1
DB00716,CXCL8
DB00716,PTGDR
DB00716,HSP90AA1
DB00716,CYSLTR2
DB00716,CYSLTR1
DB00717,PGR
DB00717,AR
DB00717,SHBG
DB00717,ESR1
DB00717,NR3C1
DB00719,HRH1
DB00720,SLC25A5
DB00720,SLC25A4
DB00720,SLC25A6
DB00721,SCN10A
DB00721,CHRNA2
DB00721,PLA2G4A
DB00721,HTR3A
DB00721,GRIN3A
DB00721,SLC6A3
DB00722,ACE
DB00722,ACE2
DB00722,REN
DB00723,ADRA1A
DB00723,ADRA1B
DB00723,ADRA1D
DB00724,TLR7
DB00724,MX1
DB00724,TNF
DB00724,IFNA8
DB00724,IL6
DB00724,TLR9
DB00724,CXCL8
DB00724,IFNA6
DB00724,TLR8
DB00725,CHRM5
DB00725,CHRM3
DB00725,CHRM4
DB00725,CHRM2
DB00725,CHRM1
DB00726,ADRA1A
DB00726,HRH1
DB00726,ADRA2B
DB00726,HTR1A
DB00726,SLC6A4
DB00726,SLC6A2
DB00726,ADRA1B
DB00726,DRD1
DB00726,SLC6A3
DB00726,DRD2
DB00726,HTR2A
DB00726,HTR3A
DB00726,ADRA2A
DB00726,HTR2C
DB00726,HTR1D
DB00727,ALDH2
DB00727,NFX1
DB00727,NPR1
DB00727,NOS2
DB00727,REN
DB00727,VASP
DB00727,NOS3
DB00727,PLAT
DB00728,CHRNA2
DB00728,HTR3A
DB00728,CHRM2
DB00730,METAP1
DB00731,CYP2C9
DB00731,PPARG
DB00731,ABCC8
DB00732,CHRNA2
DB00733,ACHE
DB00733,BCHE
DB00734,ADRA1D
DB00734,ADRA2A
DB00734,HRH2
DB00734,DRD3
DB00734,DRD2
DB00734,ADRA2C
DB00734,HTR2C
DB00734,HTR2B
DB00734,DRD4
DB00734,ADRA1A
DB00734,HTR2A
DB00734,DRD5
DB00734,HTR1B
DB00734,HTR1A
DB00734,ADRA1B
DB00734,HTR1D
DB00734,HTR7
DB00734,HTR6
DB00734,CYP3A4
DB00734,HTR1F
DB00734,DRD1
DB00734,PRL
DB00734,ADRA2B
DB00734,HRH1
DB00734,KCNH2
DB00734,SLC6A4
DB00734,HTR1E
DB00734,TBXA2R
DB00734,SLC47A1
DB00734,CHRM1
DB00734,SIGMAR1
DB00734,CHRM4
DB00734,CHRM2
DB00734,ADRB2
DB00734,ADRB1
DB00735,SQLE
DB00736,DDAH1
DB00736,ATP4A
DB00737,HRH1
DB00738,TRDMT1
DB00738,KAT5
DB00738,MRE11
DB00738,SAT1
DB00738,SLC47A2
DB00738,SLC47A1
DB00738,ATM
DB00738,SLC22A2
DB00738,SLC22A3
DB00738,S100B
DB00738,AOC1
DB00738,ST14
DB00738,PRSS1
DB00740,KCNK10
DB00740,SCN5A
DB00740,KCNK2
DB00740,GDNF
DB00740,SLC7A11
DB00740,NGF
DB00740,BDNF
DB00740,MAP2
DB00741,PRL
DB00741,MC2R
DB00741,IGF1
DB00741,HSD3B2
DB00741,IL1B
DB00741,LEP
DB00741,CRH
DB00741,CYP11A1
DB00741,SERPINA6
DB00741,IGF2
DB00741,CYP3A4
DB00741,POMC
DB00741,CYP11B1
DB00741,HSD11B1
DB00741,ANXA1
DB00741,RETN
DB00741,CYP11B2
DB00741,AKR1D1
DB00741,HSD3B1
DB00741,NR3C1
DB00741,IL6
DB00741,HSD11B2
DB00741,ADIPOQ
DB00744,LTA4H
DB00744,ALOX5AP
DB00744,EPHX2
DB00744,ALOX5
DB00744,LTB4R
DB00745,HCRT
DB00745,SLC6A3
DB00745,CYP2C19
DB00745,ADRA1B
DB00746,ACO1
DB00746,SLC11A2
DB00746,TP53
DB00746,SLC40A1
DB00746,FECH
DB00746,MB
DB00746,HIF1A
DB00746,APP
DB00746,MPO
DB00746,TNF
DB00746,TFRC
DB00747,CHRM2
DB00747,CHRM1
DB00747,CHRM5
DB00747,CHRM4
DB00747,CHRNA4
DB00747,SI
DB00747,CHRM3
DB00747,CHRNB2
DB00748,HRH1
DB00749,RXRA
DB00749,PTGS1
DB00749,PTGS2
DB00750,SCN5A
DB00751,HTR7
DB00751,HRH2
DB00751,ADRA2A
DB00751,SLC47A1
DB00751,HTR2A
DB00751,HRH1
DB00751,ADRA1A
DB00751,SLC22A2
DB00752,MAOB
DB00752,MAOA
DB00752,CYP2C9
DB00752,KDM1A
DB00752,BDNF
DB00752,CYP2C19
DB00752,PRSS1
DB00752,CYP2E1
DB00753,CASP3
DB00753,ATP5F1D
DB00753,GABRA1
DB00753,CHRNA4
DB00753,KCNA1
DB00753,GRIA1
DB00753,CALM1
DB00753,ATP2C1
DB00753,GLRA1
DB00753,CALM2
DB00753,CHRNB2
DB00753,HMOX1
DB00754,SCN5A
DB00754,NR1I2
DB00755,CYP1A1
DB00755,ITGAM
DB00755,CYP4A11
DB00755,CXCL8
DB00755,TGFB2
DB00755,RXRB
DB00755,GDNF
DB00755,MYC
DB00755,TNF
DB00755,RORB
DB00755,RARB
DB00755,FOXP3
DB00755,RBP4
DB00755,UGT2B4
DB00755,ALPL
DB00755,IGF1
DB00755,UGT1A6
DB00755,UGT2B7
DB00755,UGT1A4
DB00755,CYP2S1
DB00755,JUN
DB00755,CEBPB
DB00755,VEGFA
DB00755,CYP3A4
DB00755,CYP2B6
DB00755,IL10
DB00755,UGT2B17
DB00755,BMP7
DB00755,AOX1
DB00755,CYP2C8
DB00755,CEBPA
DB00755,CRABP2
DB00755,CASP3
DB00755,UGT1A8
DB00755,UGT1A3
DB00755,CYP1A2
DB00755,ALDH1A3
DB00755,UGT2B11
DB00755,RARG
DB00755,RXRA
DB00755,UGT1A5
DB00755,NR2F2
DB00755,CYP3A7
DB00755,UGT1A7
DB00755,RXRG
DB00755,RB1
DB00755,UGT2B10
DB00755,CYP3A5
DB00755,CDH1
DB00755,CYP26A1
DB00755,RARRES1
DB00755,ALDH1A2
DB00755,CYP26B1
DB00755,LCP2
DB00755,ALDH3A1
DB00755,IL2
DB00755,CYP2C9
DB00755,IL6
DB00755,CCND1
DB00755,IFNG
DB00755,IL4
DB00755,IL5
DB00755,UGT2A3
DB00755,TGFB1
DB00755,MMP2
DB00755,INS-IGF2
DB00755,RAF1
DB00755,HGF
DB00755,RARA
DB00755,CDK4
DB00755,BMP4
DB00755,IRF1
DB00755,ODC1
DB00755,RBP2
DB00755,RARS1
DB00755,SOX9
DB00755,SHH
DB00755,NR0B1
DB00755,TP53
DB00755,GPRC5A
DB00755,PPARG
DB00755,UGT1A9
DB00755,CYP2C18
DB00755,MAPK1
DB00755,MYCN
DB00755,KIT
DB00755,UGT1A10
DB00755,PDCD4
DB00755,CRABP1
DB00755,CREB1
DB00755,ALDH1A1
DB00755,CYP2A6
DB00755,LCN2
DB00755,FABP5
DB00755,ARL6IP5
DB00755,UGT2B15
DB00756,SDHD
DB00756,ESR1
DB00756,MIF
DB00756,SERPINE1
DB00756,GLUD1
DB00757,HTR3A
DB00758,VASP
DB00758,SELP
DB00758,CYP2C19
DB00758,P2RY12
DB00758,P2RY1
DB00758,CD40LG
DB00758,CRP
DB00758,CYP2B6
DB00758,WDTC1
DB00758,DUSP2
DB00759,PRNP
DB00759,PADI4
DB00761,SLC12A5
DB00761,SLC12A7
DB00761,SLC12A2
DB00761,SLC12A1
DB00761,SLC12A6
DB00761,SLC12A4
DB00762,TOP1
DB00762,SLC22A2
DB00762,ACHE
DB00762,SLC47A2
DB00762,TOP1MT
DB00762,SLC47A1
DB00763,FMO2
DB00763,TG
DB00763,MPO
DB00763,TPO
DB00763,FMO1
DB00763,FMO3
DB00764,NR3C1
DB00764,PGR
DB00765,TH
DB00768,S100A13
DB00768,ICAM1
DB00768,S100B
DB00768,S100A12
DB00768,HRH3
DB00768,S100A1
DB00768,CCL17
DB00768,HRH2
DB00768,HRH1
DB00768,S100A2
DB00769,NR3C1
DB00771,CHRM1
DB00771,CHRM3
DB00772,BCHE
DB00772,MTNR1A
DB00773,AKT1
DB00773,RB1
DB00773,TP53
DB00773,TNFRSF10B
DB00773,DCK
DB00773,ATM
DB00773,CASP3
DB00773,BAX
DB00773,BCL2L1
DB00773,CYCS
DB00773,TOP2A
DB00773,ABCG2
DB00773,LMNB1
DB00773,CASP6
DB00773,CDKN1A
DB00773,ABCC3
DB00773,FASLG
DB00773,APAF1
DB00773,CASP2
DB00773,KMT2A
DB00773,FAS
DB00773,CASP8
DB00773,MAPK8
DB00773,TOP1
DB00773,CASP9
DB00773,ABCB1
DB00773,MCL1
DB00773,CASP7
DB00773,H2AX
DB00773,MYC
DB00773,ABCC1
DB00773,HIPK2
DB00773,TOP2B
DB00774,CA14
DB00774,KCNMA1
DB00774,CA1
DB00774,CA2
DB00774,CA9
DB00774,CA6
DB00774,CA7
DB00774,ATP1A1
DB00774,CA4
DB00774,CA5B
DB00774,SLC12A1
DB00774,CA12
DB00775,ITGA2B
DB00775,ITGB3
DB00776,CYP2C19
DB00776,SCN5A
DB00777,ADRA1B
DB00777,HRH1
DB00777,CHRM4
DB00777,ADRA1D
DB00777,DRD2
DB00777,HTR2A
DB00777,ADRA1A
DB00777,DRD4
DB00777,HTR2C
DB00777,CHRM2
DB00777,CHRM5
DB00777,CHRM1
DB00777,CHRM3
DB00777,DRD1
DB00778,ABCB1
DB00779,TOP2A
DB00780,ABAT
DB00780,GPT2
DB00780,GPT
DB00780,MAOA
DB00780,MAOB
DB00780,AOC3
DB00780,KDM1A
DB00780,CYP2C8
DB00780,SLC6A3
DB00780,CYP2B6
DB00782,CHRM1
DB00783,UGT1A9
DB00783,CASP3
DB00783,SULT1E1
DB00783,SULT2A1
DB00783,NCOA3
DB00783,TGFB1
DB00783,ESR2
DB00783,AMH
DB00783,OXT
DB00783,ESR1
DB00783,HSD17B2
DB00783,RPS6KB1
DB00783,IGFBP3
DB00783,UGT1A10
DB00783,CYP1A2
DB00783,CXCL8
DB00783,FOS
DB00783,UGT2B15
DB00783,CYP2C8
DB00783,IRS1
DB00783,NR3C1
DB00783,ABCG2
DB00783,CYP2J2
DB00783,UGT2A3
DB00783,RARA
DB00783,HSD17B7
DB00783,ESRRA
DB00783,VEGFA
DB00783,MMP9
DB00783,UGT1A4
DB00783,NKX3-1
DB00783,SHBG
DB00783,CYP1A1
DB00783,EDN1
DB00783,BMP2
DB00783,AR
DB00783,UGT2B11
DB00783,IGF2
DB00783,PRKCA
DB00783,UGT1A3
DB00783,HSD17B8
DB00783,UGT1A7
DB00783,HSD17B1
DB00783,UGT1A5
DB00783,IL6
DB00783,IL1B
DB00783,KISS1
DB00783,CAV1
DB00783,UGT1A8
DB00783,RB1
DB00783,HSD17B6
DB00783,ESRRB
DB00783,AOX1
DB00783,GPER1
DB00783,UGT2B7
DB00783,MTOR
DB00783,CXCL12
DB00783,SLC22A3
DB00783,LEP
DB00783,BPNT1
DB00783,UGT2B17
DB00783,SULT1A1
DB00783,OXTR
DB00783,CYP2B6
DB00783,GSK3B
DB00783,PGR
DB00783,SRC
DB00783,CYP2A13
DB00783,SLC22A1
DB00783,EGFR
DB00783,GNRH1
DB00783,NR1I2
DB00783,AKT1
DB00783,GAL
DB00783,UGT2B10
DB00783,HSD17B11
DB00783,ESRRG
DB00783,NOS1
DB00783,CHRNA4
DB00783,UGT1A6
DB00783,IGF1
DB00783,PRL
DB00783,CYP2A6
DB00783,NOS3
DB00783,TNFRSF11B
DB00783,HSD17B12
DB00783,UGT2B4
DB00784,PTGS2
DB00784,PTGS1
DB00784,AKR1C2
DB00784,AKR1C3
DB00784,AKR1C1
DB00785,CHRM4
DB00785,CHRM1
DB00785,CHRM5
DB00785,CHRM2
DB00785,CHRM3
DB00787,SLC22A8
DB00787,SLC22A6
DB00787,SLC22A7
DB00787,PNP
DB00788,PTGS1
DB00788,PTGS2
DB00788,AKR1C3
DB00788,ALB
DB00788,AKR1C2
DB00789,PGD
DB00790,REN
DB00790,ACE
DB00790,ALB
DB00792,GSR
DB00792,HRH1
DB00793,GALE
DB00794,GRIK2
DB00794,GABRA5
DB00794,GABRA4
DB00794,GABRA3
DB00794,GABRA2
DB00794,GABRA1
DB00794,CHRNA4
DB00794,GRIA2
DB00794,GABRA6
DB00794,CHRNA7
DB00795,ACAT1
DB00795,TNF
DB00795,SLC7A11
DB00795,NAT2
DB00795,CRP
DB00795,PTGS2
DB00795,PTGS1
DB00795,ALOX5
DB00795,TBXAS1
DB00795,MPO
DB00795,PPARG
DB00795,IKBKB
DB00795,NFKBIA
DB00796,AGTR1
DB00797,HRH1
DB00797,ADRA2C
DB00797,ADRA1A
DB00797,TAAR1
DB00797,ADRA2A
DB00797,ADRA2B
DB00797,HRH2
DB00798,CASP3
DB00798,LRP2
DB00798,DHFR
DB00798,DMD
DB00799,RARG
DB00799,RXRB
DB00799,RARB
DB00799,RARA
DB00799,RARRES2
DB00799,PLAAT4
DB00799,RARRES1
DB00800,ADRA2B
DB00800,ADRA1D
DB00800,ADRA1B
DB00800,ADRA2A
DB00800,ADRA1A
DB00800,DRD1
DB00800,ADRA2C
DB00800,DRD2
DB00800,KDM4E
DB00800,DRD5
DB00801,GABRA3
DB00801,GABRR3
DB00801,GABRB3
DB00801,GABRB2
DB00801,GABRA2
DB00801,GABRR1
DB00801,GABRA5
DB00801,GABRR2
DB00801,GABRD
DB00801,GABRP
DB00801,GABRG3
DB00801,GABRB1
DB00801,GABRG1
DB00801,GABRA1
DB00801,GABRG2
DB00801,GABRE
DB00802,OPRM1
DB00804,CHRM1
DB00804,CHRM2
DB00804,CHRM5
DB00804,CHRM3
DB00804,CHRM4
DB00805,CHRM1
DB00805,DRD1
DB00805,ACHE
DB00805,SLC6A4
DB00805,HTR2C
DB00805,DRD2
DB00805,MAOA
DB00805,HTR2A
DB00805,HTR2B
DB00805,HTR1B
DB00806,ADRA2B
DB00806,ACHE
DB00806,ADORA2B
DB00806,PDE4A
DB00806,PDE5A
DB00806,NT5E
DB00806,ADORA2A
DB00806,IL10
DB00806,TNF
DB00806,ADORA1
DB00806,ICAM1
DB00806,NOS2
DB00806,LTA
DB00806,PDE4B
DB00806,MPO
DB00806,IFNG
DB00806,F3
DB00806,IL6
DB00806,ITGAM
DB00806,ELANE
DB00807,SCN10A
DB00808,KCNE1
DB00808,CA13
DB00808,CA12
DB00808,CA2
DB00808,CA6
DB00808,REN
DB00808,CA7
DB00808,SLC12A3
DB00808,KCNQ1
DB00809,CHRM3
DB00809,CHRM2
DB00809,CHRM1
DB00809,CHRM4
DB00810,CHRNA2
DB00810,CHRM3
DB00810,CHRM1
DB00810,CHRM5
DB00810,CHRM2
DB00810,CHRM4
DB00811,IMPDH2
DB00811,ENPP1
DB00811,PBRM1
DB00811,IMPDH1
DB00811,ADK
DB00811,IFNA2
DB00811,IFNL3
DB00811,ITPA
DB00811,NT5C2
DB00812,PTGIS
DB00812,PTGS2
DB00812,ALB
DB00812,PTGS1
DB00813,ABCB1
DB00813,KCNH2
DB00813,OPRD1
DB00813,OPRK1
DB00813,OPRM1
DB00814,PTGS2
DB00814,PTGS1
DB00816,ADRB2
DB00817,CUL9
DB00818,GABRB3
DB00818,UGT1A9
DB00818,GABRB2
DB00818,SCN4A
DB00818,SCN2A
DB00819,CA4
DB00819,AQP1
DB00819,CA13
DB00819,CA7
DB00819,CA9
DB00819,CA3
DB00819,CA12
DB00819,CA5A
DB00819,CA5B
DB00819,CA1
DB00819,CA6
DB00819,CA14
DB00819,CA2
DB00820,PDE11A
DB00820,PDE5A
DB00821,PTGS1
DB00821,PTGS2
DB00822,ALDH5A1
DB00822,ALDH3A1
DB00822,ALDH1A2
DB00822,ALDH3A2
DB00822,DBH
DB00822,CYP2E1
DB00822,ALDH2
DB00822,TRPA1
DB00822,ALDH1A1
DB00822,MGLL
DB00822,PAM
DB00823,PGR
DB00823,ESR1
DB00824,PDE4A
DB00824,PDE4B
DB00824,ADORA2B
DB00824,ADORA1
DB00824,ADORA2A
DB00825,TRPV3
DB00825,OPRK1
DB00825,TRPM8
DB00825,TRPA1
DB00829,GABRR2
DB00829,GABRA2
DB00829,GABRB1
DB00829,GABRR1
DB00829,GABRG2
DB00829,GABRA5
DB00829,GABRA1
DB00829,GABRB3
DB00829,GABRG1
DB00829,GABRG3
DB00829,GABRA3
DB00829,GABRB2
DB00829,GABRE
DB00829,GABRR3
DB00829,GABRD
DB00829,GABRQ
DB00829,TSPO
DB00829,GABRP
DB00830,SLC6A2
DB00830,SLC6A3
DB00831,DRD2
DB00831,CHRM2
DB00831,DHCR24
DB00831,ABCB1
DB00831,ADRA1A
DB00831,HTR1A
DB00831,SIGMAR1
DB00831,ADRA2B
DB00831,ADRA2C
DB00831,CHRM3
DB00831,EBPL
DB00831,ANXA7
DB00831,EBP
DB00831,HTR6
DB00831,DRD3
DB00831,HRH1
DB00831,HTR7
DB00831,HTR2C
DB00831,ADRA2A
DB00831,DRD4
DB00831,ADCY10
DB00831,CALM1
DB00831,S100A4
DB00831,SEC23IP
DB00831,CALM2
DB00831,ABCG2
DB00831,TNNC1
DB00831,MYLK3
DB00831,F2
DB00831,CALY
DB00831,HTR2A
DB00834,PPARG
DB00834,NR1I2
DB00834,PRL
DB00834,PGR
DB00834,NR3C1
DB00834,CYP3A7
DB00834,IGFBP1
DB00834,IL6
DB00834,PAEP
DB00834,CYP3A4
DB00834,ANXA1
DB00834,ESR1
DB00834,AR
DB00834,NR3C2
DB00834,CYP3A5
DB00834,TAT
DB00834,ESR2
DB00835,CHRM3
DB00835,CHRM5
DB00835,CHRM2
DB00835,HRH1
DB00835,CHRM4
DB00835,CHRM1
DB00835,KCNH2
DB00836,OPRK1
DB00836,CACNA1A
DB00836,OPRM1
DB00836,OPRD1
DB00836,POMC
DB00836,TEK
DB00836,HRH1
DB00836,ABCB1
DB00836,CALM1
DB00838,NR3C1
DB00839,KCNJ1
DB00841,ADCY10
DB00841,ADRB1
DB00841,ESR1
DB00841,ADRB2
DB00841,CA7
DB00841,CA5A
DB00841,CA12
DB00841,CA1
DB00841,CA2
DB00841,CA3
DB00841,CA9
DB00841,CA13
DB00841,CA4
DB00841,CA5B
DB00841,CA6
DB00842,GABRD
DB00842,GABRA4
DB00842,GABRA6
DB00842,GABRA3
DB00842,GABRR3
DB00842,GABRA1
DB00842,GABRG2
DB00842,GABRA5
DB00842,GABRR1
DB00842,GABRB1
DB00842,GABRB2
DB00842,GABRA2
DB00842,GABRB3
DB00842,GABRG1
DB00842,GABRG3
DB00842,GABRE
DB00842,GABRP
DB00842,GABRQ
DB00842,GABRR2
DB00843,KCNH2
DB00843,BCHE
DB00843,NOS1
DB00843,BACE1
DB00843,SIGMAR1
DB00843,HTR2A
DB00843,ACHE
DB00843,IL1B
DB00843,HRH3
DB00844,OPRM1
DB00844,OPRK1
DB00844,OPRD1
DB00845,ABCB11
DB00846,NR3C1
DB00847,NPY2R
DB00847,VNN1
DB00847,SST
DB00847,ADO
DB00847,VNN2
DB00848,CHRNA3
DB00848,ALPG
DB00849,GABRA5
DB00849,GABRA4
DB00849,GABRA3
DB00849,CHRNA7
DB00849,GRIK2
DB00849,GABRA2
DB00849,CHRNA4
DB00849,GRIA2
DB00849,GABRA6
DB00849,GABRA1
DB00849,NR1I2
DB00850,DRD3
DB00850,HTR1A
DB00850,ADRA2A
DB00850,DRD1
DB00850,CYP3A4
DB00850,HTR7
DB00850,HTR2C
DB00850,ADRA1A
DB00850,HTR2A
DB00850,ADRA2B
DB00850,ADRA2C
DB00850,HTR6
DB00850,HRH1
DB00850,PRL
DB00850,CHRM2
DB00850,CALM1
DB00850,CHRM3
DB00850,DRD2
DB00850,DRD4
DB00850,AOX1
DB00851,PGD
DB00851,POLA2
DB00852,ADRA2A
DB00852,ADRA1A
DB00852,NFKB1
DB00852,SLC6A4
DB00852,SLC6A3
DB00852,ADRB1
DB00852,SLC6A2
DB00852,TNF
DB00852,ADRB2
DB00852,IL2
DB00853,MGMT
DB00853,TP53
DB00853,MLH1
DB00854,OPRM1
DB00854,OPRK1
DB00854,OPRD1
DB00855,FECH
DB00855,ALAD
DB00855,ALAS1
DB00857,SQLE
DB00859,LOXL2
DB00859,ELN
DB00860,SERPINA6
DB00860,NR3C2
DB00860,NR3C1
DB00860,AR
DB00860,CRP
DB00860,GLUL
DB00861,PTGS2
DB00861,ALB
DB00861,SLC22A6
DB00861,CA2
DB00861,PTGS1
DB00861,CA1
DB00862,PDE5A
DB00862,PDE10A
DB00862,PDE11A
DB00862,PDE9A
DB00862,PDE2A
DB00862,PDE6H
DB00862,PDE6G
DB00863,HRH2
DB00863,ACHE
DB00864,ABCB1
DB00864,PPP3CA
DB00864,CALM2
DB00864,FKBP4
DB00864,PPP3CC
DB00864,ABCG2
DB00864,FKBP2
DB00864,FKBP3
DB00864,NFATC3
DB00864,NFATC1
DB00864,IL10
DB00864,TNF
DB00864,NFATC2
DB00864,IL2RA
DB00864,PPP3CB
DB00864,IFNG
DB00864,PPP3R1
DB00864,IL4
DB00864,FKBP1A
DB00864,CYP3A5
DB00864,CYP3A4
DB00864,IL2
DB00864,FASLG
DB00865,ADRA2A
DB00865,SLC18A2
DB00865,ADRA1A
DB00865,SLC6A3
DB00867,ADRB2
DB00868,SCN5A
DB00869,CA13
DB00869,CA4
DB00869,CA3
DB00869,CA6
DB00869,CA9
DB00869,CA14
DB00869,CA1
DB00869,CA2
DB00870,PTGS2
DB00870,PTGS1
DB00870,CYP2C9
DB00871,ADRB2
DB00871,ADRB3
DB00871,ADCY10
DB00871,ADRB1
DB00871,GRK2
DB00872,AVPR1A
DB00872,AVPR2
DB00873,NR3C1
DB00875,ADRA1A
DB00875,DRD1
DB00875,DRD2
DB00875,HTR2A
DB00875,CHRM1
DB00876,AGTR1
DB00876,REN
DB00876,AGTR2
DB00877,RYR1
DB00877,MCL1
DB00877,FGF2
DB00877,EIF4E
DB00877,JUN
DB00877,IRS1
DB00877,RPS6KA1
DB00877,CDK2
DB00877,MTOR
DB00877,ABCB1
DB00877,FKBP3
DB00877,RPS6KB1
DB00877,IL2
DB00877,FKBP4
DB00877,CDKN1B
DB00877,CDK4
DB00877,RHEB
DB00877,CCND1
DB00877,PPIA
DB00877,AKT2
DB00877,PCNA
DB00877,FKBP1A
DB00877,EIF4EBP1
DB00877,EIF4G1
DB00877,HIF1A
DB00877,CYP3A4
DB00877,CD28
DB00877,FKBP2
DB00877,RPS6KB2
DB00877,EEF2
DB00877,RPTOR
DB00877,PDCD4
DB00877,NOS3
DB00877,IL10
DB00877,TP53
DB00877,RICTOR
DB00877,IL2RA
DB00877,MAPK8
DB00877,AKT1
DB00877,CCND3
DB00877,RB1
DB00877,VEGFA
DB00877,RPS6
DB00878,SLC22A3
DB00878,MMP2
DB00878,SLC47A2
DB00878,SLC22A1
DB00878,MMP9
DB00878,SLC22A2
DB00878,SLC47A1
DB00878,HNMT
DB00879,DCK
DB00880,SLC12A3
DB00880,REN
DB00880,CA2
DB00880,CA4
DB00880,CA1
DB00881,ACE
DB00882,ESR1
DB00882,SHBG
DB00883,NPR1
DB00884,BGLAP
DB00884,FDPS
DB00885,HRH1
DB00887,CA5B
DB00887,CA14
DB00887,SLC12A1
DB00887,CA9
DB00887,CFTR
DB00887,CA7
DB00887,CA6
DB00887,REN
DB00887,SLC12A2
DB00887,SLC12A5
DB00887,SLC12A4
DB00887,CA12
DB00887,CA5A
DB00887,CA1
DB00887,CA2
DB00887,CA4
DB00889,SLC47A1
DB00889,HTR3B
DB00889,SLC22A2
DB00889,HTR3A
DB00889,KCNH2
DB00890,ESR1
DB00890,SHBG
DB00892,SCN10A
DB00893,FTL
DB00893,HBA1
DB00893,HBB
DB00893,FTH1
DB00893,HBA2
DB00894,CYP19A1
DB00895,FCER1G
DB00895,FCER1A
DB00896,NR3C1
DB00897,GABRR1
DB00897,GABRR2
DB00897,GABRA4
DB00897,GABRA6
DB00897,GABRA2
DB00897,CYP3A4
DB00897,GABRB3
DB00897,GABRB1
DB00897,GABRB2
DB00897,GABRP
DB00897,GABRE
DB00897,GABRD
DB00897,GABRA5
DB00897,GABRA3
DB00897,GABRG2
DB00897,GABRG1
DB00897,GABRG3
DB00897,GABRQ
DB00897,GABRR3
DB00897,TSPO
DB00897,GABRA1
DB00897,PTAFR
DB00899,OPRD1
DB00899,OPRM1
DB00899,OPRK1
DB00900,PNP
DB00902,HRH1
DB00903,GSTP1
DB00903,SLC12A1
DB00903,ATP1A1
DB00903,GSTA1
DB00903,HPGDS
DB00904,HTR3B
DB00904,OPRM1
DB00904,HTR1B
DB00904,HTR4
DB00904,SLC47A1
DB00904,SLC47A2
DB00904,KCNH2
DB00904,HTR3A
DB00904,HTR1A
DB00904,SLC22A2
DB00905,PTGFR
DB00905,PTGER3
DB00905,AKR1C3
DB00905,PTGER1
DB00906,SLC6A1
DB00907,SCN10A
DB00907,SCN11A
DB00907,CES1
DB00907,SLC6A4
DB00907,CHRM1
DB00907,CHRM2
DB00907,SCN5A
DB00907,SLC6A3
DB00907,SLC6A2
DB00907,KCNH2
DB00907,SIGMAR1
DB00908,KCNH2
DB00908,CYP2D6
DB00908,ABCB1
DB00908,ADRA1B
DB00908,KCNK1
DB00908,SCN5A
DB00908,KCNK6
DB00908,SLC67A1
DB00908,ADRA1A
DB00908,ADRA1D
DB00909,CACNA1H
DB00909,SCN4A
DB00909,CA12
DB00909,CA4
DB00909,MAOA
DB00909,CA9
DB00909,CA6
DB00909,SCN5A
DB00909,MAOB
DB00909,SCN11A
DB00909,CACNA1G
DB00909,CACNA1I
DB00909,CA2
DB00909,SCN9A
DB00909,SCN3A
DB00909,SCN1A
DB00909,SCN2A
DB00909,CA1
DB00909,SCN3B
DB00909,CA5B
DB00909,SCN2B
DB00909,SCN1B
DB00909,SCN4B
DB00909,CA14
DB00909,CA3
DB00909,CA13
DB00909,CA5A
DB00909,CA11
DB00909,CA7
DB00909,CA8
DB00909,CA10
DB00910,VDR
DB00910,PTH
DB00912,PPARG
DB00912,ABCC8
DB00912,CYP3A4
DB00912,CYP2C8
DB00912,SLCO1B1
DB00912,SLC22A1
DB00913,OPRM1
DB00914,PRKAA1
DB00914,SLC22A1
DB00914,KCNJ8
DB00915,CHRNA4
DB00915,DRD2
DB00915,CHRNA7
DB00915,GRIN3A
DB00917,EDN2
DB00917,GLP1R
DB00917,CYSLTR1
DB00917,TAS2R1
DB00917,CXCR3
DB00917,PTGFR
DB00917,HCRTR1
DB00917,GRM4
DB00917,GPR55
DB00917,MMP9
DB00917,OPN4
DB00917,TACR2
DB00917,GRPR
DB00917,AVP
DB00917,AGTR2
DB00917,VIPR1
DB00917,CNR2
DB00917,P2RY4
DB00917,GNA14
DB00917,NMS
DB00917,EDNRB
DB00917,HRH2
DB00917,OXER1
DB00917,HTR2A
DB00917,EDN1
DB00917,ADRA1D
DB00917,NPY4R
DB00917,ADRA1A
DB00917,GPR132
DB00917,FFAR3
DB00917,MC2R
DB00917,RGS19
DB00917,PTGDR2
DB00917,TAS2R13
DB00917,TAS2R31
DB00917,TAS2R42
DB00917,TAS2R19
DB00917,NPB
DB00917,CCL25
DB00917,HCAR2
DB00917,DRD3
DB00917,TAS2R60
DB00917,QRFPR
DB00917,CCR8
DB00917,LPAR3
DB00917,CCR4
DB00917,CCR10
DB00917,PMCH
DB00917,CALCA
DB00917,GAST
DB00917,NPBWR1
DB00917,NTSR1
DB00917,NPW
DB00917,GALR2
DB00917,RXFP3
DB00917,S1PR5
DB00917,NPY2R
DB00917,CHRM5
DB00917,ADCYAP1
DB00917,RGS4
DB00917,CASR
DB00917,HRH1
DB00917,NPS
DB00917,HTR1B
DB00917,LINC02210-CRHR1
DB00917,TNF
DB00917,GNAT3
DB00917,LPAR2
DB00917,FSHR
DB00917,ADRA2C
DB00917,TAS2R41
DB00917,TAS2R40
DB00917,RGS14
DB00917,CXCR4
DB00917,GCG
DB00917,MLN
DB00917,TBXA2R
DB00917,OPRM1
DB00917,GCGR
DB00917,F2RL2
DB00917,HCRTR2
DB00917,CCR1
DB00917,PYY
DB00917,POMC
DB00917,NMU
DB00917,GNA11
DB00917,P2RY10
DB00917,DRD4
DB00917,ADCYAP1R1
DB00917,PTHLH
DB00917,CXCL12
DB00917,CXCL1
DB00917,TAS2R50
DB00917,CXCL2
DB00917,GPBAR1
DB00917,TAS2R43
DB00917,LTB4R2
DB00917,GPR68
DB00917,TAS2R46
DB00917,HCAR3
DB00917,CHRM4
DB00917,CCR3
DB00917,PRH1-TAS2R14
DB00917,TAS2R30
DB00917,TAS2R38
DB00917,ADCY5
DB00917,RGS6
DB00917,GIPR
DB00917,MTRNR2L2
DB00917,GNAI3
DB00917,NPBWR2
DB00917,TMIGD3
DB00917,LPAR5
DB00917,TAS2R20
DB00917,GRK5
DB00917,TAS2R39
DB00917,F2RL1
DB00917,NMB
DB00917,GRM2
DB00917,ADM2
DB00917,MC1R
DB00917,HTR1E
DB00917,ADCY6
DB00917,CXCL10
DB00917,CXCR2
DB00917,MC5R
DB00917,QRFP
DB00917,HTR1A
DB00917,CALCB
DB00917,EDNRA
DB00917,GNAI2
DB00917,GRK2
DB00917,GHRHR
DB00917,ADCY4
DB00917,FPR2
DB00917,NPY5R
DB00917,PENK
DB00917,UTS2R
DB00917,HTR1F
DB00917,PTH1R
DB00917,F2R
DB00917,TAC1
DB00917,P2RY13
DB00917,CNR1
DB00917,GNG2
DB00917,CCKBR
DB00917,ARHGEF25
DB00917,CCR6
DB00917,ADRB1
DB00917,ADORA2A
DB00917,OPRL1
DB00917,GPR4
DB00917,RGS10
DB00917,PTGS2
DB00917,PTGES2
DB00917,HPGDS
DB00917,PTGIR
DB00917,CATSPER4
DB00917,CATSPER3
DB00917,CATSPER1
DB00917,CATSPER2
DB00917,PTGER4
DB00917,PTGER3
DB00917,PTGER2
DB00917,SCT
DB00917,PROKR2
DB00917,PTGER1
DB00917,CCR5
DB00917,XCR1
DB00917,CRHR2
DB00917,FPR3
DB00917,PTGES
DB00917,HRH3
DB00917,ADCY2
DB00917,GNAI1
DB00917,GPR18
DB00917,ADRB3
DB00917,GRM8
DB00917,LPAR6
DB00917,CTNNB1
DB00917,UTS2B
DB00917,CHRM2
DB00917,S1PR1
DB00917,RXFP4
DB00917,HTR7
DB00917,ADCY1
DB00917,RGS20
DB00917,PNOC
DB00917,ADORA2B
DB00917,ADRB2
DB00917,RGS18
DB00917,C5AR1
DB00917,CASP3
DB00917,GNAS
DB00917,P2RY2
DB00917,TRHR
DB00917,P2RY6
DB00917,GPRC6A
DB00917,CCL19
DB00917,ADORA1
DB00917,P2RY14
DB00917,P2RY1
DB00917,NPFFR2
DB00917,LTB4R
DB00917,P2RY12
DB00917,CXCL11
DB00917,ADRA1B
DB00917,CXCL8
DB00917,CHRM1
DB00917,GRM5
DB00917,DRD5
DB00917,NMUR1
DB00917,GPER1
DB00917,EDN3
DB00917,TSHR
DB00917,OXGR1
DB00917,AVPR2
DB00917,XCL2
DB00917,XCL1
DB00917,PLCB1
DB00917,TRIO
DB00917,CCK
DB00917,OXTR
DB00917,PTGR1
DB00917,SLCO2A1
DB00917,PROKR1
DB00917,NTSR2
DB00917,TACR1
DB00917,TRH
DB00917,PTGDR
DB00917,TACR3
DB00917,RXFP1
DB00917,MTNR1A
DB00917,FPR1
DB00917,C3AR1
DB00917,CXCR6
DB00917,PTAFR
DB00917,TAC3
DB00917,MC4R
DB00917,GALR1
DB00917,SAA1
DB00917,AVPR1A
DB00917,RXFP2
DB00917,BDKRB1
DB00917,PDYN
DB00917,LPAR1
DB00917,APP
DB00917,SSTR2
DB00917,ADCY8
DB00917,GNAQ
DB00917,CXCL13
DB00917,PTGS1
DB00917,SST
DB00917,GIP
DB00917,C3
DB00917,CYSLTR2
DB00917,TAS2R9
DB00917,HRH4
DB00917,MTNR1B
DB00917,APLNR
DB00917,ANXA1
DB00917,NMBR
DB00917,TAS2R7
DB00917,IAPP
DB00917,CCL28
DB00917,TAS2R10
DB00917,TAS2R8
DB00917,HTR2B
DB00917,GHRH
DB00917,IL6
DB00917,CCL27
DB00917,PLCB2
DB00917,ADCY3
DB00917,PTGES3
DB00917,GRM1
DB00917,PTH
DB00917,CCR9
DB00917,LHCGR
DB00917,SSTR5
DB00917,HTR6
DB00917,CBR1
DB00917,CBR3
DB00917,ADCY9
DB00917,NPY1R
DB00917,CXCR5
DB00917,CCR2
DB00917,RGS1
DB00917,GRM7
DB00917,AGT
DB00917,DRD2
DB00917,VIPR2
DB00917,HCRT
DB00917,CXCL3
DB00917,CXCL5
DB00917,CXCL16
DB00917,PPBP
DB00917,GRM3
DB00917,SUCNR1
DB00917,HTR5A
DB00917,CXCR1
DB00917,PROK2
DB00917,CCKAR
DB00917,CCL20
DB00917,CXCL9
DB00917,S1PR3
DB00917,RGS7
DB00917,GLP2R
DB00917,CCL21
DB00917,GRP
DB00917,PTH2R
DB00917,GNRH2
DB00917,ACKR3
DB00917,GNA15
DB00917,AGTR1
DB00917,TAAR1
DB00917,HTR2C
DB00917,GNRH1
DB00917,SCTR
DB00917,CRH
DB00917,HEBP1
DB00917,NPFFR1
DB00917,ADM
DB00917,PLCB3
DB00917,PROK1
DB00917,ADRA2A
DB00917,GAL
DB00917,HTR4
DB00917,OPRK1
DB00917,OPRD1
DB00917,KISS1R
DB00917,GRM6
DB00917,IL2
DB00917,GNRHR
DB00917,CXCL6
DB00917,PPY
DB00917,C5
DB00917,MLNR
DB00917,OXT
DB00917,HPGD
DB00917,UTS2
DB00917,CALCR
DB00917,GPR17
DB00917,PTH2
DB00917,KALRN
DB00917,PIK3CA
DB00917,NTS
DB00917,MC3R
DB00917,S1PR4
DB00917,FFAR2
DB00917,FFAR1
DB00917,CCR7
DB00917,TAS2R3
DB00917,TAS2R4
DB00917,TAS2R5
DB00917,NPSR1
DB00917,MCHR1
DB00917,GALR3
DB00917,F2RL3
DB00917,ADCY7
DB00917,GPR65
DB00917,SSTR1
DB00917,NPFF
DB00917,TAS2R16
DB00917,RGS2
DB00917,IL1B
DB00917,MCHR2
DB00917,CHRM3
DB00917,NMUR2
DB00917,SSTR4
DB00917,VIP
DB00917,KISS1
DB00917,NPY
DB00917,GHSR
DB00918,HTR1D
DB00918,HTR1B
DB00920,PDE4A
DB00920,PDE7A
DB00920,PDE4C
DB00920,PGD
DB00920,HRH1
DB00920,PDE4B
DB00920,PDE8A
DB00920,PDE8B
DB00920,PDE4D
DB00920,PDE7B
DB00920,HTR2B
DB00920,HTR2A
DB00920,HTR2C
DB00921,OPRM1
DB00921,KCNH2
DB00921,OPRK1
DB00921,OPRD1
DB00921,OPRL1
DB00922,PDE3A
DB00922,KCNJ8
DB00922,KCNJ11
DB00922,TNNC1
DB00924,SLC6A4
DB00924,HTR2B
DB00924,TLR4
DB00924,HTR2C
DB00924,SLC6A2
DB00924,HTR2A
DB00924,HTR7
DB00924,HTR6
DB00925,ADRB2
DB00925,HRH1
DB00925,ADRA1A
DB00925,ADRA2B
DB00925,ADRA2A
DB00925,ADRA2C
DB00925,CALM1
DB00925,ADRA1D
DB00925,ADRA1B
DB00925,SLC22A2
DB00925,SLC22A3
DB00925,SLC22A1
DB00928,DNMT3B
DB00928,DNMT1
DB00928,CDKN2B
DB00928,TP53
DB00928,DCK
DB00929,PTGER3
DB00929,PTGER4
DB00929,PTGER2
DB00929,PTGER1
DB00933,HTR6
DB00933,DRD3
DB00933,CHRM2
DB00933,CHRM4
DB00933,HTR1A
DB00933,CHRM5
DB00933,ADRA2A
DB00933,CHRM3
DB00933,DRD1
DB00933,DRD4
DB00933,HTR2C
DB00933,HRH1
DB00933,KCNH2
DB00933,CHRM1
DB00933,HTR2A
DB00933,DRD2
DB00934,CHRM1
DB00934,SLC6A3
DB00934,DRD3
DB00934,SLC6A4
DB00934,SLC6A2
DB00934,DRD5
DB00934,DRD1
DB00934,DRD2
DB00934,CHRM2
DB00934,ADRA1A
DB00934,HTR2A
DB00934,HRH3
DB00934,CHRM3
DB00934,HTR2C
DB00934,CHRM4
DB00934,HTR7
DB00934,CHRM5
DB00934,HRH1
DB00935,HTR2A
DB00935,HTR2B
DB00935,ADRA1B
DB00935,HTR2C
DB00935,NISCH
DB00935,ADRA1A
DB00935,HTR1E
DB00935,ADRA2C
DB00935,ADRA1D
DB00935,ADRA2A
DB00935,HTR1B
DB00935,ADRA2B
DB00935,HTR1D
DB00936,PTGS2
DB00936,AKR1C1
DB00936,ALB
DB00936,CAT
DB00936,CES5A
DB00936,GLYAT
DB00936,XDH
DB00936,PTGS1
DB00936,SLC22A6
DB00936,NPR1
DB00936,CES1
DB00936,IKBKB
DB00936,CES2
DB00936,CES4A
DB00936,CES3
DB00936,ACSM2B
DB00937,SLC6A3
DB00937,SLC6A2
DB00938,ADRB2
DB00938,NR3C1
DB00938,ADRB3
DB00938,ADRB1
DB00938,IL5
DB00939,PTGS2
DB00939,ALOX5
DB00939,PTGS1
DB00939,FABP2
DB00939,KCNQ2
DB00939,KCNQ3
DB00940,HRH2
DB00940,CHRM1
DB00941,BCHE
DB00942,CHRM1
DB00943,CXCR4
DB00944,ACHE
DB00944,BCHE
DB00945,AKR1C1
DB00945,PTGS2
DB00945,PTGS1
DB00945,CRP
DB00945,IL6
DB00945,MMP2
DB00945,NFKBIA
DB00945,CCND1
DB00945,IL10
DB00945,CDKN1A
DB00945,MMP9
DB00945,SERPINC1
DB00945,F2
DB00945,P2RY1
DB00945,PTGIR
DB00945,IKBKB
DB00945,REN
DB00945,TP53
DB00945,ABCB1
DB00945,SELP
DB00945,EDNRA
DB00945,TBXA2R
DB00945,CASP1
DB00945,TNFRSF10B
DB00945,NOS3
DB00945,HSPA5
DB00945,CASP3
DB00946,ALB
DB00946,VKORC1
DB00946,CYP2C9
DB00949,CYP2E1
DB00949,GRIN3A
DB00949,GRIN2A
DB00949,CYP2C19
DB00949,GRIN2B
DB00949,CYP3A4
DB00950,HRH1
DB00950,ABCB1
DB00950,ABCG2
DB00950,SLCO1A2
DB00951,CYP2C8
DB00951,CYP1A2
DB00951,CYP3A4
DB00951,CYP2E1
DB00951,NAT1
DB00951,INHA
DB00951,NAT2
DB00951,CAT
DB00951,CYP2C19
DB00952,HTR1D
DB00952,HTR1F
DB00952,HTR1A
DB00952,HTR1B
DB00953,HTR1B
DB00953,HTR1D
DB00953,HTR1F
DB00953,HTR1A
DB00953,HTR2C
DB00953,HTR2A
DB00956,OPRK1
DB00956,OPRM1
DB00956,OPRD1
DB00957,ESR1
DB00957,PGR
DB00957,AR
DB00959,CRP
DB00959,IL6
DB00959,IL10
DB00959,NR3C1
DB00959,TAT
DB00959,CXCL8
DB00959,ANXA1
DB00960,HTR2B
DB00960,HTR1D
DB00960,ADRB3
DB00960,HTR2A
DB00960,ADRB1
DB00960,HTR1B
DB00960,HTR1A
DB00960,ADRB2
DB00960,REN
DB00961,SCN10A
DB00962,TSPO
DB00962,GABRA1
DB00963,PTGS1
DB00963,PTGS2
DB00964,ADRA2C
DB00964,ADRA2A
DB00964,ADRA1A
DB00964,ADRA2B
DB00966,PPARG
DB00966,AGTR1
DB00966,AGTR2
DB00966,SLCO1B3
DB00966,SLCO1B1
DB00967,KCNA5
DB00967,IL4
DB00967,HRH1
DB00968,DDC
DB00968,ADRA2A
DB00968,CTH
DB00969,CYP2B6
DB00969,HTR3A
DB00969,KCNH2
DB00969,CYP2C19
DB00969,CYP1A2
DB00969,CYP2D6
DB00969,CYP2C9
DB00972,HRH1
DB00972,HRH3
DB00972,CYP2D6
DB00972,CYP3A4
DB00972,ICAM1
DB00972,HRH2
DB00972,LTC4S
DB00973,NPC1L1
DB00973,APOB
DB00973,CRP
DB00973,ABCA1
DB00973,SOAT1
DB00973,ANPEP
DB00975,PDE4A
DB00975,ADA
DB00975,PDE11A
DB00975,SLC29A1
DB00975,PRUNE1
DB00975,PDE8A
DB00975,ABCC4
DB00975,PDE10A
DB00975,SLC22A2
DB00975,PDE2A
DB00975,PDE7B
DB00975,PDE5A
DB00975,SLC29A2
DB00975,ADK
DB00975,ORM1
DB00977,SULT1A2
DB00977,CYP1A2
DB00977,SERPINA6
DB00977,ESR2
DB00977,BGLAP
DB00977,CYP1A1
DB00977,PGR
DB00977,PROS1
DB00977,LDLR
DB00977,CYP3A4
DB00977,NR1I2
DB00977,F2
DB00977,CYP2B6
DB00977,SHBG
DB00977,CYP8B1
DB00977,ESR1
DB00977,AOX1
DB00977,SLC22A2
DB00977,LIPC
DB00977,PLG
DB00977,CP
DB00977,CYP7A1
DB00977,APOA1
DB00977,APOB
DB00977,APOE
DB00978,TOP2A
DB00978,CUL9
DB00979,CHRM1
DB00980,MTNR1B
DB00980,MTNR1A
DB00981,BCHE
DB00981,ACHE
DB00981,CHRNB2
DB00981,CHRNA4
DB00982,RARA
DB00982,RARG
DB00983,ADRB2
DB00983,ADRB3
DB00983,ADRB1
DB00984,AR
DB00985,HRH1
DB00987,POLB
DB00988,GRM4
DB00988,HTR1B
DB00988,SUCNR1
DB00988,GLP1R
DB00988,NCS1
DB00988,AGTR2
DB00988,GNAS
DB00988,CXCR3
DB00988,NPY4R
DB00988,LPAR3
DB00988,TAS2R39
DB00988,NPBWR2
DB00988,TMIGD3
DB00988,CNR1
DB00988,ADRB1
DB00988,RGS10
DB00988,RXFP4
DB00988,RGS18
DB00988,RGS1
DB00988,VIP
DB00988,CXCL9
DB00988,MTRNR2L2
DB00988,SLC22A1
DB00988,SLC22A2
DB00988,AGT
DB00988,GNAI3
DB00988,DRD2
DB00988,GNAI1
DB00988,ADRB3
DB00988,COMT
DB00988,NPY1R
DB00988,ADCY8
DB00988,RGS7
DB00988,CNR2
DB00988,NMS
DB00988,TAS2R40
DB00988,CCL28
DB00988,RGS14
DB00988,GCG
DB00988,MC1R
DB00988,RGS6
DB00988,TAS2R38
DB00988,TAS2R30
DB00988,PRH1-TAS2R14
DB00988,TAS2R20
DB00988,RGS4
DB00988,GRIA1
DB00988,HTR4
DB00988,PYY
DB00988,GRM8
DB00988,CALCB
DB00988,APP
DB00988,C5AR1
DB00988,SAA1
DB00988,PTGER3
DB00988,GIP
DB00988,SSTR2
DB00988,CCR9
DB00988,GRM7
DB00988,DDC
DB00988,S1PR3
DB00988,GAD1
DB00988,CCL20
DB00988,LPAR1
DB00988,CALCR
DB00988,NPSR1
DB00988,GPR18
DB00988,CXCL13
DB00988,C3
DB00988,SLC18A1
DB00988,PTH2R
DB00988,GPR17
DB00988,PTH2
DB00988,SLC6A3
DB00988,SSTR1
DB00988,GAL
DB00988,RAB3A
DB00988,C5
DB00988,PPY
DB00988,CXCL6
DB00988,SLC18A2
DB00988,OPRK1
DB00988,POMC
DB00988,DRD3
DB00988,NMU
DB00988,TYR
DB00988,GLP2R
DB00988,DRD5
DB00988,DBH
DB00988,DRD1
DB00988,DRD4
DB00988,GHRH
DB00988,ACKR3
DB00988,OPRD1
DB00988,TAS2R8
DB00988,TAS2R7
DB00988,IAPP
DB00988,SYT1
DB00988,SLC6A4
DB00988,VIPR2
DB00988,GRM6
DB00988,GRM3
DB00988,TAAR1
DB00988,CCL27
DB00988,CALCA
DB00988,S1PR4
DB00988,MCHR1
DB00988,APLNR
DB00988,MTNR1B
DB00988,HRH4
DB00988,HTR1A
DB00988,SLC6A2
DB00988,NMUR2
DB00988,SSTR4
DB00988,SNAP25
DB00988,ADCY7
DB00988,AOC2
DB00988,TAS2R16
DB00988,GALR3
DB00988,GNGT1
DB00988,CCL21
DB00988,ANXA1
DB00988,HTR5A
DB00988,TAS2R9
DB00988,NPY
DB00988,ADCY3
DB00988,MC3R
DB00988,CCR3
DB00988,CCR7
DB00988,TAS2R3
DB00988,TAS2R4
DB00988,TAS2R5
DB00988,TAS2R10
DB00988,PTGER2
DB00988,OPRM1
DB00988,CXCR4
DB00988,OPRL1
DB00988,CXCL16
DB00988,CCR5
DB00988,CCR2
DB00988,CXCR5
DB00988,PTGIR
DB00988,HTR6
DB00988,SCTR
DB00988,SOD1
DB00988,HEBP1
DB00988,PTH
DB00988,MCHR2
DB00988,SSTR5
DB00988,ADRA2A
DB00988,CRH
DB00988,HTR3A
DB00988,RGS20
DB00988,ADCY1
DB00988,GPER1
DB00988,PTGDR
DB00988,CXCL11
DB00988,CXCL8
DB00988,NMUR1
DB00988,LRTOMT
DB00988,CXCL10
DB00988,ADM
DB00988,CPLX1
DB00988,ADCY9
DB00988,CXCR1
DB00988,SNCA
DB00988,AVPR2
DB00988,HTR7
DB00988,ADORA2A
DB00988,TAS2R42
DB00988,P2RY14
DB00988,MC2R
DB00988,RGS19
DB00988,PTGDR2
DB00988,NPB
DB00988,CCR4
DB00988,NPY2R
DB00988,LHCGR
DB00988,CCR10
DB00988,NPBWR1
DB00988,NPW
DB00988,GALR2
DB00988,ADORA1
DB00988,P2RY12
DB00988,HTR1E
DB00988,TAS2R46
DB00988,SLC29A4
DB00988,CCR1
DB00988,PPBP
DB00988,CXCL5
DB00988,CXCL3
DB00988,PMCH
DB00988,S1PR1
DB00988,ADRB2
DB00988,ADORA2B
DB00988,TAS2R31
DB00988,TAS2R19
DB00988,CCL25
DB00988,HCAR2
DB00988,TAS2R1
DB00988,TH
DB00988,AVP
DB00988,HTR2A
DB00988,OXER1
DB00988,MAOB
DB00988,HRH2
DB00988,TAS2R13
DB00988,GCGR
DB00988,P2RY4
DB00988,ADRA2C
DB00988,TAS2R43
DB00988,GPBAR1
DB00988,RIMS1
DB00988,CXCL2
DB00988,TAS2R50
DB00988,CASR
DB00988,ADCY5
DB00988,BDNF
DB00988,ADCYAP1
DB00988,CHRM4
DB00988,FSHR
DB00988,GPR55
DB00988,GRM2
DB00988,CXCR6
DB00988,RXFP1
DB00988,TSHR
DB00988,PTGER4
DB00988,MTNR1A
DB00988,FPR1
DB00988,PRL
DB00988,C3AR1
DB00988,PNOC
DB00988,SCT
DB00988,MC4R
DB00988,GALR1
DB00988,OXGR1
DB00988,RXFP2
DB00988,FPR3
DB00988,HRH3
DB00988,ADCY2
DB00988,LPAR2
DB00988,GNAT3
DB00988,GIPR
DB00988,LINC02210-CRHR1
DB00988,NPS
DB00988,ADCYAP1R1
DB00988,PTHLH
DB00988,CXCL12
DB00988,CXCL1
DB00988,ADM2
DB00988,SULT1A2
DB00988,NPY5R
DB00988,TAS2R41
DB00988,VIPR1
DB00988,CCL19
DB00988,PDYN
DB00988,ADCY4
DB00988,GRK2
DB00988,AOC3
DB00988,GNAI2
DB00988,VAMP2
DB00988,MC5R
DB00988,BPNT1
DB00988,LPAR5
DB00988,TAS2R60
DB00988,CXCR2
DB00988,GHRHR
DB00988,CCR8
DB00988,PENK
DB00988,HTR1F
DB00988,PTH1R
DB00988,CHRM2
DB00988,SST
DB00988,SULT1A1
DB00988,TAC1
DB00988,HCAR3
DB00988,BDKRB1
DB00988,RXFP3
DB00988,ADCY6
DB00988,S1PR5
DB00988,CCR6
DB00988,FPR2
DB00988,MAOA
DB00988,CRHR2
DB00988,P2RY13
DB00988,GNG2
DB00989,ACHE
DB00989,BCHE
DB00990,AR
DB00990,CYP19A1
DB00991,PTGS1
DB00991,PTGS2
DB00992,FCGR1A
DB00993,TPMT
DB00993,RNASE1
DB00993,HPRT1
DB00994,CASR
DB00995,PRDX5
DB00995,IKBKB
DB00996,ADORA1
DB00996,KCNQ5
DB00996,CACNA2D2
DB00996,KCNQ3
DB00996,GABBR2
DB00996,CACNA2D1
DB00996,CACNA1B
DB00996,BCAT1
DB00997,PCNA
DB00997,LGALS3
DB00997,BIK
DB00997,TOP2B
DB00997,PTGS2
DB00997,PTEN
DB00997,HSPB1
DB00997,MAPK1
DB00997,SOD2
DB00997,VEGFA
DB00997,PLAU
DB00997,ABCG2
DB00997,AKT1
DB00997,CASP3
DB00997,CDKN1A
DB00997,MAPK14
DB00997,TOP2A
DB00997,MAPK8
DB00997,FOXO3
DB00997,EGFR
DB00997,THBS1
DB00997,ATM
DB00997,MYCN
DB00997,MAPK9
DB00997,H2AX
DB00997,ERBB2
DB00997,DHCR7
DB00997,ABCC1
DB00997,TP53
DB00997,ABCB1
DB00997,MYC
DB00997,HIPK2
DB00997,MMP2
DB00997,BIRC3
DB00997,AURKA
DB00998,HTR1A
DB00998,HTR1B
DB00998,HTR1D
DB00999,CA9
DB00999,CA12
DB00999,CA4
DB00999,CA1
DB00999,SLC12A3
DB00999,REN
DB00999,KCNMA1
DB00999,CA6
DB00999,CA5A
DB00999,CA7
DB00999,CA14
DB00999,CA5B
DB00999,CA2
DB01001,ADRB3
DB01001,ADRB2
DB01001,ADRB1
DB01001,ADCY10
DB01001,PDE4B
DB01002,SCN10A
DB01003,KCNMA1
DB01003,S100P
DB01003,GPR35
DB01004,B4GALNT1
DB01004,B3GALT4
DB01005,RRM1
DB01005,RRM2
DB01005,HBG2
DB01005,EPO
DB01005,H2AX
DB01005,RAD17
DB01005,BRCA1
DB01005,TP53
DB01005,NBN
DB01005,TYMS
DB01006,CYP19A1
DB01006,PGR
DB01006,CYP11B2
DB01006,CYP11B1
DB01007,CYP51A1
DB01007,CYP17A1
DB01008,GSTA1
DB01009,CXCR1
DB01009,PTGS1
DB01009,PTGS2
DB01009,SLC22A6
DB01009,ALB
DB01010,BCHE
DB01010,ACHE
DB01011,POMC
DB01011,CYP2A13
DB01011,DCXR
DB01011,CYP11A1
DB01011,CYP11B2
DB01011,CYP11B1
DB01011,CYP3A4
DB01011,CYP1A1
DB01012,CASR
DB01013,NR3C1
DB01014,PTGS1
DB01014,PPARG
DB01014,ALOX5
DB01014,PTGS2
DB01015,GSTP1
DB01015,CYP2C9
DB01016,IRS1
DB01016,KCNJ11
DB01016,ABCC8
DB01016,CFTR
DB01016,CPT1A
DB01016,TRPM4
DB01016,TBXA2R
DB01016,ABCB11
DB01016,ABCC1
DB01016,KCNJ8
DB01016,KCNJ1
DB01016,KCNJ5
DB01016,ABCA1
DB01016,CYP2C9
DB01016,ABCC9
DB01017,ALOX5
DB01017,CYCS
DB01017,IL1B
DB01017,MMP9
DB01017,CASP1
DB01017,VEGFA
DB01017,CASP3
DB01018,ADRA2B
DB01018,ADRA2A
DB01018,ADRA2C
DB01018,REN
DB01018,NISCH
DB01019,CHRM4
DB01019,CHRM2
DB01019,CHRM3
DB01019,CHRM1
DB01021,CA12
DB01021,CA6
DB01021,CA9
DB01021,CA5A
DB01021,CA7
DB01021,ATP1A1
DB01021,CA14
DB01021,CA5B
DB01021,CA4
DB01021,CA2
DB01021,CA1
DB01021,SLC12A3
DB01022,GGCX
DB01022,BGLAP
DB01023,NR3C2
DB01023,CACNB2
DB01023,CACNA1C
DB01023,CACNA2D1
DB01023,CALM1
DB01023,CFTR
DB01023,TNNC1
DB01023,CACNA1D
DB01023,CACNA1H
DB01023,CACNA2D2
DB01023,CACNA1S
DB01023,CYP2C8
DB01023,REN
DB01023,PDE1B
DB01023,CYP3A4
DB01023,PDE1A
DB01023,TNNC2
DB01023,NR1H4
DB01024,IMPDH2
DB01024,IMPDH1
DB01024,ABHD10
DB01024,UGT2B11
DB01024,UGT2B10
DB01024,PPARG
DB01025,IL3
DB01025,S100A13
DB01025,S100A12
DB01025,FGF1
DB01028,KCNA1
DB01028,GABRA1
DB01028,GLRA1
DB01028,ATP5F1D
DB01028,ATP2C1
DB01028,GRIA1
DB01028,MT-ND1
DB01028,CYP2E1
DB01028,CYB5A
DB01029,AGTR1
DB01029,REN
DB01029,CYBA
DB01029,JUN
DB01029,CCL2
DB01029,EDNRA
DB01030,TOP1
DB01030,TOP1MT
DB01030,ABCG2
DB01030,SLC47A1
DB01030,SLC47A2
DB01030,HIF1A
DB01031,CA1
DB01031,CA2
DB01032,PANX1
DB01032,SLC22A8
DB01032,OAT
DB01032,SLC22A6
DB01032,SLC22A11
DB01032,SLC22A12
DB01033,HPRT1
DB01033,AHCY
DB01033,TPMT
DB01033,CYP1A2
DB01033,ITPA
DB01033,XDH
DB01033,PPAT
DB01035,SLC47A2
DB01035,SLC47A1
DB01035,DNMT1
DB01035,KCNH2
DB01035,SCN5A
DB01035,SLC22A3
DB01035,ACHE
DB01035,CHRM2
DB01036,CHRM2
DB01036,CHRM5
DB01036,CHRM1
DB01036,CHRM3
DB01036,CHRM4
DB01036,KCNH2
DB01037,MAOA
DB01037,MAOB
DB01037,CAT
DB01037,TH
DB01039,VCAM1
DB01039,PPARA
DB01039,SERPINE1
DB01039,CCL2
DB01039,APOB
DB01039,APOA1
DB01039,SREBF2
DB01039,ABCD4
DB01039,PPARG
DB01039,PLA2G7
DB01039,APOE
DB01039,CRP
DB01039,MMP25
DB01039,CRAT
DB01039,ABCD3
DB01039,APOC3
DB01039,TNF
DB01039,ABCD2
DB01039,NR1I2
DB01039,EPHX2
DB01039,CETP
DB01039,APOA2
DB01039,SREBF1
DB01041,FGFR2
DB01041,PTGS2
DB01041,NFKB1
DB01041,TNF
DB01043,GRIN2A
DB01043,GRIN1
DB01043,HTR3A
DB01043,GRIN2B
DB01043,GRIN3A
DB01043,DRD2
DB01043,CHRFAM7A
DB01044,GCG
DB01044,CUL9
DB01045,ABCB1
DB01045,CYP3A5
DB01045,CYP3A7
DB01045,CYP2E1
DB01045,SLCO1A2
DB01045,CYP2B6
DB01045,CYP2C8
DB01045,NR1I2
DB01045,SLCO1B3
DB01045,SLCO1B1
DB01045,CYP3A4
DB01045,CYP2C9
DB01046,CLCN2
DB01047,NR3C1
DB01048,ADH1A
DB01048,ABCG2
DB01048,ABCB1
DB01048,SLC22A2
DB01048,MAPDA
DB01048,SLC22A3
DB01048,SLC22A1
DB01049,SLCO2B1
DB01049,ADRA2A
DB01049,ADRA1A
DB01049,HTR1A
DB01050,AKR1C2
DB01050,THBD
DB01050,PPARG
DB01050,PPARA
DB01050,PTGS1
DB01050,BCL2
DB01050,PTGS2
DB01050,CYP2C9
DB01050,APP
DB01050,ALB
DB01050,CYP2C8
DB01050,AKR1C3
DB01050,GP1BA
DB01050,CFTR
DB01050,ALOX5
DB01050,SLC22A6
DB01053,IFNG
DB01053,SLC15A2
DB01053,TNF
DB01053,SLC15A1
DB01054,CACNG1
DB01054,CACNB2
DB01054,CACNA1D
DB01054,CACNA1H
DB01054,CACNA1S
DB01054,CACNA2D1
DB01054,CACNA2D2
DB01054,REN
DB01054,CACNA1C
DB01056,SCN5A
DB01057,BCHE
DB01059,TOP2A
DB01059,CUL9
DB01062,CHRM3
DB01062,CHRM2
DB01062,CHRM4
DB01062,CHRM5
DB01062,CHRM1
DB01063,DRD1
DB01063,DRD2
DB01063,AR
DB01064,PIK3R1
DB01064,ADRB1
DB01064,CREB1
DB01064,PLN
DB01064,AKAP17A
DB01064,ADRB3
DB01064,RYR2
DB01064,ANO6
DB01064,C4BPA
DB01064,ADCY10
DB01064,GCG
DB01064,ADRB2
DB01064,PIK3R2
DB01064,REN
DB01064,MAPK1
DB01064,RAF1
DB01064,SLC5A7
DB01064,PIK3R3
DB01064,GRK2
DB01064,NOS3
DB01064,LEP
DB01064,SOD1
DB01064,ODC1
DB01067,ABCC8
DB01067,CYP3A4
DB01067,PPARG
DB01068,GABRA4
DB01068,GABRD
DB01068,GABRR2
DB01068,GABRA3
DB01068,GABRR3
DB01068,TSPO
DB01068,NR1I2
DB01068,GABRA2
DB01068,GABRG3
DB01068,GABRB2
DB01068,GABRG2
DB01068,GABRB3
DB01068,GABRB1
DB01068,GABRR1
DB01068,GABRG1
DB01068,GABRA1
DB01068,GABRE
DB01068,GABRA5
DB01068,GABRP
DB01068,GABRQ
DB01069,CALM2
DB01069,HRH4
DB01069,HRH1
DB01069,CHRM2
DB01069,CALM1
DB01069,CHRM3
DB01069,ANXA7
DB01069,DRD2
DB01069,HRH2
DB01069,CHRM1
DB01069,ADRA1A
DB01069,HTR2A
DB01069,CHRM5
DB01069,CHRM4
DB01069,SLC6A4
DB01069,PRNP
DB01070,VDR
DB01073,CASP3
DB01073,MCL1
DB01073,PNP
DB01073,BCL2
DB01073,RRM1
DB01073,DCK
DB01073,BAX
DB01073,POLA1
DB01073,SLC29A1
DB01074,KCNH2
DB01074,CPT2
DB01074,CPT1A
DB01075,HRH1
DB01075,CHRM2
DB01075,CHRM5
DB01075,CHRM4
DB01075,HNMT
DB01075,CHRM3
DB01075,CHRM1
DB01075,KCNH2
DB01077,ATP6V1A
DB01077,PTPRS
DB01078,ATP1A1
DB01079,HTR2C
DB01079,HTR4
DB01079,HTR2A
DB01079,HTR2B
DB01080,GABBR1
DB01080,SLC6A1
DB01080,GAD1
DB01080,ABAT
DB01081,OPRD1
DB01081,OPRM1
DB01081,KCNA3
DB01082,PADI4
DB01083,LIPF
DB01083,DAGLB
DB01083,FASN
DB01083,DAGLA
DB01083,PNLIP
DB01083,ABHD16A
DB01083,CNR1
DB01083,PLA2G7
DB01083,ABHD12
DB01084,HRH1
DB01085,CHRM2
DB01085,CHRM1
DB01085,CHRM3
DB01085,CHRM4
DB01086,SCN10A
DB01087,KRT7
DB01087,CYP1A1
DB01087,NQO2
DB01088,PDE4B
DB01088,PDE4C
DB01088,PTGIR
DB01088,PDE4D
DB01088,PDE4A
DB01088,PTGER1
DB01088,PPBP
DB01088,PLAT
DB01088,VEGFA
DB01088,GNAS
DB01088,ADCY10
DB01088,PF4
DB01088,EDN1
DB01089,SLC18A2
DB01090,CHRNA10
DB01090,CHRNA3
DB01090,CHRNB4
DB01091,SQLE
DB01092,ATP4A
DB01092,ATP12A
DB01092,DNAH8
DB01092,ATP1A1
DB01092,SRC
DB01092,SLC8A1
DB01092,REN
DB01093,CYP3A4
DB01093,MYC
DB01093,CDH1
DB01097,DHODH
DB01097,AHR
DB01097,ALOX5
DB01097,PTK2B
DB01098,PDE6D
DB01098,NOS3
DB01098,HMGCR
DB01098,SLCO1B1
DB01098,ITGAL
DB01098,APOB
DB01098,CRP
DB01099,TYMS
DB01099,DNMT1
DB01100,ADRA1A
DB01100,DRD3
DB01100,HTR1D
DB01100,HTR6
DB01100,ADRA2C
DB01100,ADRA2A
DB01100,HTR1A
DB01100,CYP3A4
DB01100,ABCB1
DB01100,CHRM2
DB01100,CACNA1G
DB01100,HRH1
DB01100,DRD4
DB01100,HTR2A
DB01100,DRD2
DB01100,HTR7
DB01100,KCNH2
DB01100,HTR2C
DB01100,ADRA2B
DB01100,CHRM3
DB01100,OPRM1
DB01100,OPRD1
DB01100,OPRK1
DB01100,CALM1
DB01101,TYMS
DB01101,TYMP
DB01102,ADRB3
DB01102,ADRB2
DB01102,ADRB1
DB01104,SLC6A4
DB01104,SLC6A2
DB01104,SLC6A3
DB01105,SLC6A3
DB01105,SLC6A4
DB01105,SLC6A2
DB01106,NTSR2
DB01106,HRH1
DB01107,GABRA1
DB01108,ESR1
DB01108,HSD3B2
DB01108,HSD3B1
DB01108,ESR2
DB01109,F10
DB01109,SELP
DB01109,PF4
DB01109,SERPINC1
DB01109,FGF4
DB01109,FGF1
DB01109,HGF
DB01109,FGFR4
DB01109,FGF2
DB01109,FGFR1
DB01109,FGFR2
DB01110,KCNMB2
DB01110,CYP17A1
DB01110,ABCB1
DB01110,KCNH6
DB01110,CYP3A4
DB01110,KCNMA1
DB01110,GRM6
DB01110,KCNH7
DB01110,CYP51A1
DB01110,CYP19A1
DB01110,NR1I2
DB01110,CYP2C19
DB01110,KCNH2
DB01110,NOS3
DB01110,NOS2
DB01110,KCNN4
DB01110,KCNN3
DB01110,KCNMB1
DB01110,KCNN1
DB01110,KCNN2
DB01110,KCNMB3
DB01110,KCNMB4
DB01113,TAS2R40
DB01113,SUCNR1
DB01113,CXCL9
DB01113,RGS14
DB01113,HTR1B
DB01113,LPAR3
DB01113,CXCR3
DB01113,CXCL1
DB01113,GRM2
DB01113,DRD2
DB01113,GRM3
DB01113,AGT
DB01113,RGS7
DB01113,GPR55
DB01113,ADRA2C
DB01113,RGS1
DB01113,RGS18
DB01113,RXFP4
DB01113,PDE10A
DB01113,RGS10
DB01113,CNR1
DB01113,TMIGD3
DB01113,NPBWR2
DB01113,GNAI3
DB01113,TAS2R41
DB01113,TAS2R13
DB01113,HCAR2
DB01113,TAS2R19
DB01113,GPR18
DB01113,TAS2R30
DB01113,PRH1-TAS2R14
DB01113,TAS2R20
DB01113,CCR3
DB01113,GRM8
DB01113,PDE4D
DB01113,PDE5A
DB01113,C5AR1
DB01113,SAA1
DB01113,OPRM1
DB01113,NPY1R
DB01113,PDE4B
DB01113,AGTR2
DB01113,LPAR2
DB01113,GRM4
DB01113,NPY4R
DB01113,CNR2
DB01113,P2RY4
DB01113,NMS
DB01113,OXER1
DB01113,TAS2R1
DB01113,DRD3
DB01113,GNAT3
DB01113,CCL25
DB01113,TAS2R31
DB01113,CXCL12
DB01113,FPR1
DB01113,HTR1F
DB01113,C3AR1
DB01113,PPBP
DB01113,CXCL13
DB01113,SST
DB01113,HTR5A
DB01113,CXCR5
DB01113,CCR2
DB01113,CCR5
DB01113,CXCL16
DB01113,SSTR5
DB01113,FPR2
DB01113,ADCY9
DB01113,CXCR1
DB01113,CCL19
DB01113,CXCL3
DB01113,CXCL5
DB01113,CCR1
DB01113,RGS20
DB01113,CCR6
DB01113,NPY5R
DB01113,OPRL1
DB01113,ADCY1
DB01113,GPER1
DB01113,OXGR1
DB01113,GALR1
DB01113,PNOC
DB01113,GNG2
DB01113,TAS2R42
DB01113,PTGDR2
DB01113,MTNR1A
DB01113,ADCY6
DB01113,P2RY14
DB01113,NPB
DB01113,CCR4
DB01113,NPY2R
DB01113,CCR10
DB01113,GNAI1
DB01113,NPW
DB01113,GALR2
DB01113,RXFP3
DB01113,S1PR5
DB01113,LPAR5
DB01113,TAS2R60
DB01113,CXCR6
DB01113,CCR8
DB01113,PENK
DB01113,P2RY13
DB01113,ADORA1
DB01113,S1PR1
DB01113,CHRM2
DB01113,CXCR2
DB01113,CXCL10
DB01113,HTR1A
DB01113,GNAI2
DB01113,NMUR1
DB01113,CXCL8
DB01113,CXCL11
DB01113,P2RY12
DB01113,HTR1E
DB01113,ADCY4
DB01113,RGS19
DB01113,PMCH
DB01113,HEBP1
DB01113,LPAR1
DB01113,RGS4
DB01113,GALR3
DB01113,MCHR1
DB01113,TAS2R5
DB01113,TAS2R4
DB01113,TAS2R3
DB01113,SSTR2
DB01113,CCR7
DB01113,S1PR4
DB01113,C3
DB01113,NPY
DB01113,SSTR4
DB01113,TAS2R9
DB01113,TAS2R10
DB01113,TAS2R16
DB01113,TAS2R8
DB01113,ADCY7
DB01113,NPBWR1
DB01113,TAS2R50
DB01113,CXCL2
DB01113,TAS2R43
DB01113,CCL28
DB01113,CHRM4
DB01113,PYY
DB01113,ADCY8
DB01113,TAS2R39
DB01113,TAS2R46
DB01113,CCL20
DB01113,S1PR3
DB01113,HCAR3
DB01113,GRM7
DB01113,CCR9
DB01113,APP
DB01113,ADRA2A
DB01113,OPRD1
DB01113,GRM6
DB01113,CXCL6
DB01113,MTRNR2L2
DB01113,ACKR3
DB01113,POMC
DB01113,ANXA1
DB01113,NMU
DB01113,RGS6
DB01113,TAS2R38
DB01113,FPR3
DB01113,HRH3
DB01113,PDE3A
DB01113,PDE3B
DB01113,ADCY2
DB01113,KCNH2
DB01113,PDE2A
DB01113,OPRK1
DB01113,CCL21
DB01113,APLNR
DB01113,GAL
DB01113,PPY
DB01113,C5
DB01113,CXCR4
DB01113,PDYN
DB01113,BDKRB1
DB01113,MCHR2
DB01113,TAS2R7
DB01113,CASR
DB01113,NMUR2
DB01113,HRH4
DB01113,CCL27
DB01113,PTGER3
DB01113,GPR17
DB01113,SSTR1
DB01113,ADCY3
DB01113,MTNR1B
DB01113,DRD4
DB01113,ADCY5
DB01114,HRH4
DB01114,KCNH2
DB01114,SLC6A2
DB01114,SLC6A3
DB01114,SLC6A4
DB01114,HRH1
DB01114,HTR2B
DB01115,CYP1A2
DB01115,KCNA1
DB01115,CYP11B2
DB01115,CYP2C9
DB01115,CYP3A4
DB01115,ABCG2
DB01115,KCNA5
DB01115,GLRA1
DB01115,CYP3A5
DB01115,CACNA1S
DB01115,CACNA1C
DB01115,REN
DB01115,CACNA1H
DB01115,CACNA2D1
DB01115,EDN1
DB01115,NR1I2
DB01115,CALM1
DB01115,CACNA1D
DB01115,CACNB2
DB01117,DHODH
DB01118,THRA
DB01118,CACNA1H
DB01118,CACNA2D2
DB01118,KCNH2
DB01118,ADRB1
DB01118,PPARG
DB01118,THRB
DB01119,CA2
DB01119,ATP1A1
DB01119,GCG
DB01119,KCNJ11
DB01119,SLC12A3
DB01119,KCNMA1
DB01119,CA1
DB01119,ABCC8
DB01120,VEGFA
DB01120,ABCC8
DB01120,KCNJ11
DB01121,SCN1A
DB01122,ACHE
DB01122,BCHE
DB01123,F2
DB01124,GAST
DB01124,GCG
DB01124,CYP2C9
DB01124,ABCC8
DB01124,KCNJ1
DB01124,ALB
DB01124,KCNJ11
DB01124,CYP2C19
DB01124,CYP2C8
DB01125,GGCX
DB01127,CYP17A1
DB01127,CYP51A1
DB01127,CYP3A4
DB01127,NR1I2
DB01127,TRPM2
DB01128,AR
DB01128,KLK3
DB01128,PGR
DB01129,CYP2C19
DB01129,ATP4A
DB01129,CYP3A4
DB01130,NR3C1
DB01131,CYP2C19
DB01131,DHFR
DB01132,ANGPTL4
DB01132,MED1
DB01132,MED29
DB01132,INSR
DB01132,IRS1
DB01132,CEBPA
DB01132,CEBPB
DB01132,CCNC
DB01132,MED24
DB01132,CCL2
DB01132,MED7
DB01132,CD36
DB01132,ADIPOQ
DB01132,PCK1
DB01132,BACE1
DB01132,LEP
DB01132,CDK8
DB01132,HDAC3
DB01132,NCOR2
DB01132,NCOR1
DB01132,MED21
DB01132,MED25
DB01132,CARM1
DB01132,MED16
DB01132,MED12
DB01132,MED14
DB01132,PPARG
DB01132,WNT10B
DB01132,PPARD
DB01132,MED20
DB01132,EPCAM
DB01132,MED26
DB01132,NOS2
DB01132,EP300
DB01132,PPARA
DB01132,SMARCD3
DB01132,PPARGC1A
DB01132,TGS1
DB01132,MED4
DB01132,CDK4
DB01132,MED6
DB01132,FABP4
DB01132,MED10
DB01132,EGR2
DB01132,CRP
DB01132,MED15
DB01132,MED13L
DB01132,MED19
DB01132,EBF1
DB01132,MED9
DB01132,RETN
DB01132,CCND3
DB01132,PLIN1
DB01132,MED30
DB01132,CREBBP
DB01132,MAOB
DB01132,MED11
DB01132,WNT1
DB01132,MED27
DB01132,MED8
DB01132,KLF4
DB01132,NCOA1
DB01132,CYP3A4
DB01132,MMP9
DB01132,NCOA3
DB01132,CYP2C8
DB01132,CDK19
DB01132,MED23
DB01132,PTGS2
DB01132,NCOA6
DB01132,MED22
DB01132,MED18
DB01132,SLC2A4
DB01132,TGFB1
DB01132,MED17
DB01132,CLMP
DB01132,RXRA
DB01132,TBL1XR1
DB01132,SLC2A1
DB01132,NCOA2
DB01132,TNF
DB01132,CEBPD
DB01132,MED31
DB01132,HELZ2
DB01132,CHD9
DB01132,SERPINE1
DB01132,MED13
DB01133,PTPN1
DB01133,ATP6V1A
DB01133,MMP2
DB01135,CHRNA2
DB01135,CHRM2
DB01136,ADRA1A
DB01136,ADRA1D
DB01136,VEGFA
DB01136,SELE
DB01136,ADRB1
DB01136,VCAM1
DB01136,NPPB
DB01136,GJA1
DB01136,ADRA2B
DB01136,ADRB3
DB01136,REN
DB01136,KCNH2
DB01136,ADRB2
DB01136,ADRA2C
DB01136,ABCB1
DB01136,SLC22A2
DB01136,ADRA2A
DB01136,ADRA1B
DB01136,NDUFC2
DB01136,HIF1A
DB01137,TOP2A
DB01137,TOP2B
DB01137,CUL9
DB01138,NR1I2
DB01138,ABCC1
DB01138,ABCC5
DB01138,FPR1
DB01138,ABCC2
DB01140,SLC15A2
DB01140,SLC22A8
DB01140,SLC22A6
DB01143,ENPP1
DB01143,ALPG
DB01144,CA4
DB01144,CA7
DB01144,CA2
DB01144,CA1
DB01144,CA6
DB01144,CA5B
DB01144,CA14
DB01144,CA13
DB01144,CA12
DB01144,CA9
DB01144,CA5A
DB01146,SLC6A3
DB01146,HRH1
DB01148,CHRM2
DB01148,CHRM1
DB01149,ADRA1B
DB01149,ADRA2A
DB01149,HTR2A
DB01149,SLC6A4
DB01149,SLC6A2
DB01149,HTR1A
DB01149,ADRA1A
DB01149,ABCB1
DB01149,CYP3A4
DB01149,DRD2
DB01149,HRH1
DB01149,SLC6A3
DB01149,HTR2C
DB01149,KCNH2
DB01151,HTR1A
DB01151,CHRM4
DB01151,HTR7
DB01151,ADRB1
DB01151,CYP2C19
DB01151,SMPD1
DB01151,SLC6A3
DB01151,HRH1
DB01151,ADRA1A
DB01151,TH
DB01151,CHRM1
DB01151,ADRB2
DB01151,SLC22A3
DB01151,CHRM3
DB01151,SLC6A2
DB01151,CHRM5
DB01151,CHRM2
DB01151,NR3C1
DB01151,HTR2A
DB01151,SLC6A4
DB01151,KCNH2
DB01151,HTR2C
DB01151,DRD2
DB01151,SLC22A1
DB01151,ADRA2A
DB01151,HRH2
DB01151,HTR1B
DB01154,KCNJ8
DB01154,GABRA1
DB01154,KCNJ11
DB01155,CUL9
DB01156,CYP2B6
DB01156,CHRNA3
DB01156,SLC6A3
DB01156,SLC6A2
DB01156,SLC6A4
DB01156,CYP2A6
DB01156,CYP2U1
DB01156,CYP2S1
DB01156,CASP3
DB01156,CYP4X1
DB01156,HTR3A
DB01157,DHFR
DB01158,ATP1A1
DB01159,GNG2
DB01159,NPSR1
DB01159,KCNK9
DB01159,KCNN4
DB01159,GRIN3B
DB01159,GRIN3A
DB01159,GRIN2A
DB01159,ATP2C1
DB01159,KCNK3
DB01159,GABRA1
DB01159,GLRA1
DB01159,KCNJ3
DB01159,RHO
DB01159,KCNJ6
DB01159,CYP2E1
DB01159,KCNK13
DB01159,RYR1
DB01159,ALB
DB01159,MT-ND1
DB01159,KCNK12
DB01159,KCNMA1
DB01159,ATP5F1D
DB01160,PTGFR
DB01160,PTGIR
DB01160,SLCO2A1
DB01160,PTGER3
DB01160,PTGER4
DB01160,PTGER1
DB01160,TBXA2R
DB01161,GRIN3A
DB01161,SCN10A
DB01161,SLC6A3
DB01161,HTR3A
DB01161,CHRNA10
DB01162,ADRA1A
DB01162,TGFB1
DB01162,ADRA1B
DB01162,ADRA1D
DB01162,KCNH6
DB01162,KCNH7
DB01162,ADRA2C
DB01162,ADRA2B
DB01162,KCNH2
DB01162,ADRA2A
DB01165,CUL9
DB01165,TOP2A
DB01165,TOP2B
DB01166,PDE3A
DB01166,PDE3B
DB01166,HMOX1
DB01166,CYP3A4
DB01169,CCND1
DB01169,HDAC1
DB01169,MAPK1
DB01169,MAPK3
DB01169,IKBKB
DB01169,JUN
DB01169,TXNRD1
DB01169,AKT1
DB01170,DBH
DB01170,TH
DB01170,NPY
DB01170,SLC6A2
DB01171,CYP2C19
DB01171,HTR1A
DB01171,CYP1A2
DB01171,MAOB
DB01171,MAOA
DB01173,SCN10A
DB01173,CYP2A13
DB01173,GRIN1
DB01173,HRH1
DB01173,CYP3A4
DB01173,CYP2B6
DB01173,GRIN2D
DB01173,GRIN3B
DB01173,KCNH2
DB01173,CHRM3
DB01173,CHRM4
DB01173,CHRM5
DB01173,GRIN3A
DB01173,CHRM1
DB01173,SLC22A2
DB01173,CHRM2
DB01173,SLC6A2
DB01174,NR1I3
DB01174,FECH
DB01174,GRIK2
DB01174,CYP1A1
DB01174,CHRNA7
DB01174,CYP3A4
DB01174,CYP2C8
DB01174,PPIF
DB01174,NR1I2
DB01174,HMOX2
DB01174,CYP2B6
DB01174,NQO1
DB01174,GRIA2
DB01174,GABRA1
DB01174,UGT1A6
DB01174,CYP7A1
DB01174,CYP3A7
DB01174,GSR
DB01174,CYP2A13
DB01174,CYP2E1
DB01174,GABRA6
DB01174,CHRNA4
DB01174,GABRA2
DB01174,GABRA5
DB01174,GABRA4
DB01174,GABRA3
DB01174,CYP3A5
DB01174,GRIA1
DB01174,CYP1A2
DB01174,CYP2A6
DB01174,EPHX1
DB01174,PPIG
DB01174,CYP2C9
DB01174,G6PC1
DB01174,CYP2A7
DB01175,SLC6A4
DB01175,CHRM1
DB01175,SLC6A2
DB01175,HRH1
DB01175,ADRA1A
DB01175,HTR1A
DB01175,DRD2
DB01175,HTR2A
DB01175,HTR2C
DB01175,SLC6A3
DB01175,CYP2C19
DB01176,HRH1
DB01176,SULT1E1
DB01177,TOP2A
DB01177,ABCG2
DB01178,TSPO
DB01179,TOP2A
DB01179,TUBA4A
DB01179,TUBB
DB01180,ACE
DB01181,AFP
DB01181,CYP2C19
DB01181,CYP3A5
DB01181,CYP2C9
DB01181,NR1I2
DB01181,CYP2A13
DB01181,CYP3A4
DB01181,CYP2B6
DB01182,SCN5A
DB01182,KCNH2
DB01182,ADRB2
DB01182,ABCB1
DB01182,ADRB1
DB01182,CYP3A4
DB01182,ABCC9
DB01183,OPRK1
DB01183,OPRD1
DB01183,NPBWR1
DB01183,NPFF
DB01183,CES1
DB01183,AVP
DB01183,OPRM1
DB01183,CREB1
DB01183,ESR1
DB01183,OPRL1
DB01183,TLR4
DB01183,POMC
DB01183,PDYN
DB01184,DRD3
DB01184,CYP3A4
DB01184,DRD2
DB01184,SLC22A2
DB01184,KCNH2
DB01184,SLC47A1
DB01185,PRLR
DB01185,AR
DB01185,NR3C1
DB01185,ESR1
DB01185,HSD11B2
DB01186,DRD5
DB01186,KCNH2
DB01186,DRD3
DB01186,HTR1D
DB01186,ADRA1B
DB01186,ADRA2B
DB01186,ADRA1A
DB01186,HTR1B
DB01186,ADRA1D
DB01186,HTR2C
DB01186,ADRA2A
DB01186,HTR2B
DB01186,DRD4
DB01186,HTR2A
DB01186,DRD1
DB01186,ADRA2C
DB01186,HTR1A
DB01186,DRD2
DB01188,ATP1A1
DB01189,MT-ND1
DB01189,KCNA1
DB01189,GABRA1
DB01189,GRIA1
DB01189,ATP2C1
DB01189,GLRA1
DB01189,ATP5F1D
DB01191,SLC6A4
DB01191,HTR2C
DB01191,HTR2B
DB01192,OPRM1
DB01192,OPRD1
DB01193,ADRB2
DB01193,ADRB1
DB01193,REN
DB01194,CA1
DB01194,CA4
DB01194,CA2
DB01194,CA7
DB01194,CA12
DB01194,CA5A
DB01194,CA9
DB01194,CA13
DB01194,CA6
DB01195,SCN5A
DB01195,SCN4A
DB01195,KCNH2
DB01196,ESR1
DB01196,MOAP1
DB01196,MAP1A
DB01196,ESR2
DB01196,MAP2
DB01196,KLK3
DB01196,PEBP1
DB01197,REN
DB01197,ACE
DB01197,MMP2
DB01197,LTA4H
DB01197,ATP6AP2
DB01197,ACE2
DB01197,ALB
DB01197,MMP9
DB01197,F2
DB01197,AGT
DB01198,GABRA3
DB01198,GABRA5
DB01198,TSPO
DB01198,GABRA2
DB01198,GABRA1
DB01199,ACHE
DB01199,HTR3A
DB01199,CHRNA2
DB01199,BCHE
DB01199,KCNN2
DB01199,CHRNA7
DB01199,CHRM2
DB01200,DRD3
DB01200,HTR1A
DB01200,DRD5
DB01200,ADRA1D
DB01200,ADRA1A
DB01200,ADRA1B
DB01200,HTR7
DB01200,HTR1B
DB01200,DRD1
DB01200,HTR2B
DB01200,ADRA2A
DB01200,HTR2C
DB01200,ADRA2B
DB01200,HTR1D
DB01200,HTR2A
DB01200,DRD2
DB01200,ADRA2C
DB01200,DRD4
DB01202,SV2A
DB01202,CACNA1B
DB01203,ADRB3
DB01203,ADRB2
DB01203,ADRB1
DB01204,ABCC1
DB01204,SLC47A2
DB01204,TOP2A
DB01204,PIM1
DB01204,BTK
DB01204,CASP3
DB01204,TOP2B
DB01204,ABCB1
DB01204,SLC47A1
DB01204,ABCG2
DB01205,GABRA1
DB01205,GABRA5
DB01205,GABRA6
DB01205,GABRA2
DB01205,GABRA4
DB01205,GABRA3
DB01206,STMN4
DB01208,CUL9
DB01208,TOP2A
DB01209,OPRK1
DB01209,OPRM1
DB01210,ADRB1
DB01210,ADRB3
DB01210,ADRB2
DB01211,SLCO1B1
DB01211,KCNH2
DB01211,CYP3A4
DB01212,SLC15A1
DB01212,SLC22A11
DB01212,SLC1A2
DB01212,SLC22A6
DB01212,SLC22A8
DB01212,SLC7A11
DB01213,ADH1C
DB01213,CYP2E1
DB01213,CAT
DB01213,ADH1B
DB01213,ADH1A
DB01214,ADRB1
DB01214,ADRB2
DB01215,GABRB2
DB01215,GABRR3
DB01215,GABRA5
DB01215,GABRA2
DB01215,GABRR2
DB01215,GABRA1
DB01215,GABRB1
DB01215,GABRR1
DB01215,GABRD
DB01215,GABRA3
DB01215,GABRB3
DB01215,GABRG2
DB01215,GABRE
DB01215,GABRG3
DB01215,GABRG1
DB01215,GABRP
DB01216,SRD5A1
DB01216,KLK3
DB01216,SRD5A2
DB01216,AR
DB01216,AKR1D1
DB01217,CYP19A1
DB01218,KCNH2
DB01219,RYR1
DB01220,NR1I2
DB01221,HTR2A
DB01221,TACR1
DB01221,GRIN3A
DB01221,SLC6A2
DB01221,DRD2
DB01221,OPRM1
DB01221,NOS1
DB01221,OPRK1
DB01221,OPRD1
DB01221,BCHE
DB01221,HTR3A
DB01222,BGLAP
DB01222,CXCL8
DB01222,CCL11
DB01222,ANXA1
DB01222,CSF2
DB01222,IL4
DB01222,IL1B
DB01222,NR3C1
DB01222,IL5
DB01222,ICAM1
DB01223,ADORA3
DB01223,ADORA2B
DB01223,PDE3A
DB01223,ADORA1
DB01223,HDAC2
DB01223,ADORA2A
DB01224,CYP3A4
DB01224,HTR3A
DB01224,HTR2A
DB01224,HTR1A
DB01224,ADRA1D
DB01224,CHRM4
DB01224,DRD2
DB01224,ADRA2A
DB01224,DRD5
DB01224,ADRB2
DB01224,HTR1E
DB01224,DRD1
DB01224,ADRA1A
DB01224,ADRA1B
DB01224,HTR7
DB01224,CHRM2
DB01224,HTR1F
DB01224,HTR1D
DB01224,CHRM5
DB01224,ADRA2C
DB01224,KCNH2
DB01224,SLC6A4
DB01224,SLC6A2
DB01224,CHRM3
DB01224,TBXA2R
DB01224,HTR1B
DB01224,ADRB1
DB01224,HRH1
DB01224,HTR2B
DB01224,HTR5A
DB01224,DRD4
DB01224,ADRA2B
DB01224,HTR2C
DB01224,HTR6
DB01224,CHRM1
DB01224,DRD3
DB01225,F10
DB01225,SERPINC1
DB01226,CHRM2
DB01226,CHRNA2
DB01226,CHRM3
DB01226,BCHE
DB01227,CHRNA3
DB01227,CHRNB4
DB01227,OPRM1
DB01228,SCN5A
DB01229,CYCS
DB01229,CASP7
DB01229,MAP4
DB01229,BCL2
DB01229,KIF11
DB01229,AKT1
DB01229,TUBB1
DB01229,CASP3
DB01229,NR1I2
DB01229,CCNB1
DB01229,ESR1
DB01229,CDK1
DB01229,JUN
DB01229,CYP3A4
DB01229,CYP2C8
DB01229,KIF5B
DB01229,MMP2
DB01229,RAF1
DB01229,TUBB4B
DB01229,CASP8
DB01229,MAPK8
DB01229,FASLG
DB01229,MAPT
DB01229,TUBB
DB01229,MAP2
DB01229,ABCC10
DB01229,CFLAR
DB01229,CSF3
DB01229,ABCG2
DB01229,TUBB3
DB01229,AURKB
DB01229,ERBB2
DB01229,TP53
DB01229,ABCB1
DB01229,EGFR
DB01229,STAT3
DB01229,SLC12A2
DB01229,CXCL8
DB01229,MCL1
DB01229,CAV1
DB01231,CHRM1
DB01231,CHRM3
DB01231,CHRM2
DB01233,PRL
DB01233,HTR4
DB01233,DRD2
DB01233,REN
DB01233,DRD3
DB01233,DRD4
DB01233,CHRM1
DB01233,HTR3A
DB01233,CYP2D6
DB01234,NR0B1
DB01234,NOS2
DB01234,NR3C1
DB01234,ANXA1
DB01234,NR3C2
DB01234,TXK
DB01234,PER2
DB01234,NR1I2
DB01234,PLA2G1B
DB01234,PGR
DB01234,AR
DB01234,PTGS2
DB01234,TNF
DB01235,SLC7A8
DB01235,DRD4
DB01235,DRD1
DB01235,DRD2
DB01235,DRD5
DB01235,TYR
DB01235,LRTOMT
DB01235,DBH
DB01235,COMT
DB01235,GAD1
DB01235,DRD3
DB01235,DDC
DB01235,PDYN
DB01235,TH
DB01235,FOSB
DB01236,GABRA1
DB01236,ATP2C1
DB01236,GLRA1
DB01236,MT-ND1
DB01236,ATP5F1D
DB01236,KCNA1
DB01236,GRIA1
DB01236,CASP3
DB01236,CYP2E1
DB01237,HRH1
DB01238,DRD5
DB01238,DRD2
DB01238,DRD1
DB01238,HTR1B
DB01238,ADRA2C
DB01238,HTR1D
DB01238,KCNH2
DB01238,SLC6A3
DB01238,CHRM3
DB01238,HTR2C
DB01238,CHRM2
DB01238,ADRA1A
DB01238,ADRA2B
DB01238,CHRM1
DB01238,ADRA2A
DB01238,ADRA1B
DB01238,HTR6
DB01238,DRD3
DB01238,OPRD1
DB01238,HTR7
DB01238,CHRM5
DB01238,HTR1A
DB01238,ADRB2
DB01238,ABCB1
DB01238,ADRB1
DB01238,SLC6A2
DB01238,SLC6A4
DB01238,HTR3A
DB01238,HTR2B
DB01238,HTR5A
DB01238,HRH1
DB01238,PRKCG
DB01238,OPRK1
DB01238,HTR1E
DB01238,OPRM1
DB01238,CHRM4
DB01238,DRD4
DB01238,HRH3
DB01238,HRH4
DB01238,HTR2A
DB01238,HRH2
DB01241,CYP2C9
DB01241,SLCO1B3
DB01241,SLCO1B1
DB01241,PPARA
DB01241,SLCO2B1
DB01241,APOB
DB01241,CYP2C8
DB01241,APOA2
DB01241,APOE
DB01241,APOA1
DB01241,SERPINE1
DB01241,CETP
DB01241,LIPC
DB01242,HTR2B
DB01242,SLC6A3
DB01242,HTR6
DB01242,ADRA2A
DB01242,DRD2
DB01242,SLC6A2
DB01242,HRH2
DB01242,SLC6A4
DB01242,DRD3
DB01242,ADRA1A
DB01242,DRD1
DB01242,HTR2A
DB01242,HTR2C
DB01242,HRH1
DB01242,CYP2C19
DB01242,GSTP1
DB01242,CYP1A2
DB01243,ALOX5
DB01243,ALOX12
DB01243,ALOX15
DB01244,KCNH2
DB01244,CACNA1H
DB01244,TNNC1
DB01244,CALM1
DB01244,KCNQ1
DB01244,CACNA1A
DB01244,ATP1A1
DB01244,CACNA2D2
DB01244,PDE1B
DB01244,PDE1A
DB01245,CHRNA2
DB01245,CHRM2
DB01245,CHRNA4
DB01245,CHRNB2
DB01245,ACHE
DB01245,HRH3
DB01246,HRH1
DB01247,MAOA
DB01247,MAOB
DB01248,NR1I2
DB01248,BCL2
DB01248,TUBB1
DB01248,MAP2
DB01248,MAPT
DB01248,MAP4
DB01250,TPMT
DB01250,IFNG
DB01251,ABCC8
DB01251,KCNJ8
DB01253,ADRA1A
DB01253,HTR1E
DB01254,STAT5B
DB01254,ABL2
DB01254,JAK3
DB01254,ABL1
DB01254,KIT
DB01254,EPHA4
DB01254,EPHA1
DB01254,PDGFRA
DB01254,RAF1
DB01254,BTK
DB01254,PPAT
DB01254,HCK
DB01254,DDR1
DB01254,CSF1R
DB01254,BMX
DB01254,EPHA5
DB01254,FGR
DB01254,BLK
DB01254,EPHA2
DB01254,EPHB4
DB01254,TEC
DB01254,SRC
DB01254,LCK
DB01254,EPHB2
DB01254,YES1
DB01254,FYN
DB01254,EPHA3
DB01254,PTK2
DB01254,DDR2
DB01254,PDGFRB
DB01254,EPHA8
DB01254,EPHB3
DB01254,MAP3K20
DB01254,PXN
DB01254,EPHB1
DB01254,EGFR
DB01254,ERBB4
DB01254,CSK
DB01254,ERBB3
DB01254,SRMS
DB01254,MAPK14
DB01254,LYN
DB01254,PTK6
DB01254,TXK
DB01254,TNK2
DB01254,RET
DB01254,MAP3K2
DB01254,MAP2K5
DB01254,STK4
DB01254,MAP4K2
DB01254,EPHB6
DB01254,MAP3K13
DB01254,MYT1
DB01254,MAP3K7
DB01254,RIPK2
DB01254,CYP3A4
DB01254,WEE2
DB01254,FGFR1
DB01254,BRAF
DB01254,AURKA
DB01254,BMPR1B
DB01254,SIK3
DB01254,TAOK2
DB01254,EPHA6
DB01254,TAOK3
DB01254,MYLK2
DB01254,MAP3K3
DB01254,AURKB
DB01254,STK35
DB01254,NEK11
DB01254,MINK1
DB01254,VRK2
DB01254,ULK3
DB01254,MAP3K19
DB01254,SBK1
DB01254,STK25
DB01254,CSNK1A1
DB01254,BMPR1A
DB01254,NEK2
DB01254,LIMK1
DB01254,FLT3
DB01254,FGFR3
DB01254,TYK2
DB01254,KDR
DB01255,TAAR1
DB01255,ADRA1B
DB01257,C5
DB01259,STK10
DB01259,SLK
DB01259,MAP2K7
DB01259,EGFR
DB01259,AKT1
DB01259,ERBB2
DB01259,ERBB3
DB01259,ESR1
DB01259,ERBB4
DB01259,PIK3C2G
DB01259,CYP3A4
DB01259,MAP2K5
DB01259,PDGFRB
DB01259,PIK3C2B
DB01259,PI4KB
DB01260,NR3C1
DB01261,DPP4
DB01261,GCG
DB01262,CDH13
DB01262,ESR1
DB01262,MLH1
DB01262,MGMT
DB01262,TP73
DB01262,MAGEA1
DB01262,RARB
DB01262,XAF1
DB01262,TP53
DB01262,RASSF1
DB01262,BTG3
DB01262,CDX2
DB01262,DNMT1
DB01262,CTAG1B
DB01262,BNIP3
DB01262,GADD45A
DB01262,CASP8
DB01262,PTEN
DB01262,CSNK2A1
DB01263,CYP3A4
DB01263,CYP51A1
DB01267,HTR2A
DB01267,DRD4
DB01267,HRH1
DB01267,HTR1A
DB01267,ADRB1
DB01267,ADRA2A
DB01267,ADRA1A
DB01267,DRD1
DB01267,TBXA2R
DB01267,ADRB2
DB01267,HTR2C
DB01267,ABCB1
DB01267,ADRA1B
DB01267,DRD3
DB01267,HTR7
DB01267,ADRA2B
DB01267,ADRA2C
DB01267,DRD2
DB01267,HTR1B
DB01267,HTR1D
DB01267,HTR1E
DB01267,CHRM2
DB01267,SLC6A4
DB01267,KCNH2
DB01268,CAMK2G
DB01268,CAMK2B
DB01268,PTK6
DB01268,CAMK2D
DB01268,PHKG2
DB01268,MAPK7
DB01268,SRC
DB01268,STK16
DB01268,RPS6KA4
DB01268,RPS6KA5
DB01268,KDR
DB01268,KCNH2
DB01268,PRP4K
DB01268,MAP4K2
DB01268,STK4
DB01268,PRKAA1
DB01268,BRD4
DB01268,MAP2K5
DB01268,JAK2
DB01268,MAP4K5
DB01268,MAP3K12
DB01268,STK38L
DB01268,RPS6KA1
DB01268,CAMK1
DB01268,GAK
DB01268,PDGFRB
DB01268,AURKA
DB01268,FGR
DB01268,CHEK1
DB01268,FLT3
DB01268,PLK4
DB01268,BMPR1B
DB01268,KIT
DB01268,LRRK2
DB01268,DSTYK
DB01268,MARK2
DB01268,AXL
DB01268,MAP3K4
DB01268,VEGFA
DB01268,AAK1
DB01268,ITK
DB01268,EPHB6
DB01268,RPS6KA2
DB01268,EPHA7
DB01268,STK10
DB01268,MYLK
DB01268,CSF1R
DB01268,PDGFRA
DB01268,PHKG1
DB01268,RPS6KB1
DB01268,HIPK1
DB01268,FLT1
DB01268,FLT4
DB01268,MYLK3
DB01268,DAPK3
DB01268,PRPF4
DB01268,SBK1
DB01268,DDR2
DB01268,CHEK2
DB01268,STK17B
DB01268,ABL1
DB01268,MAP2K3
DB01268,CSNK1A1
DB01268,CLK1
DB01268,CDK4
DB01268,FGFR1
DB01268,CLK2
DB01268,RPS6KA3
DB01268,NEK2
DB01268,MAP2K4
DB01268,MAP2K6
DB01268,PLK2
DB01268,EPHA5
DB01268,IRAK4
DB01268,BMP2K
DB01268,MKNK2
DB01268,CLK4
DB01268,MAPK10
DB01268,AURKC
DB01268,MAPK9
DB01268,MATK
DB01268,FER
DB01268,PRKCA
DB01268,CSNK2A2
DB01268,FGFR2
DB01268,FGFR4
DB01268,FGFR3
DB01268,JAK1
DB01268,ABL2
DB01268,EPHA6
DB01268,PIM2
DB01268,CDK2
DB01268,MARK3
DB01268,TYK2
DB01268,TTK
DB01268,DAPK2
DB01268,ALK
DB01268,TIE1
DB01268,STK17A
DB01268,SNRK
DB01268,CAMK2A
DB01268,DLK1
DB01268,PTEN
DB01268,MET
DB01268,CDK16
DB01268,RET
DB01268,YES1
DB01268,FYN
DB01268,PTK2
DB01268,CSNK2A1
DB01268,BTK
DB01268,TNK2
DB01268,INSR
DB01268,NTRK1
DB01268,EGFR
DB01268,LCK
DB01268,EPHB1
DB01268,CDK5
DB01268,CAMK1G
DB01268,TNKS2
DB01268,SLK
DB01268,MYLK2
DB01268,MKNK1
DB01268,CAMKK2
DB01268,EPHB4
DB01268,AURKB
DB01268,SGK3
DB01268,HCK
DB01268,CAMK1D
DB01268,LYN
DB01268,MYO3A
DB01268,CAMKK1
DB01269,EGFR
DB01270,VEGFA
DB01274,ADRB3
DB01274,ADRB2
DB01274,ADRB1
DB01275,P4HA1
DB01275,AOC3
DB01275,NAT2
DB01275,HIF1A
DB01275,REN
DB01276,GLP1R
DB01277,IGF2R
DB01277,IGF1R
DB01277,IGFBP3
DB01277,INSR
DB01278,RAMP3
DB01278,RAMP2
DB01278,RAMP1
DB01278,CALCR
DB01280,POLA1
DB01281,CD86
DB01281,CD80
DB01282,OXTR
DB01282,AVPR2
DB01283,PTGS2
DB01283,PTGS1
DB01284,MC2R
DB01288,ADRB3
DB01288,ADRB1
DB01288,ADRB2
DB01291,ADRB1
DB01291,ADRB2
DB01294,PTGS1
DB01294,PTGS2
DB01297,ADRB1
DB01303,PDE4A
DB01303,ADORA2A
DB01303,ADORA1
DB01303,HDAC2
DB01303,PDE3A
DB01306,IGF1R
DB01306,INSR
DB01307,INSR
DB01307,IGF1R
DB01309,IGF1R
DB01309,INSR
DB01320,SCN5A
DB01324,SLC12A3
DB01325,SLC12A1
DB01325,CA1
DB01325,SLC12A3
DB01325,CA2
DB01325,SLC12A2
DB01326,SLC22A8
DB01326,SLC22A6
DB01326,SLC22A11
DB01327,SLC22A6
DB01327,SLC22A11
DB01327,SLC22A8
DB01327,PON1
DB01327,IL15
DB01327,IL2
DB01333,SLC15A1
DB01336,CHRM2
DB01336,CHRNA2
DB01337,CHRM2
DB01337,CHRM3
DB01337,CHRNA2
DB01338,CHRM3
DB01338,CHRNA2
DB01338,CHRM2
DB01339,CHRNA2
DB01339,SLC47A1
DB01339,SLC22A2
DB01340,ACE
DB01345,ATP1A1
DB01346,KCNK1
DB01346,CHRM2
DB01346,GABRA2
DB01346,GRIA2
DB01346,SCN5A
DB01346,GABRA1
DB01348,REN
DB01348,ACE
DB01351,CHRNA7
DB01351,GABRA3
DB01351,GABRA1
DB01351,CHRNA4
DB01351,GRIA2
DB01351,GRIK2
DB01351,GABRA5
DB01351,GABRA6
DB01351,GABRA4
DB01351,GABRA2
DB01353,GABRA4
DB01353,CHRNA4
DB01353,GABRA2
DB01353,GABRA5
DB01353,GRIK2
DB01353,GABRA6
DB01353,GABRA3
DB01353,GRIA2
DB01353,GABRA1
DB01353,CHRNA7
DB01357,ESR1
DB01359,HTR1A
DB01359,ADRB1
DB01359,HTR1B
DB01359,ADRB2
DB01362,ALB
DB01362,NAGLU
DB01364,SLC18A2
DB01364,ADRA1A
DB01364,ACHE
DB01364,SLC6A2
DB01365,ADRA1A
DB01367,BCL2
DB01367,MAOA
DB01367,MAOB
DB01380,NR3C1
DB01381,GABRG2
DB01381,GABRA1
DB01381,GLRA1
DB01381,PLA2G2A
DB01381,GABRB2
DB01381,SLC6A2
DB01382,ABCC8
DB01382,KCNJ1
DB01392,HTR1E
DB01392,ADRA2B
DB01392,ADRA1D
DB01392,ADRA2A
DB01392,HTR1F
DB01392,DRD3
DB01392,HTR1D
DB01392,HTR2C
DB01392,ADRA2C
DB01392,CYP2D6
DB01392,SLC6A4
DB01392,HTR2B
DB01392,HTR1A
DB01392,HTR2A
DB01392,ADRA1B
DB01392,ADRA1A
DB01392,DRD2
DB01392,HTR1B
DB01393,PPARG
DB01393,SERPINE1
DB01393,PPARA
DB01393,RXRB
DB01393,PPARD
DB01393,CETP
DB01393,APOA2
DB01393,RXRA
DB01393,APOB
DB01393,APOE
DB01393,RXRG
DB01393,UCP3
DB01393,CRAT
DB01393,CPT2
DB01393,NR1I2
DB01393,APOA1
DB01395,NR3C2
DB01395,AR
DB01395,PGR
DB01395,NR3C1
DB01396,ATP1A1
DB01396,ALB
DB01399,PTGS2
DB01399,PTGS1
DB01400,BCHE
DB01400,ACHE
DB01401,PTGS1
DB01401,PTGS2
DB01403,DRD3
DB01403,CHRM5
DB01403,ADRA2B
DB01403,CHRM1
DB01403,ADRA1A
DB01403,CHRM4
DB01403,ADRA2C
DB01403,DRD1
DB01403,ADRA1D
DB01403,ADRA1B
DB01403,ADRA2A
DB01403,DRD2
DB01403,DRD5
DB01403,CHRM3
DB01403,HTR2C
DB01403,HRH1
DB01403,CHRM2
DB01403,DRD4
DB01403,HTR2A
DB01406,PGR
DB01406,CCL2
DB01406,GNRHR
DB01406,PROS1
DB01406,SHBG
DB01406,AR
DB01406,SERPINC1
DB01406,SERPINA6
DB01406,PLG
DB01406,ESR1
DB01406,SERPING1
DB01407,TNF
DB01407,ADRB1
DB01407,ADRB2
DB01407,MYOD1
DB01407,ADRB3
DB01407,NGF
DB01409,CHRM1
DB01409,CHRM3
DB01409,CHRM2
DB01409,CHRM5
DB01409,CHRM4
DB01410,NR3C1
DB01418,F2
DB01418,VKORC1
DB01418,CYP2C9
DB01419,PTGS2
DB01419,PTGS1
DB01420,AR
DB01420,CYP17A1
DB01426,SCN5A
DB01427,PDE4B
DB01427,PDE3A
DB01427,TNF
DB01427,PDE3B
DB01428,ESR2
DB01428,PGR
DB01428,AR
DB01428,ESR1
DB01430,ATP1A1
DB01435,PTGS2
DB01435,PTGS1
DB01436,CYP27B1
DB01436,VDR
DB01436,RXRA
DB01437,GABRA1
DB01438,SCN1A
DB01440,GABRB1
DB01452,OPRK1
DB01452,OPRD1
DB01452,OPRM1
DB01452,CES1
DB01544,GABRA4
DB01544,GABRA3
DB01544,GABRA6
DB01544,GABRA5
DB01544,TSPO
DB01544,GABRA2
DB01544,GABRB3
DB01544,GABRA1
DB01558,GABRD
DB01558,GABRA6
DB01558,GABRA2
DB01558,GABRB3
DB01558,GABRR1
DB01558,GABRA5
DB01558,GABRA3
DB01558,GABRR3
DB01558,GABRA1
DB01558,GABRG3
DB01558,GABRP
DB01558,GABRQ
DB01558,GABRB2
DB01558,GABRB1
DB01558,GABRA4
DB01558,GABRR2
DB01558,GABRE
DB01558,GABRG2
DB01558,GABRG1
DB01559,GABRP
DB01559,GABRD
DB01559,GABRB3
DB01559,GABRB1
DB01559,GABRR1
DB01559,GABRA5
DB01559,GABRG3
DB01559,GABRE
DB01559,GABRR3
DB01559,GABRG2
DB01559,GABRR2
DB01559,GABRA3
DB01559,GABRB2
DB01559,GABRA1
DB01559,GABRA2
DB01559,GABRG1
DB01576,ADRA1A
DB01576,SLC6A4
DB01576,TAAR1
DB01576,SLC6A2
DB01576,ADRA1B
DB01576,SLC6A3
DB01576,SLC18A2
DB01577,MAOA
DB01577,SLC6A4
DB01577,ADRA2C
DB01577,MAOB
DB01577,SLC6A3
DB01577,TAAR1
DB01577,ADRA2B
DB01577,ADRA2A
DB01577,SIGMAR1
DB01577,SLC6A2
DB01577,SLC18A2
DB01579,ADRA1A
DB01579,ADRA1B
DB01579,SLC6A2
DB01580,ADRB1
DB01580,REN
DB01580,ADRB2
DB01580,ADRB3
DB01582,NAT2
DB01583,THRB
DB01583,THRA
DB01586,AKR1C2
DB01586,SLCO1B1
DB01586,NR1H4
DB01586,TP53
DB01586,TNFRSF10B
DB01586,SLC10A1
DB01586,CYP7A1
DB01587,GABRD
DB01587,GABRE
DB01587,GABRB1
DB01587,GABRG1
DB01587,GABRA1
DB01587,TSPO
DB01588,GABRG2
DB01588,GABRE
DB01588,GABRR1
DB01588,GABRA2
DB01588,GABRD
DB01588,GABRB2
DB01588,GABRA3
DB01588,GABRG3
DB01588,GABRP
DB01588,GABRB1
DB01588,GABRA1
DB01588,GABRG1
DB01588,GABRA5
DB01588,GABRB3
DB01588,GABRR3
DB01588,GABRR2
DB01589,GABRB3
DB01589,GABRR2
DB01589,GABRP
DB01589,GABRA5
DB01589,GABRD
DB01589,GABRG1
DB01589,GABRB1
DB01589,GABRA1
DB01589,GABRR1
DB01589,GABRA2
DB01589,GABRE
DB01589,GABRG2
DB01589,GABRR3
DB01589,GABRG3
DB01589,GABRA3
DB01590,MTOR
DB01590,RPS6KB1
DB01590,AKT1
DB01591,CHRM4
DB01591,CHRM1
DB01591,CHRM5
DB01591,CHRM3
DB01591,CHRM2
DB01595,GABRB2
DB01595,GABRA4
DB01595,GABRB1
DB01595,GABRA6
DB01595,GABRA5
DB01595,GABRA3
DB01595,GABRB3
DB01595,GABRQ
DB01595,SCN1A
DB01595,GABRR1
DB01595,GABRA2
DB01595,GABRG1
DB01595,GABRD
DB01595,GABRA1
DB01595,GABRR2
DB01595,GABRE
DB01595,GABRP
DB01595,GABRG3
DB01595,GABRR3
DB01595,GABRG2
DB01597,DPEP1
DB01599,APOE
DB01599,VCAM1
DB01599,ABCA1
DB01599,CETP
DB01599,APOA2
DB01599,CES1
DB01599,APOB
DB01599,KCNH2
DB01599,APOA1
DB01599,SCARB1
DB01599,SELE
DB01600,PTGS1
DB01600,PTGS2
DB01601,ZMPSTE24
DB01601,CYP3A4
DB01606,LACTB
DB01608,AR
DB01608,DRD1
DB01608,ADRA2A
DB01608,ADRA1B
DB01611,TLR7
DB01611,TLR9
DB01611,CASP3
DB01612,NPR1
DB01613,NPR2
DB01613,NPR1
DB01616,HTR1A
DB01618,HTR2A
DB01618,DRD2
DB01618,HTR1A
DB01618,CHRM1
DB01618,DRD3
DB01618,HTR6
DB01618,MAOB
DB01618,ADRA2C
DB01618,HRH1
DB01618,HTR7
DB01618,HTR2C
DB01618,ADRA2B
DB01618,DRD4
DB01618,ADRA1A
DB01618,ADRA2A
DB01619,HRH1
DB01620,HRH1
DB01620,HRH4
DB01621,HTR2A
DB01621,DRD1
DB01621,DRD2
DB01621,DRD3
DB01621,HTR1A
DB01623,DRD2
DB01623,HTR6
DB01623,DRD1
DB01623,HTR2C
DB01623,HRH1
DB01623,HTR2A
DB01623,CHRM2
DB01624,DRD5
DB01624,DRD2
DB01624,HTR2A
DB01624,ADRA1A
DB01624,DRD1
DB01624,HRH1
DB01624,ADRA2A
DB01625,CHRM4
DB01625,CHRM3
DB01626,MAOB
DB01626,MAOA
DB01626,TH
DB01628,PTGS2
DB01628,MAPK14
DB01628,PTGER2
DB01632,APRT
DB01632,HPRT1
DB01638,AKR1B10
DB01638,SORD
DB01638,MAPK14
DB01638,AKR1B1
DB01656,PDE4B
DB01656,PDE4D
DB01656,PDE4A
DB01656,PDE4C
DB01698,AKR1C3
DB01698,CBR1
DB01708,CGA
DB01708,HSD3B2
DB01708,SULT2A1
DB01708,BPNT1
DB01708,CYP17A1
DB01708,SULT2B1
DB01708,HSD17B1
DB01708,ARSG
DB01708,ARSJ
DB01708,ARSD
DB01708,ARSL
DB01708,ARSK
DB01708,CYP1A1
DB01708,HSD3B1
DB01708,IGF1
DB01708,G6PD
DB01708,HSD17B3
DB01708,CYP3A4
DB01708,STS
DB01708,CYP7A1
DB01708,NOS3
DB01708,AR
DB01708,ESR1
DB01708,GPBAR1
DB01708,SHBG
DB01708,POMC
DB01708,CYP3A7
DB01708,CYP2E1
DB01708,PPARA
DB01708,ESR2
DB01708,CYP3A5
DB01708,NR1I2
DB01708,ARSF
DB01708,CYP1A2
DB01708,SULT1E1
DB01718,DNM1
DB01764,ATP6V1D
DB01839,AKR1B1
DB01839,AKR1B10
DB01839,F13A1
DB01839,ITPRID2
DB01956,GLRA1
DB01956,GABBR1
DB01956,GLRA2
DB01956,GLRA3
DB01956,GGT6
DB01956,GGT1
DB01956,GAD2
DB01956,GRIN2B
DB01956,SLC27A5
DB01956,CSAD
DB01956,GAD1
DB01956,GGT5
DB01956,GGT7
DB01956,BAAT
DB02266,PTGS1
DB02266,AKR1C3
DB02266,PPARG
DB02266,PPARA
DB02266,PTGS2
DB02266,AR
DB02266,MPO
DB02266,TRPM4
DB02266,AKR1C2
DB02266,GJA1
DB02266,TTR
DB02300,VDR
DB02300,GC
DB02300,BGLAP
DB02325,JUN
DB02325,TNF
DB02325,GDF5
DB02325,ADH1B
DB02325,DCXR
DB02325,CALM2
DB02325,CHIT1
DB02325,NOS3
DB02325,PLA2G2A
DB02325,GCH1
DB02325,NR1H2
DB02325,AHCY
DB02325,GM2A
DB02325,RNASE1
DB02362,CA2
DB02362,CA1
DB02530,CCR5
DB02530,TAS2R39
DB02530,ADCY4
DB02530,GRM7
DB02530,HTR1F
DB02530,GABRE
DB02530,RGS14
DB02530,PENK
DB02530,HRH3
DB02530,TAS2R13
DB02530,HTR1B
DB02530,S1PR3
DB02530,TAS2R41
DB02530,SSTR2
DB02530,CXCR2
DB02530,HTR1A
DB02530,VAMP2
DB02530,SAA1
DB02530,CXCR4
DB02530,GAD1
DB02530,NPB
DB02530,CHRM4
DB02530,RGS19
DB02530,DRD3
DB02530,GAD2
DB02530,HCAR2
DB02530,GABBR2
DB02530,SNAP25
DB02530,GATM
DB02530,LPAR3
DB02530,GNB3
DB02530,CCR9
DB02530,GABRA2
DB02530,CXCL16
DB02530,CCL25
DB02530,CASR
DB02530,CCL19
DB02530,ADCY6
DB02530,ADCY5
DB02530,P2RY13
DB02530,CHRM2
DB02530,GPHN
DB02530,GABRR1
DB02530,MCHR2
DB02530,NPBWR2
DB02530,NMUR1
DB02530,GABRG2
DB02530,ALDH7A1
DB02530,PTGDR2
DB02530,OPRM1
DB02530,PTGER3
DB02530,RGS4
DB02530,CARNS1
DB02530,AGT
DB02530,SLC6A11
DB02530,TAS2R1
DB02530,GRM3
DB02530,ADCY9
DB02530,SSTR5
DB02530,RIMS1
DB02530,CXCR1
DB02530,P2RY12
DB02530,AGTR2
DB02530,GNG12
DB02530,RGS7
DB02530,UBQLN1
DB02530,DNM1
DB02530,NMS
DB02530,NPY1R
DB02530,GABBR1
DB02530,DRD2
DB02530,CXCL9
DB02530,CXCR3
DB02530,PPBP
DB02530,GABRA5
DB02530,ALDH3A2
DB02530,GNG3
DB02530,GNG7
DB02530,OXER1
DB02530,SLC6A1
DB02530,P2RY4
DB02530,CXCL2
DB02530,GRM4
DB02530,GNG4
DB02530,CCL20
DB02530,RGS1
DB02530,RGS18
DB02530,GABRD
DB02530,RXFP4
DB02530,GABRB1
DB02530,RGS10
DB02530,CNR1
DB02530,TMIGD3
DB02530,HTR1E
DB02530,GNG5
DB02530,P2RY14
DB02530,NPY4R
DB02530,GABRG1
DB02530,GRM8
DB02530,ALDH1B1
DB02530,OPRL1
DB02530,MTRNR2L2
DB02530,LPAR5
DB02530,TAS2R19
DB02530,C5AR1
DB02530,TAS2R60
DB02530,CCR8
DB02530,TAS2R40
DB02530,CNDP2
DB02530,CXCL11
DB02530,GNAI1
DB02530,ADORA1
DB02530,FPR3
DB02530,CXCL12
DB02530,CXCL1
DB02530,GRM2
DB02530,ADCY2
DB02530,GNAT3
DB02530,GPR55
DB02530,LPAR2
DB02530,GABRR2
DB02530,ADRA2C
DB02530,GPR18
DB02530,GABRA6
DB02530,S1PR5
DB02530,NPY5R
DB02530,RGS6
DB02530,TAS2R38
DB02530,TAS2R30
DB02530,PRH1-TAS2R14
DB02530,TAS2R20
DB02530,CCR3
DB02530,TAS2R50
DB02530,CXCL5
DB02530,CNR2
DB02530,TAS2R46
DB02530,CXCL3
DB02530,TAS2R43
DB02530,HCAR3
DB02530,GNG10
DB02530,ALDH9A1
DB02530,TAS2R31
DB02530,GABRA3
DB02530,GALR2
DB02530,FPR2
DB02530,RXFP3
DB02530,CCR6
DB02530,SLC6A13
DB02530,CCR4
DB02530,GNAI2
DB02530,NPY2R
DB02530,TAS2R4
DB02530,PPY
DB02530,CXCL6
DB02530,APP
DB02530,CCR2
DB02530,TAS2R3
DB02530,DRD4
DB02530,CCR7
DB02530,S1PR4
DB02530,C3
DB02530,NPY
DB02530,TAS2R9
DB02530,TAS2R7
DB02530,TAS2R10
DB02530,TAS2R8
DB02530,SUCNR1
DB02530,OPRD1
DB02530,CXCL8
DB02530,GRM6
DB02530,GABRA1
DB02530,NPW
DB02530,C5
DB02530,SLC32A1
DB02530,RAB3A
DB02530,PDYN
DB02530,CPLX1
DB02530,GAL
DB02530,OPRK1
DB02530,GABRP
DB02530,POMC
DB02530,OXGR1
DB02530,GABRA4
DB02530,NMU
DB02530,SYT1
DB02530,ADCY3
DB02530,CCL27
DB02530,GABRB3
DB02530,CXCL10
DB02530,SSTR4
DB02530,HEBP1
DB02530,HSPA8
DB02530,PNOC
DB02530,GNG8
DB02530,GNG2
DB02530,BDKRB1
DB02530,GNGT2
DB02530,CCL28
DB02530,GABRR3
DB02530,CXCR5
DB02530,TAS2R42
DB02530,CCL21
DB02530,NMUR2
DB02530,HRH4
DB02530,MTNR1B
DB02530,APLNR
DB02530,NPBWR1
DB02530,GNB2
DB02530,HTR5A
DB02530,GABRG3
DB02530,MCHR1
DB02530,ANXA1
DB02530,ADRA2A
DB02530,TAS2R5
DB02530,S1PR1
DB02530,CCR1
DB02530,PMCH
DB02530,CCR10
DB02530,SST
DB02530,CXCL13
DB02530,ADCY8
DB02530,RGS20
DB02530,GNGT1
DB02530,ABAT
DB02530,LPAR1
DB02530,CXCR6
DB02530,MTNR1A
DB02530,SSTR1
DB02530,PYY
DB02530,GPR17
DB02530,SLC6A12
DB02530,GALR1
DB02530,ACKR3
DB02530,ADCY7
DB02530,FPR1
DB02530,GALR3
DB02530,ADCY1
DB02530,C3AR1
DB02530,TAS2R16
DB02530,GPER1
DB02530,GNAI3
DB02530,GABRB2
DB02530,CNDP1
DB02530,DNAJC5
DB02546,HDAC8
DB02546,H2AX
DB02546,HDAC1
DB02546,HDAC6
DB02546,HDAC2
DB02546,HDAC3
DB02546,BCL2L1
DB02546,TP53
DB02546,NCOR1
DB02546,HDAC10
DB02546,HDAC9
DB02546,HDAC4
DB02546,HDAC5
DB02546,HDAC11
DB02546,HDAC7
DB02638,AVPR1B
DB02638,AVPR2
DB02638,AVPR1A
DB02638,REN
DB02659,SCTR
DB02659,SCT
DB02659,SLC10A1
DB02659,ACOT8
DB02659,GHRH
DB02659,MC4R
DB02659,MC3R
DB02659,SLC10A2
DB02659,PTGER2
DB02659,ADH1C
DB02659,POMC
DB02659,ADCY3
DB02659,IAPP
DB02659,SLC27A2
DB02659,CLPS
DB02659,COX7C
DB02659,ADCY7
DB02659,SLCO1B1
DB02659,COX5B
DB02659,BAAT
DB02659,PTH2
DB02659,FECH
DB02659,SLCO1B3
DB02659,VIPR2
DB02659,GLP2R
DB02659,SLC27A5
DB02659,COX4I1
DB02659,CYP7A1
DB02659,COX6A2
DB02659,ADCY9
DB02659,TSHR
DB02659,CES1
DB02659,FABP6
DB02659,GPBAR1
DB02659,PLA2G1B
DB02659,ABCC3
DB02659,PTH2R
DB02659,PTH
DB02659,ADCY8
DB02659,COX7A1
DB02659,COX6B1
DB02659,COX8A
DB02659,FSHR
DB02659,CRH
DB02659,TAAR1
DB02659,ADM
DB02659,COX6C
DB02659,COX5A
DB02659,ESRRG
DB02659,HTR6
DB02659,PTGIR
DB02659,RXFP2
DB02659,LHCGR
DB02659,ALB
DB02659,ADCY1
DB02659,COX7B
DB02659,MT-CO1
DB02659,RXFP1
DB02659,MC5R
DB02659,CALCB
DB02659,ADM2
DB02659,ADCY4
DB02659,ADCY6
DB02659,ADH1B
DB02659,PTGER4
DB02659,DRD5
DB02659,SLCO1A2
DB02659,ADRB2
DB02659,ADORA2B
DB02659,GHRHR
DB02659,PTHLH
DB02659,NPSR1
DB02659,ADRB3
DB02659,GIP
DB02659,CALCR
DB02659,GCG
DB02659,ADCYAP1
DB02659,ADCY5
DB02659,GCGR
DB02659,ADCYAP1R1
DB02659,LINC02210-CRHR1
DB02659,NPS
DB02659,PTGDR
DB02659,PTH1R
DB02659,ADORA2A
DB02659,GLP1R
DB02659,HTR4
DB02659,CEL
DB02659,GNAS
DB02659,ADRB1
DB02659,PNLIP
DB02659,VIP
DB02659,MT-CO3
DB02659,MT-CO2
DB02659,HRH2
DB02659,AVP
DB02659,HTR7
DB02659,VIPR1
DB02659,AVPR2
DB02659,MC1R
DB02659,CRHR2
DB02659,GNG2
DB02659,MC2R
DB02659,CALCA
DB02659,ADCY2
DB02659,GIPR
DB02659,NR1H4
DB02701,SIRT6
DB02701,RPS19BP1
DB02701,TNKS2
DB02701,SMAD3
DB02701,SMAD4
DB02701,SUV39H1
DB02701,PARP6
DB02701,LDHA
DB02701,MRPL18
DB02701,PARP1
DB02701,PNP
DB02701,RNF146
DB02701,COL4A6
DB02701,CCAR2
DB02701,HSF1
DB02701,PARP8
DB02701,ART1
DB02701,TNKS
DB02701,RPS27A
DB02701,RRP8
DB02701,UBC
DB02701,RLN1
DB02701,AXIN1
DB02701,NNMT
DB02701,BST1
DB02701,CRYBA4
DB02701,PARP2
DB02701,ART5
DB02701,UBB
DB02701,AXIN2
DB02701,SERPINH1
DB02701,HSPB2
DB02701,FKBP4
DB02701,TBP
DB02701,NAMPT
DB02701,GML
DB02701,SIRT1
DB02701,SIRT2
DB02701,HSPB1
DB02701,PARP9
DB02701,HSPA1A
DB02701,HSPA6
DB02701,PARP12
DB02701,SMAD2
DB02701,DNAJB6
DB02701,TNFRSF21
DB02701,HSPA8
DB02701,TIPARP
DB02701,PARP11
DB02701,ART4
DB02701,PARP10
DB02701,TAF1A
DB02701,CD38
DB02701,DNAJB1
DB02701,SIRT5
DB02701,NAPRT
DB02701,ART3
DB02701,PARP16
DB02701,HSPH1
DB02701,TAF1D
DB02701,PARP3
DB02701,DEDD2
DB02701,PARP4
DB02701,PARP14
DB02701,TAF1B
DB02701,PARP15
DB02701,HSPA1B
DB02701,UBA52
DB02772,ACTA1
DB02772,MAF
DB02772,TAS1R2
DB02772,ATOX1
DB02789,SHBG
DB02789,NR1I2
DB02789,SULT2B1
DB02893,METAP2
DB02925,SLC12A1
DB02959,IDO1
DB02959,IDO2
DB02959,DDC
DB02959,TPH2
DB02959,AANAT
DB02959,TPH1
DB03017,PPARA
DB03017,GM2A
DB03017,GLTP
DB03017,ADH5
DB03017,C8G
DB03017,TLR4
DB03017,PLA2G2A
DB03017,LTF
DB03085,HAO1
DB03085,G6PD
DB03085,HAO2
DB03085,DAO
DB03085,AGXT
DB03085,GRHPR
DB03085,ACAA1
DB03085,PGP
DB03088,AMY2A
DB03088,VEGFA
DB03088,RNASE4
DB03088,CCL8
DB03088,ANG
DB03088,AMY1A
DB03088,ADAM28
DB03088,NOC2L
DB03088,GGCT
DB03088,BACE2
DB03088,AMY1B
DB03088,GCLM
DB03128,CHRNA7
DB03128,CHRM3
DB03128,CHRM1
DB03128,CHRM5
DB03128,CHRM4
DB03128,CHRM2
DB03128,UTS2B
DB03128,RGS1
DB03128,NMS
DB03128,GNA14
DB03128,SLC44A1
DB03128,P2RY4
DB03128,CNR2
DB03128,NPY4R
DB03128,GRM4
DB03128,NMB
DB03128,SLC18A3
DB03128,CXCR3
DB03128,TACR2
DB03128,CYSLTR1
DB03128,EDN2
DB03128,OPN4
DB03128,AGTR2
DB03128,HCRTR2
DB03128,HCRTR1
DB03128,SLC44A5
DB03128,PTGFR
DB03128,CXCL12
DB03128,MTRNR2L2
DB03128,RGS6
DB03128,TAS2R38
DB03128,TAS2R30
DB03128,PRH1-TAS2R14
DB03128,TAS2R20
DB03128,CCR3
DB03128,GRM2
DB03128,TAS2R46
DB03128,GPR68
DB03128,LTB4R2
DB03128,TAS2R43
DB03128,RIMS1
DB03128,CXCL2
DB03128,TAS2R50
DB03128,CASR
DB03128,ADCY5
DB03128,HCAR3
DB03128,EDNRB
DB03128,HTR2A
DB03128,GNAQ
DB03128,SLC5A7
DB03128,PIK3CA
DB03128,GNA15
DB03128,SYT1
DB03128,CHRNA1
DB03128,ADCY3
DB03128,PMCH
DB03128,PLCB2
DB03128,CCL21
DB03128,HTR2B
DB03128,NMBR
DB03128,ANXA1
DB03128,APLNR
DB03128,MTNR1B
DB03128,HRH4
DB03128,CCL27
DB03128,OXER1
DB03128,ADRA1D
DB03128,HCAR2
DB03128,QRFPR
DB03128,GRK5
DB03128,GPR55
DB03128,TAS2R13
DB03128,TAS2R31
DB03128,TAS2R19
DB03128,NPY2R
DB03128,CCL25
DB03128,EDN1
DB03128,TAS2R1
DB03128,TH
DB03128,CCR10
DB03128,AVP
DB03128,GRPR
DB03128,DRD3
DB03128,PHOSPHO1
DB03128,SUCNR1
DB03128,CXCL9
DB03128,DRD2
DB03128,NPY1R
DB03128,CCL28
DB03128,SSTR2
DB03128,FPR2
DB03128,GRM3
DB03128,SAA1
DB03128,CCR4
DB03128,NPB
DB03128,PTGDR2
DB03128,RGS19
DB03128,TAS2R42
DB03128,GNG2
DB03128,CCKBR
DB03128,NOS1
DB03128,ARHGEF25
DB03128,RGS7
DB03128,KISS1
DB03128,GRM7
DB03128,CCR9
DB03128,S1PR3
DB03128,RXFP4
DB03128,NPSR1
DB03128,RGS18
DB03128,HTR1B
DB03128,AGT
DB03128,GNAI3
DB03128,TMIGD3
DB03128,CNR1
DB03128,RGS10
DB03128,PTGER3
DB03128,XCL2
DB03128,XCL1
DB03128,PYY
DB03128,NPBWR2
DB03128,CCK
DB03128,OPRL1
DB03128,SLC44A2
DB03128,RGS4
DB03128,OPRM1
DB03128,TBXA2R
DB03128,MLN
DB03128,GCG
DB03128,CXCR4
DB03128,RGS14
DB03128,TAS2R39
DB03128,TAS2R40
DB03128,ADRA2C
DB03128,CHRNA2
DB03128,LPAR2
DB03128,GCGR
DB03128,GNAT3
DB03128,NPS
DB03128,HRH1
DB03128,TAS2R41
DB03128,CXCL1
DB03128,LPAR3
DB03128,ADRA1A
DB03128,CHAT
DB03128,EDN3
DB03128,PLCB1
DB03128,C5AR1
DB03128,TRIO
DB03128,NPY5R
DB03128,CCR6
DB03128,NTSR1
DB03128,FPR3
DB03128,HRH3
DB03128,ADCY2
DB03128,GNAI1
DB03128,GPR18
DB03128,GRM8
DB03128,LPAR6
DB03128,QRFP
DB03128,CHRNA4
DB03128,GRP
DB03128,CCL20
DB03128,NTS
DB03128,NMUR2
DB03128,CXCR2
DB03128,OXTR
DB03128,PENK
DB03128,UTS2R
DB03128,HTR1F
DB03128,F2R
DB03128,TAC1
DB03128,CCR8
DB03128,P2RY13
DB03128,GRM5
DB03128,NMUR1
DB03128,CCKAR
DB03128,F2RL1
DB03128,F2RL2
DB03128,CCR1
DB03128,GPR4
DB03128,PPBP
DB03128,LPAR5
DB03128,S1PR5
DB03128,PCSK1
DB03128,NPFFR2
DB03128,HTR1E
DB03128,LTB4R
DB03128,P2RY12
DB03128,CXCL11
DB03128,CXCL8
DB03128,FFAR3
DB03128,VAMP2
DB03128,HTR1A
DB03128,TAS2R60
DB03128,NPBWR1
DB03128,NPW
DB03128,GALR2
DB03128,GPR132
DB03128,RXFP3
DB03128,EDNRA
DB03128,P2RY14
DB03128,CXCL5
DB03128,CXCR1
DB03128,NTSR2
DB03128,TRH
DB03128,TACR3
DB03128,MTNR1A
DB03128,NOS3
DB03128,FPR1
DB03128,C3AR1
DB03128,PROKR1
DB03128,PTAFR
DB03128,TAC3
DB03128,GALR1
DB03128,AVPR1A
DB03128,OXGR1
DB03128,TACR1
DB03128,ADRA1B
DB03128,ACHE
DB03128,PNOC
DB03128,CXCL3
DB03128,CXCR6
DB03128,S1PR1
DB03128,PROK2
DB03128,ADCY9
DB03128,ADCY1
DB03128,SSTR5
DB03128,CXCL16
DB03128,HCRT
DB03128,PTGER1
DB03128,P2RY1
DB03128,CCR5
DB03128,CXCR5
DB03128,HTR5A
DB03128,RGS20
DB03128,GPER1
DB03128,CXCL10
DB03128,CPLX1
DB03128,CCR2
DB03128,ADORA1
DB03128,CCL19
DB03128,GPRC6A
DB03128,NPFF
DB03128,GAL
DB03128,SSTR4
DB03128,SNAP25
DB03128,ADCY7
DB03128,MLNR
DB03128,KISS1R
DB03128,SSTR1
DB03128,GRM6
DB03128,CXCL6
DB03128,PPY
DB03128,C5
DB03128,RAB3A
DB03128,OXT
DB03128,TAS2R8
DB03128,PDYN
DB03128,GNRHR
DB03128,PROKR2
DB03128,GPR65
DB03128,PROK1
DB03128,NMU
DB03128,BCHE
DB03128,POMC
DB03128,HTR2C
DB03128,APP
DB03128,GRM1
DB03128,CYSLTR2
DB03128,SLC44A3
DB03128,MCHR2
DB03128,PLCB3
DB03128,NPFFR1
DB03128,GNRH1
DB03128,AGTR1
DB03128,OPRK1
DB03128,ACKR3
DB03128,GPR17
DB03128,ADRA2A
DB03128,BDKRB1
DB03128,DRD4
DB03128,P2RY10
DB03128,NPY
DB03128,GHSR
DB03128,KALRN
DB03128,TAS2R9
DB03128,ADCY8
DB03128,CXCL13
DB03128,GAST
DB03128,PLCG1
DB03128,SST
DB03128,GRK2
DB03128,ADCY4
DB03128,ADCY6
DB03128,XCR1
DB03128,P2RY2
DB03128,TRHR
DB03128,P2RY6
DB03128,GNAI2
DB03128,C3
DB03128,GNRH2
DB03128,S1PR4
DB03128,GNA11
DB03128,UTS2
DB03128,HEBP1
DB03128,RGS2
DB03128,TAS2R10
DB03128,TAS2R16
DB03128,FFAR1
DB03128,GALR3
DB03128,MCHR1
DB03128,GNGT1
DB03128,F2RL3
DB03128,TAS2R5
DB03128,TAS2R4
DB03128,TAS2R3
DB03128,CCR7
DB03128,FFAR2
DB03128,TAS2R7
DB03128,LPAR1
DB03128,OPRD1
DB03147,IDH3A
DB03147,ACAD8
DB03147,UQCRFS1
DB03147,NDUFB8
DB03147,BCKDHA
DB03147,ECI1
DB03147,NDUFA5
DB03147,DNM2
DB03147,FMO1
DB03147,TST
DB03147,FAR1
DB03147,MT-ND6
DB03147,UQCRC2
DB03147,NDUFB10
DB03147,NDUFA9
DB03147,SQLE
DB03147,MCCC1
DB03147,SDHA
DB03147,MTRR
DB03147,MT-ND5
DB03147,AGXT
DB03147,MMADHC
DB03147,RRM1
DB03147,NDUFA12
DB03147,FLAD1
DB03147,ACOX1
DB03147,NDUFS6
DB03147,GPD2
DB03147,UQCRH
DB03147,COQ2
DB03147,GRHPR
DB03147,D2HGDH
DB03147,NDUFS8
DB03147,CIAO3
DB03147,CYC1
DB03147,BCKDHB
DB03147,NQO1
DB03147,LYPLA1
DB03147,MPC2
DB03147,AKT1
DB03147,NOS3
DB03147,NDUFV1
DB03147,HADHB
DB03147,AGPS
DB03147,NDUFV2
DB03147,SLC25A21
DB03147,CYCS
DB03147,ACOX2
DB03147,PDHB
DB03147,NDUFS4
DB03147,NUBP1
DB03147,UQCRB
DB03147,AIFM1
DB03147,ETHE1
DB03147,LSS
DB03147,BCAT2
DB03147,ACOX3
DB03147,PPOX
DB03147,PRODH
DB03147,CAT
DB03147,WASL
DB03147,PDK4
DB03147,NDUFAB1
DB03147,ABCD1
DB03147,DAO
DB03147,IDH3G
DB03147,AHCY
DB03147,HMOX1
DB03147,NDUFB7
DB03147,FMO2
DB03147,GDA
DB03147,ACADS
DB03147,NDUFB3
DB03147,NDUFB4
DB03147,ACP5
DB03147,HMOX2
DB03147,DLAT
DB03147,FDFT1
DB03147,DECR1
DB03147,GSR
DB03147,GCDH
DB03147,OGDH
DB03147,GLRX
DB03147,ACADL
DB03147,UQCRC1
DB03147,FAR2
DB03147,GFER
DB03147,NDUFC2
DB03147,MT-CYB
DB03147,ENPP3
DB03147,MICAL1
DB03147,PDHX
DB03147,RRM2
DB03147,MPC1
DB03147,CYB5R3
DB03147,COMT
DB03147,PNP
DB03147,NDUFV3
DB03147,ETFB
DB03147,DLST
DB03147,NDUFB2
DB03147,RNLS
DB03147,UQCR10
DB03147,COQ6
DB03147,MT-ND4L
DB03147,MT-ND1
DB03147,HSP90AA1
DB03147,NOS1
DB03147,MCCC2
DB03147,NQO2
DB03147,CAV1
DB03147,COXFA4
DB03147,MAOA
DB03147,CYB5A
DB03147,IL4I1
DB03147,PDK1
DB03147,ACADVL
DB03147,NDUFS3
DB03147,NDUFB1
DB03147,MT-ND2
DB03147,NDUFB5
DB03147,BRIP1
DB03147,FH
DB03147,CYBB
DB03147,COQ3
DB03147,DPYS
DB03147,CYBA
DB03147,NDUFA10
DB03147,NDUFB9
DB03147,XDH
DB03147,SQOR
DB03147,PAOX
DB03147,MAOB
DB03147,AOX1
DB03147,DBT
DB03147,RFK
DB03147,SDHD
DB03147,SDHB
DB03147,MT-ND3
DB03147,NDUFB11
DB03147,DPYD
DB03147,MMS19
DB03147,TXN
DB03147,PDHA1
DB03147,NDUFA1
DB03147,L2HGDH
DB03147,UQCRQ
DB03147,ACADM
DB03147,TXNRD1
DB03147,IMMT
DB03147,MTHFR
DB03147,REXO1L1P
DB03147,GNPAT
DB03147,ACAA1
DB03147,POR
DB03147,TPR
DB03147,NPTXR
DB03147,HAO1
DB03147,HSD17B6
DB03147,MRSD
DB03147,MTR
DB03147,NDOR1
DB03147,DLD
DB03147,MT-ND4
DB03147,FMO3
DB03147,ABCB7
DB03147,IDH3B
DB03147,ZDHHC21
DB03147,NDUFS5
DB03147,IVD
DB03147,ERCC2
DB03147,FDXR
DB03147,HADHA
DB03147,ETFA
DB03147,ETFDH
DB03147,CIAPIN1
DB03147,NDUFA13
DB03147,PDK2
DB03147,ACADSB
DB03147,AMACR
DB03147,TXN2
DB03147,NDUFS7
DB03147,BLVRB
DB03147,SUCLG1
DB03147,ECHS1
DB03147,TKFC
DB03147,RTEL1
DB03147,NDUFA11
DB03147,SLC22A2
DB03147,NDUFB6
DB03147,CIAO1
DB03147,NCF2
DB03147,GPX1
DB03147,SUCLG2
DB03147,NDUFS2
DB03147,SDHC
DB03147,NCF4
DB03147,MMACHC
DB03147,NDUFA6
DB03147,NDUFS1
DB03147,NOSTRIN
DB03147,TXNRD2
DB03147,CIAO2B
DB03147,NDUFA8
DB03147,POLD1
DB03147,NDUFA2
DB03147,NUBP2
DB03193,PPARA
DB03247,BLVRB
DB03247,NDUFA1
DB03247,NDUFS5
DB03247,CIAO3
DB03247,ENPP3
DB03247,NDOR1
DB03247,NDUFA10
DB03247,MT-CYB
DB03247,MT-ND6
DB03247,MT-ND1
DB03247,MT-ND4L
DB03247,MT-ND5
DB03247,MT-ND4
DB03247,NOS1
DB03247,POR
DB03247,MT-ND2
DB03247,MT-ND3
DB03247,PPCS
DB03247,NDUFB7
DB03247,MMS19
DB03247,DPYD
DB03247,NDUFA2
DB03247,NDUFS2
DB03247,NUBP1
DB03247,MTR
DB03247,CYCS
DB03247,UQCRFS1
DB03247,NDUFV1
DB03247,NDUFB10
DB03247,NDUFA8
DB03247,NOS3
DB03247,ZDHHC21
DB03247,DNM2
DB03247,RTEL1
DB03247,NDUFV2
DB03247,UQCR10
DB03247,CAV1
DB03247,NDUFB1
DB03247,NDUFA12
DB03247,NDUFA5
DB03247,NDUFAB1
DB03247,UQCRC1
DB03247,COXFA4
DB03247,HSP90AA1
DB03247,NDUFV3
DB03247,PPCDC
DB03247,ACP3
DB03247,NDUFB4
DB03247,RFK
DB03247,UQCRQ
DB03247,NDUFB6
DB03247,ERCC2
DB03247,CIAPIN1
DB03247,MMACHC
DB03247,CIAO2B
DB03247,NDUFA11
DB03247,SGK1
DB03247,NDUFS1
DB03247,HAO1
DB03247,NOSTRIN
DB03247,CIAO1
DB03247,NDUFA6
DB03247,NDUFA13
DB03247,COASY
DB03247,BRIP1
DB03247,ABCB7
DB03247,POLD1
DB03247,NDUFA9
DB03247,NDUFC2
DB03247,NDUFB9
DB03247,LOC105372824
DB03247,NDUFS4
DB03247,AHCY
DB03247,ACP5
DB03247,DHODH
DB03247,WASL
DB03247,FLAD1
DB03247,PNPO
DB03247,DAO
DB03247,NDUFB5
DB03247,NDUFB8
DB03247,UQCRC2
DB03247,AGXT
DB03247,UQCRB
DB03247,MMADHC
DB03247,PSMD14
DB03247,NUBP2
DB03247,UQCRH
DB03247,GPX1
DB03247,DPYS
DB03247,TPO
DB03247,SFRP1
DB03247,LYPLA1
DB03247,NDUFB2
DB03247,MTRR
DB03247,IYD
DB03247,NDUFS6
DB03247,CAD
DB03247,NDUFB11
DB03247,ACP1
DB03247,AKT1
DB03247,NDUFS3
DB03247,UMPS
DB03247,NDUFS7
DB03247,NDUFB3
DB03247,NDUFS8
DB03247,ACP4
DB03247,CYC1
DB03310,GSTM2
DB03310,GSR
DB03614,MTR
DB03615,P4HB
DB03619,ADCY2
DB03619,CALCA
DB03619,POMC
DB03619,NPSR1
DB03619,ADRB3
DB03619,GIP
DB03619,PTH2
DB03619,CALCR
DB03619,GSTP1
DB03619,GLP2R
DB03619,GNG2
DB03619,AVPR2
DB03619,MC2R
DB03619,GIPR
DB03619,NPS
DB03619,CRH
DB03619,ADCY7
DB03619,ADCY8
DB03619,CRHR2
DB03619,PTH2R
DB03619,SCT
DB03619,ADCY3
DB03619,MC1R
DB03619,ADCYAP1R1
DB03619,HTR7
DB03619,ADORA2A
DB03619,AVP
DB03619,PTHLH
DB03619,ADCY4
DB03619,VIP
DB03619,DRD5
DB03619,ADCY5
DB03619,RXFP1
DB03619,ADRB2
DB03619,PTH1R
DB03619,PTGDR
DB03619,VIPR1
DB03619,ADORA2B
DB03619,HTR6
DB03619,PTGER4
DB03619,GCG
DB03619,PTGIR
DB03619,ADCYAP1
DB03619,MC4R
DB03619,ADCY9
DB03619,RXFP2
DB03619,LHCGR
DB03619,ADCY1
DB03619,TSHR
DB03619,CALCB
DB03619,HTR4
DB03619,GHRHR
DB03619,GLP1R
DB03619,PTGER2
DB03619,ADRB1
DB03619,IAPP
DB03619,GHRH
DB03619,MC5R
DB03619,LINC02210-CRHR1
DB03619,GCGR
DB03619,FSHR
DB03619,NR1H4
DB03619,SCTR
DB03619,EGFR
DB03619,VIPR2
DB03619,GPBAR1
DB03619,PTH
DB03619,ADM
DB03619,ADM2
DB03619,ADCY6
DB03619,GSTO1
DB03619,GNAS
DB03619,HRH2
DB03619,MC3R
DB03619,TAAR1
DB03754,KYAT1
DB03754,CANT1
DB03754,AMD1
DB03754,NEIL1
DB03754,VEGFA
DB03754,GNE
DB03754,DCN
DB03754,TAF1
DB03754,UMPS
DB03754,PDSS1
DB03754,LCT
DB03754,HRAS
DB03756,PPARA
DB03756,ACOT8
DB03756,RXRB
DB03756,RXRA
DB03756,PPARG
DB03756,GCG
DB03756,PCSK1
DB03756,SCP2
DB03756,ACAA1
DB03756,FFAR4
DB03756,RXRG
DB03766,GPRC6A
DB03766,P2RY2
DB03766,TRHR
DB03766,TAC3
DB03766,PROKR1
DB03766,NMU
DB03766,GNRH1
DB03766,PROK1
DB03766,GPR65
DB03766,HTR2C
DB03766,NPFF
DB03766,AGTR1
DB03766,GPR17
DB03766,QRFP
DB03766,XCR1
DB03766,KISS1
DB03766,RGS18
DB03766,AGT
DB03766,NPSR1
DB03766,LPAR1
DB03766,FPR2
DB03766,NPFFR1
DB03766,LPAR6
DB03766,TAC1
DB03766,CPOX
DB03766,GFER
DB03766,CHRM1
DB03766,ADRA1B
DB03766,LTB4R
DB03766,NPFFR2
DB03766,GRM5
DB03766,NMUR1
DB03766,P2RY6
DB03766,PLCB3
DB03766,F2R
DB03766,GRPR
DB03766,GRP
DB03766,ANXA1
DB03766,NMBR
DB03766,HTR2B
DB03766,GNRH2
DB03766,GRK2
DB03766,EDN2
DB03766,GPR4
DB03766,AVP
DB03766,HRH1
DB03766,ADRA1D
DB03766,GPHN
DB03766,TRIO
DB03766,EDN1
DB03766,HTR2A
DB03766,NTS
DB03766,EDNRB
DB03766,CHRM3
DB03766,PLCB1
DB03766,MLNR
DB03766,GAST
DB03766,GNRHR
DB03766,KISS1R
DB03766,RGS2
DB03766,KALRN
DB03766,P2RY1
DB03766,GHSR
DB03766,FFAR2
DB03766,FFAR1
DB03766,F2RL3
DB03766,MCHR1
DB03766,GPX1
DB03766,ACSS2
DB03766,NMUR2
DB03766,PMCH
DB03766,OXT
DB03766,ADRA1A
DB03766,HCRTR1
DB03766,ARHGEF25
DB03766,CCK
DB03766,EDN3
DB03766,CASR
DB03766,GRK5
DB03766,XCL1
DB03766,MLN
DB03766,GCG
DB03766,LPAR2
DB03766,GCGR
DB03766,NMB
DB03766,NPS
DB03766,NTSR1
DB03766,TBXA2R
DB03766,GNG2
DB03766,NMS
DB03766,RGS19
DB03766,GPR68
DB03766,TACR2
DB03766,CYSLTR1
DB03766,UTS2B
DB03766,OPN4
DB03766,HCRTR2
DB03766,PTGFR
DB03766,GNA14
DB03766,LPAR3
DB03766,CHRM5
DB03766,QRFPR
DB03766,MTRNR2L2
DB03766,EDNRA
DB03766,SAA1
DB03766,MCHR2
DB03766,SLC5A8
DB03766,LTB4R2
DB03766,PROKR2
DB03766,CCKBR
DB03766,UTS2
DB03766,XCL2
DB03766,BDKRB1
DB03766,PLCB2
DB03766,PTAFR
DB03766,HCRT
DB03766,PTGER1
DB03766,CCKAR
DB03766,F2RL1
DB03766,UTS2R
DB03766,AVPR1A
DB03766,FFAR3
DB03766,TACR3
DB03766,LPAR5
DB03766,PIK3CA
DB03766,P2RY10
DB03766,GNAQ
DB03766,TACR1
DB03766,APP
DB03766,GPR132
DB03766,GRM1
DB03766,GNA11
DB03766,F2RL2
DB03766,PROK2
DB03766,TRH
DB03766,CYSLTR2
DB03766,NTSR2
DB03766,OXTR
DB03766,GNA15
DB03793,PRDX5
DB03793,RIDA
DB03793,RAB9A
DB03793,CPOX
DB03793,DAO
DB03793,SLC15A1
DB03796,CYP7A1
DB03796,GAST
DB03796,NPFFR1
DB03796,PAEP
DB03796,ALAS1
DB03796,F2R
DB03796,TRIO
DB03796,ADRA1B
DB03796,LYPLA1
DB03796,ACSL4
DB03796,NCOA1
DB03796,GPRC6A
DB03796,TAC1
DB03796,NCOR1
DB03796,GPR4
DB03796,MED13L
DB03796,GNG2
DB03796,CCKBR
DB03796,ARHGEF25
DB03796,CCK
DB03796,GRHL1
DB03796,GPR65
DB03796,ANGPTL4
DB03796,OXTR
DB03796,MCHR2
DB03796,AGTR1
DB03796,MED14
DB03796,UTS2R
DB03796,RGS19
DB03796,LRAT
DB03796,HTR2C
DB03796,TEAD2
DB03796,MED29
DB03796,EDNRA
DB03796,P2RY2
DB03796,GNRH1
DB03796,PMCH
DB03796,PLIN2
DB03796,GPR17
DB03796,PROK1
DB03796,CES2
DB03796,TRHR
DB03796,NPAS2
DB03796,GRK2
DB03796,PPARGC1B
DB03796,CCKAR
DB03796,MED9
DB03796,SLC27A2
DB03796,YAP1
DB03796,PROK2
DB03796,NCOA6
DB03796,PPT2
DB03796,GRM1
DB03796,GNPAT
DB03796,AGT
DB03796,MED21
DB03796,QRFP
DB03796,MED1
DB03796,APP
DB03796,MED7
DB03796,LPAR1
DB03796,FPR2
DB03796,FABP1
DB03796,NFYA
DB03796,MED27
DB03796,GIP
DB03796,G0S2
DB03796,HMGCR
DB03796,F2RL1
DB03796,TEAD4
DB03796,AVPR1A
DB03796,PPARG
DB03796,ACSL3
DB03796,ACSL6
DB03796,APOA4
DB03796,SDC3
DB03796,MED30
DB03796,NOS3
DB03796,GNAQ
DB03796,TNFRSF21
DB03796,TACR3
DB03796,XCR1
DB03796,CES1
DB03796,CYSLTR2
DB03796,LPAR6
DB03796,MED11
DB03796,ACSL5
DB03796,WWTR1
DB03796,HCRT
DB03796,F2RL2
DB03796,KISS1
DB03796,SAA1
DB03796,MED22
DB03796,SDC2
DB03796,SIN3A
DB03796,RLBP1
DB03796,UTS2B
DB03796,CYP4A11
DB03796,MED8
DB03796,UGT1A9
DB03796,TAC3
DB03796,ACOT4
DB03796,FHL2
DB03796,FAR1
DB03796,SREBF2
DB03796,TEAD3
DB03796,PTGER1
DB03796,NPSR1
DB03796,HMGCS1
DB03796,RHO
DB03796,FADS1
DB03796,MAPK8
DB03796,GPC2
DB03796,CHRM1
DB03796,PEX11A
DB03796,ABCA1
DB03796,GRP
DB03796,CD36
DB03796,RGS18
DB03796,CPT1A
DB03796,MED24
DB03796,GPC3
DB03796,HNF4G
DB03796,GPC5
DB03796,CREBBP
DB03796,GPC6
DB03796,RPE65
DB03796,SMARCD3
DB03796,NMS
DB03796,GNA14
DB03796,RORA
DB03796,ANKRD1
DB03796,LTB4R2
DB03796,GRK5
DB03796,PTGS2
DB03796,BMAL1
DB03796,XCL1
DB03796,EDNRB
DB03796,ACOT7
DB03796,HTR2A
DB03796,AGRN
DB03796,AGPS
DB03796,EDN1
DB03796,CCNC
DB03796,GPR68
DB03796,NMU
DB03796,CYP1A1
DB03796,PPARGC1A
DB03796,AVP
DB03796,ADRA1A
DB03796,CDK8
DB03796,MED20
DB03796,CHRM5
DB03796,ADRA1D
DB03796,ACOT1
DB03796,NMUR1
DB03796,TXNRD1
DB03796,CCN2
DB03796,TRAPPC3
DB03796,TACR2
DB03796,CLPS
DB03796,TGS1
DB03796,QRFPR
DB03796,NTSR2
DB03796,LRP8
DB03796,PLCB2
DB03796,MED18
DB03796,RGS2
DB03796,MED12
DB03796,KISS1R
DB03796,APOB
DB03796,CYSLTR1
DB03796,HSPG2
DB03796,HCRTR1
DB03796,PIK3CA
DB03796,PROKR1
DB03796,SDC4
DB03796,LDLR
DB03796,P2RY1
DB03796,CHD9
DB03796,TACR1
DB03796,MTRNR2L2
DB03796,ANXA1
DB03796,NMBR
DB03796,FFAR4
DB03796,NCOA3
DB03796,OPN4
DB03796,HTR2B
DB03796,EDN2
DB03796,MED4
DB03796,NMB
DB03796,ACSBG1
DB03796,FASN
DB03796,CLOCK
DB03796,CPT2
DB03796,RBP1
DB03796,LRP1
DB03796,GNRH2
DB03796,FFAR2
DB03796,FAR2
DB03796,P2RY10
DB03796,NPS
DB03796,GNA11
DB03796,UTS2
DB03796,FFAR1
DB03796,MED13
DB03796,PTGFR
DB03796,GPC4
DB03796,HCRTR2
DB03796,NTSR1
DB03796,F2RL3
DB03796,APOA2
DB03796,GCGR
DB03796,BDKRB1
DB03796,TRIB3
DB03796,PCSK1
DB03796,MED19
DB03796,PTAFR
DB03796,NPFFR2
DB03796,PLB1
DB03796,LTB4R
DB03796,GPR132
DB03796,ACOT8
DB03796,P2RY6
DB03796,FFAR3
DB03796,CES4A
DB03796,ABCB4
DB03796,LPAR3
DB03796,OXT
DB03796,PROKR2
DB03796,LPAR5
DB03796,NPFF
DB03796,MLNR
DB03796,NOS2
DB03796,MED25
DB03796,MED31
DB03796,NRF1
DB03796,HMGCS2
DB03796,ME1
DB03796,XCL2
DB03796,PPARA
DB03796,GNA15
DB03796,APOA5
DB03796,MED15
DB03796,SCD
DB03796,SULT2A1
DB03796,TRH
DB03796,GRM5
DB03796,MED26
DB03796,FDFT1
DB03796,GNRHR
DB03796,EP300
DB03796,HRH1
DB03796,CYP2C8
DB03796,RGL1
DB03796,HDAC3
DB03796,CARM1
DB03796,MED16
DB03796,SP1
DB03796,HIF1A
DB03796,NCOR2
DB03796,RBP2
DB03796,GPC1
DB03796,MAPK14
DB03796,CASR
DB03796,CDK19
DB03796,CES5A
DB03796,MYO7A
DB03796,LPAR2
DB03796,PLCB1
DB03796,PNLIP
DB03796,APOC3
DB03796,ACSL1
DB03796,FABP4
DB03796,ACADM
DB03796,NTS
DB03796,APOE
DB03796,TBL1XR1
DB03796,TNF
DB03796,MED10
DB03796,CHRM3
DB03796,NMUR2
DB03796,NFYC
DB03796,SLC27A1
DB03796,NCOA2
DB03796,SEC14L2
DB03796,GRPR
DB03796,EDN3
DB03796,PMP2
DB03796,FABP2
DB03796,HELZ2
DB03796,FABP5
DB03796,SDC1
DB03796,PLCB3
DB03796,FABP3
DB03796,MED23
DB03796,TLR2
DB03796,GHSR
DB03796,NFYB
DB03796,ACOT2
DB03796,APOA1
DB03796,TBXA2R
DB03796,MAPK9
DB03796,MLN
DB03796,MCHR1
DB03796,KALRN
DB03796,GCG
DB03796,RXRA
DB03796,MED6
DB03796,PPT1
DB03796,MED17
DB03796,GLIPR1
DB03843,CYP2U1
DB03843,ALKBH3
DB03843,ALKBH5
DB03843,KMT5A
DB03843,CYP2A6
DB03843,ADH1B
DB03843,KDM2A
DB03843,CBR3
DB03843,ALDH3B2
DB03843,PIPOX
DB03843,ALKBH7
DB03843,ADH5
DB03843,ALKBH4
DB03843,TPMT
DB03843,AKR1A1
DB03843,DHRS4
DB03843,ALDH2
DB03843,POR
DB03843,AOC3
DB03843,ADH7
DB03843,CBR1
DB03843,CYP2S1
DB03843,AOC2
DB03843,TNF
DB03843,ALKBH8
DB03843,MBD2
DB03843,ALKBH1
DB03843,ADH4
DB03843,ODC1
DB03843,ALDH3A1
DB03843,ADH6
DB03843,DMGDH
DB03843,CAT
DB03843,ALDH9A1
DB03843,MAOA
DB03843,ALDH1L2
DB03843,AOX1
DB03843,SARDH
DB03843,ALDH1B1
DB03843,MAOB
DB03843,CYP2C19
DB03843,KDM2B
DB03843,ALDH3A2
DB03843,CYP4X1
DB03843,CYP1A2
DB03843,ALKBH2
DB03929,NR0B2
DB03929,GLRA1
DB03929,GRIN1
DB04160,ADSS2
DB04160,FDPS
DB04160,BEX3
DB04173,FHIT
DB04209,KCNMA1
DB04209,KCNN3
DB04272,CTDSP1
DB04272,CNPY3-GNMT
DB04272,PLEKHA1
DB04272,UCK2
DB04272,ACO2
DB04272,RIMKLB
DB04272,PDE5A
DB04272,APRT
DB04272,SRC
DB04272,GNMT
DB04272,ANG
DB04272,HS3ST3A1
DB04272,GMPS
DB04272,GNPTAB
DB04272,BLM
DB04272,RNASE4
DB04272,BHMT
DB04272,CPB1
DB04272,AKR1B1
DB04272,RTCA
DB04272,C8G
DB04272,RPIA
DB04272,RNASE1
DB04272,TNFSF13B
DB04272,ITPA
DB04272,CLYBL
DB04272,IDH3B
DB04272,SLC35G3
DB04272,IDH3A
DB04272,RNASE3
DB04272,FASN
DB04272,ACLY
DB04272,CS
DB04272,ACO1
DB04272,MDH2
DB04272,PCK2
DB04272,HGS
DB04272,IDH2
DB04272,IDH3G
DB04272,CA4
DB04272,MIF
DB04272,TPSG1
DB04272,SLC13A5
DB04272,GPI
DB04272,SLC13A2
DB04272,AKR7A2
DB04272,SLC25A1
DB04272,ERVW-4
DB04272,EDA
DB04339,GSTP1
DB04339,GCNT3
DB04348,NR1H4
DB04348,FABP6
DB04398,CCR10
DB04398,PENK
DB04398,GALR2
DB04398,AGT
DB04398,CCR8
DB04398,GNAT3
DB04398,CCL28
DB04398,PRH1-TAS2R14
DB04398,PYY
DB04398,MPC1
DB04398,DRD2
DB04398,CXCL9
DB04398,CNR1
DB04398,NPY5R
DB04398,OPRL1
DB04398,CCR9
DB04398,GNG2
DB04398,BSG
DB04398,HTR1E
DB04398,TAS2R40
DB04398,TAS2R1
DB04398,GRM7
DB04398,DRD3
DB04398,LPAR2
DB04398,TAS2R42
DB04398,ADCY2
DB04398,LPAR1
DB04398,GRM3
DB04398,S1PR5
DB04398,RXFP3
DB04398,RXFP4
DB04398,RGS10
DB04398,PDYN
DB04398,CCL20
DB04398,C5
DB04398,BDKRB1
DB04398,DRD4
DB04398,HEBP1
DB04398,SUCNR1
DB04398,GNAI3
DB04398,CHRM2
DB04398,HRH3
DB04398,HTR1B
DB04398,CNR2
DB04398,CCR3
DB04398,GPR18
DB04398,HAGHL
DB04398,LPAR3
DB04398,RGS7
DB04398,AGTR2
DB04398,CXCR3
DB04398,GRM4
DB04398,PTGER3
DB04398,CXCL12
DB04398,HAGH
DB04398,CXCL1
DB04398,NPY4R
DB04398,GNAI1
DB04398,SAA1
DB04398,GRM2
DB04398,P2RY14
DB04398,LPAR5
DB04398,SLC16A3
DB04398,RGS14
DB04398,ADRA2C
DB04398,MTNR1B
DB04398,TAS2R30
DB04398,PPBP
DB04398,NMU
DB04398,CXCL3
DB04398,CXCR1
DB04398,CCR2
DB04398,CCR5
DB04398,CXCL16
DB04398,SSTR5
DB04398,LDHAL6A
DB04398,RGS20
DB04398,ADCY1
DB04398,LDHC
DB04398,POMC
DB04398,NMS
DB04398,CXCR5
DB04398,NMUR2
DB04398,MTNR1A
DB04398,ADCY7
DB04398,GAL
DB04398,GALR3
DB04398,MCHR1
DB04398,TAS2R5
DB04398,TAS2R4
DB04398,TAS2R3
DB04398,CCR7
DB04398,S1PR4
DB04398,TAS2R16
DB04398,P2RY4
DB04398,C5AR1
DB04398,LDHAL6B
DB04398,SSTR4
DB04398,FPR3
DB04398,HTR5A
DB04398,CXCL13
DB04398,APLNR
DB04398,ANXA1
DB04398,CCL21
DB04398,FPR1
DB04398,C3
DB04398,ADCY9
DB04398,GRM6
DB04398,CXCL11
DB04398,PPY
DB04398,CXCL6
DB04398,CXCL8
DB04398,NMUR1
DB04398,LDHB
DB04398,GRM8
DB04398,SST
DB04398,OPRD1
DB04398,TAS2R8
DB04398,CXCL10
DB04398,TAS2R10
DB04398,TAS2R7
DB04398,TAS2R9
DB04398,S1PR1
DB04398,NPY
DB04398,CCL27
DB04398,ADCY3
DB04398,SLC16A7
DB04398,CCR1
DB04398,MCHR2
DB04398,APP
DB04398,ADCY8
DB04398,CXCR6
DB04398,SSTR1
DB04398,MPC2
DB04398,GPR17
DB04398,TAS2R31
DB04398,ADCY5
DB04398,CASR
DB04398,SLC5A8
DB04398,TAS2R50
DB04398,TMIGD3
DB04398,CXCL2
DB04398,TAS2R43
DB04398,GNAI2
DB04398,NPBWR2
DB04398,TAS2R46
DB04398,TAS2R38
DB04398,TAS2R20
DB04398,SLC16A1
DB04398,NPW
DB04398,RGS19
DB04398,ADCY6
DB04398,RGS6
DB04398,ADCY4
DB04398,HCAR3
DB04398,GPR55
DB04398,HCAR2
DB04398,MTRNR2L2
DB04398,ADORA1
DB04398,SLC22A12
DB04398,HTR1A
DB04398,HRH4
DB04398,SLC16A8
DB04398,OXER1
DB04398,HTR1F
DB04398,TAS2R13
DB04398,CCL19
DB04398,CHRM4
DB04398,TAS2R39
DB04398,ACKR3
DB04398,C3AR1
DB04398,PNOC
DB04398,LDHD
DB04398,GALR1
DB04398,ADRA2A
DB04398,RGS18
DB04398,PTGDR2
DB04398,NPB
DB04398,CCR6
DB04398,FPR2
DB04398,OXGR1
DB04398,CCR4
DB04398,NPY2R
DB04398,SSTR2
DB04398,P2RY13
DB04398,GPER1
DB04398,TAS2R19
DB04398,LDHA
DB04398,OPRM1
DB04398,CXCR4
DB04398,CCL25
DB04398,RGS4
DB04398,CXCR2
DB04398,OPRK1
DB04398,PMCH
DB04398,NPY1R
DB04398,P2RY12
DB04398,S1PR3
DB04398,RGS1
DB04398,TAS2R60
DB04398,NPBWR1
DB04398,TAS2R41
DB04398,CXCL5
DB04465,LGALS3
DB04465,GLTP
DB04540,LEP
DB04540,RBP1
DB04540,SDC1
DB04540,CRP
DB04540,FABP4
DB04540,CYP8B1
DB04540,APOA2
DB04540,RBP2
DB04540,CYP27A1
DB04540,APOE
DB04540,APOB
DB04540,HSD3B7
DB04540,CYP46A1
DB04540,INSIG2
DB04540,PCSK9
DB04540,LIPE
DB04540,LRP1
DB04540,APOA1
DB04540,STARD5
DB04540,SDC2
DB04540,SCARB1
DB04540,LRP8
DB04540,STAR
DB04540,SDC4
DB04540,PTPN11
DB04540,CAV1
DB04540,LIPA
DB04540,LRAT
DB04540,SULT2B1
DB04540,GPC6
DB04540,GPC5
DB04540,ABCA1
DB04540,CD36
DB04540,AGRN
DB04540,HSPG2
DB04540,APOA4
DB04540,SAR1B
DB04540,SOAT2
DB04540,NPC1L1
DB04540,PTPN6
DB04540,CETP
DB04540,BPNT1
DB04540,GPC1
DB04540,MTTP
DB04540,ABCG8
DB04540,APOL1
DB04540,NPC1
DB04540,CYP11A1
DB04540,CYP7B1
DB04540,VDR
DB04540,SCAP
DB04540,OLR1
DB04540,SCARB2
DB04540,INSIG1
DB04540,LIPC
DB04540,DHCR7
DB04540,SDC3
DB04540,NOS3
DB04540,ALB
DB04540,GPC2
DB04540,SREBF1
DB04540,POR
DB04540,HPR
DB04540,GPC3
DB04540,APOF
DB04540,CEL
DB04540,CH25H
DB04540,APOA5
DB04540,SREBF2
DB04540,LDLR
DB04540,ABCG1
DB04540,APOC3
DB04540,MAPK14
DB04540,SOAT1
DB04540,DHCR24
DB04540,STS
DB04540,P4HB
DB04540,HMGCR
DB04540,LDLRAP1
DB04540,CYP7A1
DB04540,LCAT
DB04540,FGR
DB04540,GPC4
DB04540,LPA
DB04540,ABCA3
DB04564,LCT
DB04573,HSD17B1
DB04573,ESR1
DB04573,UGT2B11
DB04573,ESR2
DB04573,UGT2B4
DB04573,SHBG
DB04573,HSD17B8
DB04573,UGT1A10
DB04573,HSD17B6
DB04573,UGT1A3
DB04573,UGT2B17
DB04573,UGT2B15
DB04573,CYP1A1
DB04573,UGT1A8
DB04573,UGT1A7
DB04573,HSD17B2
DB04573,HSD17B12
DB04573,UGT2A3
DB04573,UGT1A6
DB04573,UGT1A9
DB04573,UGT2B7
DB04573,HSD17B7
DB04573,UGT1A5
DB04573,UGT1A4
DB04573,UGT2B10
DB04574,SLC22A11
DB04574,SLCO1B1
DB04574,ESR2
DB04574,SLCO2B1
DB04574,BPNT1
DB04574,SLC22A7
DB04574,ABCC1
DB04574,ESR1
DB04574,SULT1E1
DB04575,ESR1
DB04657,SDHA
DB04703,AURKB
DB04703,MMP9
DB04711,ALB
DB04711,CFB
DB04743,MPO
DB04743,PTGS2
DB04743,LTF
DB04743,PLA2G2E
DB04794,CYP51A1
DB04794,CYP2B6
DB04794,CYP17A1
DB04813,SLC22A1
DB04813,SLC22A3
DB04813,SLC47A2
DB04813,SLC47A1
DB04813,SLC22A2
DB04817,PTGS1
DB04820,MAOA
DB04820,COMT
DB04820,MAOB
DB04821,HTR1A
DB04821,SLC6A3
DB04821,SLC6A2
DB04821,SLC6A4
DB04821,SLC18A2
DB04821,MPO
DB04821,HRH1
DB04821,MAOA
DB04821,MAOB
DB04824,SHBG
DB04824,ESR1
DB04824,NR1I2
DB04824,TYMS
DB04825,CALM1
DB04832,SLC6A4
DB04832,MAOB
DB04832,MAOA
DB04832,DRD2
DB04834,CHRM2
DB04835,CCR5
DB04837,HRH1
DB04838,CACNA2D1
DB04838,CES1
DB04839,AR
DB04840,SLC6A2
DB04841,CACNA1H
DB04841,CACNA1G
DB04841,CACNA1B
DB04841,CACNA1I
DB04841,HRH1
DB04841,OPRK1
DB04841,OPRD1
DB04841,OPRM1
DB04841,CALM1
DB04842,HTR2A
DB04842,ADRB1
DB04842,HRH1
DB04842,ADRA2A
DB04842,DRD3
DB04842,DRD4
DB04842,ADRA2B
DB04842,ADRA2C
DB04842,HTR1A
DB04842,KCNH2
DB04842,CACNG1
DB04842,HTR1B
DB04842,OPRL1
DB04842,ADRB2
DB04842,HTR6
DB04842,DRD2
DB04842,SLC6A4
DB04842,HTR1E
DB04842,TBXA2R
DB04842,HTR1D
DB04842,HTR2B
DB04843,CHRM1
DB04843,CHRM3
DB04843,CHRM2
DB04844,SLC18A1
DB04844,SLC18A2
DB04844,DRD2
DB04845,TUBB3
DB04846,ADRA2B
DB04846,ADRB3
DB04846,ADRA2A
DB04846,ADRA2C
DB04846,ADRB1
DB04846,ADRB2
DB04854,XDH
DB04855,KCNQ1
DB04855,KCNK2
DB04855,SCN5A
DB04855,ADRA1D
DB04855,CACNB4
DB04855,CACNB2
DB04855,KCNJ3
DB04855,CACNA1C
DB04855,ADRA2A
DB04855,KCNH2
DB04855,CACNA1D
DB04855,CACNB3
DB04855,ADRA2B
DB04855,ADRB1
DB04855,ADRA2C
DB04855,CACNA1S
DB04855,CACNB1
DB04855,KCNA5
DB04855,CACNA1F
DB04855,ADRA1B
DB04855,SLC8A1
DB04855,ADRA1A
DB04855,THRA
DB04861,ADRB2
DB04861,NOS3
DB04861,ADRB3
DB04861,HTR1A
DB04861,ADRB1
DB04864,ACHE
DB04868,LYN
DB04868,CDC42BPB
DB04868,KIT
DB04868,ABL1
DB04868,DDR2
DB04868,EPHB2
DB04868,DDR1
DB04868,ABCG2
DB04868,EPHB3
DB04868,PDGFRB
DB04868,PDGFRA
DB04868,CA14
DB04868,ABL2
DB04868,EPHA6
DB04868,YES1
DB04868,CLK4
DB04868,EPHA8
DB04868,CA5A
DB04868,TIE1
DB04868,FLT3
DB04868,CSK
DB04868,FRK
DB04868,CA7
DB04868,MAPK8
DB04868,MAPK9
DB04868,CLK1
DB04868,BLK
DB04868,MAPK10
DB04868,EPHA5
DB04868,EPHB4
DB04868,EPHB1
DB04868,EPHA4
DB04868,TEK
DB04868,MAP2K5
DB04868,MAPK11
DB04868,NTRK3
DB04868,MAPK14
DB04868,EPHA3
DB04868,EPHA2
DB04868,CA6
DB04868,TAOK3
DB04868,MAP4K1
DB04868,CA3
DB04868,CSF1R
DB04868,FYN
DB04868,LCK
DB04868,RAF1
DB04868,PIP4K2C
DB04868,CA2
DB04868,CA1
DB04868,STK10
DB04868,CA12
DB04868,NTRK2
DB04868,EPHB6
DB04868,MAP3K20
DB04868,RET
DB04868,HCK
DB04868,FGR
DB04868,SRC
DB04868,TNNI3K
DB04868,BRAF
DB04868,EPHA1
DB04868,CA4
DB04868,TAOK1
DB04868,CA9
DB04871,HTR2C
DB04876,DPP4
DB04876,DPP8
DB04876,FAP
DB04876,DPP9
DB04876,GCG
DB04880,PDE3A
DB04890,HRH1
DB04895,NRP1
DB04896,SLC6A2
DB04896,SLC6A4
DB04898,F2
DB04899,NPR1
DB04899,NPR3
DB04899,NPR2
DB04908,HTR1A
DB04908,HTR2A
DB04908,DRD4
DB04920,CACNA1F
DB04920,CACNA1D
DB04920,CACNA1C
DB04920,CACNA1S
DB04930,ESR1
DB04930,SCN1A
DB04930,CYP3A4
DB04930,NR1I2
DB04931,MC3R
DB04931,MC1R
DB04931,MC5R
DB04931,MC4R
DB04932,ADORA1
DB04932,ADORA2A
DB04932,ADORA2B
DB04938,ESR1
DB04941,CFTR
DB04946,DRD1
DB04946,ADRA2A
DB04946,HTR1B
DB04946,ADRA2C
DB04946,DRD3
DB04946,DRD4
DB04946,HTR7
DB04946,HTR2C
DB04946,HRH1
DB04946,HTR6
DB04946,DRD2
DB04946,DRD5
DB04946,HTR1A
DB04946,HTR2A
DB04946,ADRA1A
DB04946,ADRA2B
DB04946,CHRM1
DB04946,CHRM4
DB04946,SIGMAR1
DB04946,SLC6A2
DB04946,HTR1D
DB04946,CHRM2
DB04946,SLC6A3
DB04948,ADRA2A
DB04948,ADRA2B
DB04948,HTR7
DB04948,ADRA2C
DB04948,ADRA1A
DB04948,HTR1D
DB04948,HTR1A
DB04948,HTR2C
DB04951,FURIN
DB04953,KCNQ5
DB04953,KCNQ2
DB04953,KCNQ4
DB04953,KCNQ3
DB05013,PRKCD
DB05013,PRKCE
DB05013,PRKCA
DB05013,PRKCB
DB05013,PRKCG
DB05015,HDAC1
DB05015,AKT1
DB05015,UGT1A6
DB05018,GLA
DB05039,ADRB2
DB05039,ADRB1
DB05057,CAT
DB05057,MPO
DB05084,PTH1R
DB05099,FGA
DB05109,CCNG2
DB05109,NR1I2
DB05109,ABCB1
DB05109,CYP2C9
DB05219,PDE4C
DB05219,PDE4B
DB05219,PDE4D
DB05219,PDE4A
DB05239,MAP2K1
DB05246,CACNA1G
DB05260,IL1B
DB05260,ATP6V1B2
DB05260,BGLAP
DB05260,RRM2
DB05271,HTR1A
DB05271,DRD5
DB05271,DRD3
DB05271,DRD1
DB05271,DRD4
DB05271,DRD2
DB05271,ADRA2B
DB05294,KIT
DB05294,FGFR2
DB05294,EPHA3
DB05294,FGFR1
DB05294,ERBB3
DB05294,EPHA2
DB05294,PHKG2
DB05294,RPS6KB1
DB05294,FGFR3
DB05294,FGFR4
DB05294,FLT1
DB05294,SRC
DB05294,FLT3
DB05294,FLT4
DB05294,ERBB4
DB05294,EPHA7
DB05294,PHKG1
DB05294,MAP3K19
DB05294,ULK3
DB05294,MINK1
DB05294,STK35
DB05294,STK32A
DB05294,MAP4K1
DB05294,SLK
DB05294,MKNK2
DB05294,IRAK4
DB05294,EPHA6
DB05294,TNIK
DB05294,SIK3
DB05294,MAP4K5
DB05294,MAP3K4
DB05294,PTK6
DB05294,EPHA8
DB05294,MAP2K5
DB05294,MAP4K2
DB05294,KDR
DB05294,FGR
DB05294,CSK
DB05294,ABL2
DB05294,FRK
DB05294,CSNK1E
DB05294,CDK7
DB05294,IRAK1
DB05294,EPHA5
DB05294,EPHB4
DB05294,EPHB1
DB05294,EPHA4
DB05294,HUNK
DB05294,RIPK4
DB05294,TEK
DB05294,MST1R
DB05294,BTK
DB05294,PRKAA1
DB05294,PDGFRB
DB05294,LYN
DB05294,MET
DB05294,VEGFA
DB05294,ABL1
DB05294,EGFR
DB05294,RET
DB05294,HCK
DB05294,BMPR1B
DB05294,PLK4
DB05294,EPHB6
DB05294,YES1
DB05294,CSF1R
DB05294,FYN
DB05294,LCK
DB05294,STK10
DB05294,ROCK2
DB05294,GAK
DB05294,RIPK2
DB05299,IL2
DB05311,KLKB1
DB05316,HTR2A
DB05316,HTR2C
DB05316,DRD2
DB05332,MPL
DB05351,DDAH1
DB05351,ATP4A
DB05351,ATP4B
DB05381,HRH1
DB05381,HRH4
DB05381,HRH3
DB05381,HRH2
DB05381,GRP
DB05381,QRFPR
DB05381,SAA1
DB05381,GNAI1
DB05381,GPR18
DB05381,ADRB3
DB05381,GRM8
DB05381,LPAR6
DB05381,QRFP
DB05381,CALCB
DB05381,ADCY2
DB05381,C5AR1
DB05381,DRD4
DB05381,SCT
DB05381,AGTR2
DB05381,GNAI3
DB05381,HTR1B
DB05381,NTSR1
DB05381,OXGR1
DB05381,LPAR3
DB05381,P2RY10
DB05381,FPR3
DB05381,CRHR2
DB05381,UTS2B
DB05381,NPSR1
DB05381,PYY
DB05381,HEBP1
DB05381,AVPR1A
DB05381,HTR4
DB05381,AOC1
DB05381,SCTR
DB05381,UTS2
DB05381,GNA11
DB05381,CCL28
DB05381,SSTR2
DB05381,GIP
DB05381,PTGER3
DB05381,TRIO
DB05381,TAC3
DB05381,NPY5R
DB05381,CCR6
DB05381,FPR2
DB05381,PTGFR
DB05381,CALCR
DB05381,HCRTR2
DB05381,OXT
DB05381,KISS1
DB05381,VIP
DB05381,RGS1
DB05381,RGS18
DB05381,XCL1
DB05381,RXFP4
DB05381,RGS10
DB05381,ADRB1
DB05381,CNR1
DB05381,PLCB1
DB05381,HTR7
DB05381,GRK2
DB05381,CCL19
DB05381,GPRC6A
DB05381,P2RY6
DB05381,TRHR
DB05381,P2RY2
DB05381,XCR1
DB05381,GALR3
DB05381,SLC22A1
DB05381,AGT
DB05381,RGS7
DB05381,PDYN
DB05381,OPN4
DB05381,MLNR
DB05381,EDN2
DB05381,GLP1R
DB05381,CYSLTR1
DB05381,RXFP2
DB05381,TSHR
DB05381,TACR2
DB05381,NPBWR2
DB05381,TMIGD3
DB05381,BDKRB1
DB05381,SLC22A2
DB05381,PROKR2
DB05381,NPY1R
DB05381,DRD2
DB05381,CXCL9
DB05381,SUCNR1
DB05381,GRM3
DB05381,GNAS
DB05381,LPAR1
DB05381,GALR1
DB05381,CCL20
DB05381,VIPR2
DB05381,HCRT
DB05381,OPRK1
DB05381,PLCB2
DB05381,SST
DB05381,GAL
DB05381,CCL27
DB05381,TAS2R5
DB05381,POMC
DB05381,NPFF
DB05381,GPR65
DB05381,CCL21
DB05381,HTR2B
DB05381,HDC
DB05381,ADCY3
DB05381,SLC18A2
DB05381,TAAR1
DB05381,MCHR2
DB05381,SSTR1
DB05381,NMU
DB05381,GLP2R
DB05381,GNA15
DB05381,ADCY8
DB05381,MCHR1
DB05381,GNRH1
DB05381,CCKAR
DB05381,F2RL3
DB05381,SLC18A1
DB05381,CCR2
DB05381,MTNR1B
DB05381,CRH
DB05381,PTGER1
DB05381,NMBR
DB05381,NTSR2
DB05381,SSTR5
DB05381,CXCR5
DB05381,CXCL13
DB05381,ADCY9
DB05381,LHCGR
DB05381,PIK3CA
DB05381,NPFFR1
DB05381,ADM
DB05381,CCR5
DB05381,TAS2R4
DB05381,AOC2
DB05381,SSTR4
DB05381,HTR6
DB05381,CXCL16
DB05381,AGTR1
DB05381,ACKR3
DB05381,HTR5A
DB05381,PTH2R
DB05381,GPR17
DB05381,PROK1
DB05381,ANXA1
DB05381,TACR1
DB05381,PTGER2
DB05381,HCRTR1
DB05381,MC4R
DB05381,CCR9
DB05381,GRM7
DB05381,DDC
DB05381,S1PR3
DB05381,NTS
DB05381,ADCY6
DB05381,CCR7
DB05381,GRM1
DB05381,ADCY7
DB05381,GNRH2
DB05381,S1PR4
DB05381,APLNR
DB05381,PTH2
DB05381,HTR2C
DB05381,PLCB3
DB05381,FFAR2
DB05381,HNMT
DB05381,GNAQ
DB05381,ADRA2A
DB05381,TAS2R16
DB05381,APP
DB05381,FFAR1
DB05381,CYSLTR2
DB05381,TAS2R3
DB05381,PTH
DB05381,CHRM3
DB05381,PTGIR
DB05381,NMUR2
DB05381,ADCY4
DB05381,AVPR2
DB05381,P2RY14
DB05381,MTRNR2L2
DB05381,TAS2R10
DB05381,IAPP
DB05381,TAS2R7
DB05381,TAS2R9
DB05381,PPBP
DB05381,CXCL3
DB05381,TAS2R8
DB05381,CXCL5
DB05381,CXCR1
DB05381,KALRN
DB05381,GHSR
DB05381,NPY
DB05381,MC3R
DB05381,GIPR
DB05381,GHRH
DB05381,TAS2R46
DB05381,F2RL2
DB05381,PROK2
DB05381,ADM2
DB05381,GPR68
DB05381,GNRHR
DB05381,TAS2R43
DB05381,TBXA2R
DB05381,GCG
DB05381,LTB4R2
DB05381,GNAT3
DB05381,CXCL12
DB05381,PTHLH
DB05381,ADCYAP1R1
DB05381,GNAI2
DB05381,NPS
DB05381,LINC02210-CRHR1
DB05381,GCGR
DB05381,CXCR4
DB05381,LPAR2
DB05381,FSHR
DB05381,ADRA2C
DB05381,TAS2R41
DB05381,TAS2R40
DB05381,RGS14
DB05381,HCAR3
DB05381,CCR3
DB05381,TAS2R20
DB05381,PRH1-TAS2R14
DB05381,GPER1
DB05381,P2RY4
DB05381,ADCY1
DB05381,TAS2R19
DB05381,CCL25
DB05381,HCAR2
DB05381,DRD3
DB05381,CHRM5
DB05381,TAS2R1
DB05381,ADRA1A
DB05381,GRM2
DB05381,GNA14
DB05381,OXER1
DB05381,RGS20
DB05381,CNR2
DB05381,GPR55
DB05381,TAS2R13
DB05381,GRK5
DB05381,NMB
DB05381,GRPR
DB05381,GPBAR1
DB05381,ADRA1D
DB05381,HTR2A
DB05381,TAS2R30
DB05381,F2RL1
DB05381,GRM6
DB05381,RGS2
DB05381,IL4
DB05381,TAS2R38
DB05381,RGS6
DB05381,KISS1R
DB05381,OPRD1
DB05381,MC1R
DB05381,CXCL1
DB05381,TAS2R39
DB05381,CCR1
DB05381,AVP
DB05381,NMS
DB05381,EDNRB
DB05381,TAS2R31
DB05381,CSF2
DB05381,EDN1
DB05381,CXCL2
DB05381,CASR
DB05381,P2RY12
DB05381,LTB4R
DB05381,GPR4
DB05381,GHRHR
DB05381,EDN3
DB05381,TAS2R42
DB05381,PMCH
DB05381,CCR10
DB05381,NPY2R
DB05381,CCR4
DB05381,NPB
DB05381,PTGDR2
DB05381,RGS19
DB05381,MC2R
DB05381,GNG2
DB05381,GAST
DB05381,CCKBR
DB05381,ARHGEF25
DB05381,CCK
DB05381,C3AR1
DB05381,ADORA2A
DB05381,PTAFR
DB05381,PNOC
DB05381,CXCL11
DB05381,PTGDR
DB05381,ADRA1B
DB05381,TRH
DB05381,EDNRA
DB05381,HTR1A
DB05381,TACR3
DB05381,RXFP1
DB05381,PTGER4
DB05381,MTNR1A
DB05381,MC5R
DB05381,CXCR2
DB05381,ADORA1
DB05381,NPFFR2
DB05381,CHRM2
DB05381,OPRL1
DB05381,DRD5
DB05381,CXCR6
DB05381,ADORA2B
DB05381,P2RY1
DB05381,ADRB2
DB05381,S1PR1
DB05381,CXCL10
DB05381,NMUR1
DB05381,GRM5
DB05381,HTR1E
DB05381,CHRM1
DB05381,CXCL8
DB05381,PROKR1
DB05381,TAS2R50
DB05381,CALCA
DB05381,P2RY13
DB05381,NPBWR1
DB05381,GPR132
DB05381,GALR2
DB05381,CXCR3
DB05381,XCL2
DB05381,GRM4
DB05381,CHRM4
DB05381,RXFP3
DB05381,OPRM1
DB05381,PPY
DB05381,CXCL6
DB05381,RGS4
DB05381,NPY4R
DB05381,ADCYAP1
DB05381,MLN
DB05381,ADCY5
DB05381,C5
DB05381,S1PR5
DB05381,C3
DB05381,FPR1
DB05381,LPAR5
DB05381,TAS2R60
DB05381,CCR8
DB05381,TAC1
DB05381,F2R
DB05381,PTH1R
DB05381,HTR1F
DB05381,NOS2
DB05381,FFAR3
DB05381,UTS2R
DB05381,PENK
DB05381,OXTR
DB05381,VIPR1
DB05381,NPW
DB05389,CD163
DB05389,MAEA
DB05521,SLCO2B1
DB05521,SLCO1B1
DB05541,SV2A
DB05578,KDR
DB05679,IL12B
DB05773,ERBB2
DB05777,F2
DB05777,F5
DB05812,CYP17A1
DB05812,AR
DB05829,PTH1R
DB05889,CD22
DB05990,NR0B2
DB05990,NR1H4
DB06016,DRD3
DB06016,HTR1A
DB06016,HTR2B
DB06016,HRH1
DB06016,DRD2
DB06016,HTR2A
DB06043,PDGFRA
DB06077,HTR2A
DB06077,SLC6A4
DB06077,DRD2
DB06077,DRD1
DB06077,GRIN2B
DB06081,VWF
DB06144,HTR1B
DB06144,HTR1E
DB06144,HTR1F
DB06144,ADRA1D
DB06144,SLC6A4
DB06144,HTR7
DB06144,HRH1
DB06144,DRD3
DB06144,HTR2A
DB06144,DRD2
DB06144,KCNH2
DB06144,HTR6
DB06144,HTR2C
DB06144,HTR1D
DB06144,KCNA5
DB06144,ADRA1A
DB06144,ADRA1B
DB06144,ADRB2
DB06144,CHRM2
DB06144,ABCB1
DB06144,ADRB1
DB06144,HTR1A
DB06144,ADRA2A
DB06144,CHRM3
DB06144,DRD1
DB06144,TBXA2R
DB06144,DRD4
DB06148,HTR2C
DB06148,HRH4
DB06148,ADRA2B
DB06148,ADRA2C
DB06148,HTR1F
DB06148,HTR1A
DB06148,HTR6
DB06148,SLC6A4
DB06148,SLC6A3
DB06148,HTR2B
DB06148,SLC6A2
DB06148,OPRK1
DB06148,DRD2
DB06148,HTR7
DB06148,ADCY10
DB06148,HTR1B
DB06148,HTR2A
DB06148,ADRA2A
DB06148,DRD3
DB06148,DRD1
DB06148,ADRA1D
DB06148,HRH1
DB06148,ADRA1A
DB06148,HRH2
DB06151,GRIN1
DB06151,IKBKB
DB06151,SLC7A11
DB06151,GRIN2A
DB06151,GRIN2B
DB06151,GRIN2D
DB06151,GRIN3A
DB06151,GRM5
DB06151,GSS
DB06151,ACY1
DB06152,IFNAR2
DB06152,CACNA1I
DB06153,CHRM2
DB06153,HTR1D
DB06153,CHRM3
DB06153,HRH1
DB06153,ADRA1A
DB06153,ADRA1D
DB06153,ADRA2B
DB06153,ADRA1B
DB06153,HTR2C
DB06153,HTR1B
DB06153,ADRA2C
DB06153,HTR2B
DB06153,HTR2A
DB06153,CHRM1
DB06153,ADRA2A
DB06153,HTR1A
DB06154,HBA2
DB06154,HBB
DB06155,CNR1
DB06155,CNR2
DB06155,CYP2C9
DB06155,KCNH2
DB06168,IL1B
DB06176,ABCC1
DB06176,HDAC6
DB06176,HDAC2
DB06176,HDAC4
DB06176,HDAC1
DB06186,CTLA4
DB06196,ANPEP
DB06196,BDKRB2
DB06201,SCN9A
DB06201,GRM5
DB06202,ESR1
DB06202,CNR2
DB06202,ESR2
DB06203,CYP2C19
DB06203,DPP4
DB06203,CYP2C9
DB06203,CYP2D6
DB06203,CYP3A4
DB06203,CYP1A2
DB06204,SLC6A4
DB06204,HTR3A
DB06204,SLC6A2
DB06204,OPRD1
DB06204,OPRM1
DB06204,OPRK1
DB06205,TGFB1
DB06207,ADRA1B
DB06207,ADRA1D
DB06207,ADRA1A
DB06209,P2RY12
DB06209,P2RY1
DB06210,MPL
DB06213,ADORA2A
DB06213,ADORA2B
DB06213,ADORA1
DB06216,DRD2
DB06216,DRD1
DB06216,DRD4
DB06216,HTR2B
DB06216,DRD3
DB06216,HTR6
DB06216,ADRB1
DB06216,ADRB2
DB06216,HTR1A
DB06216,CHRM2
DB06216,ADRA2A
DB06216,ADRA2B
DB06216,ADRA2C
DB06216,TBXA2R
DB06216,HTR1D
DB06216,HTR1B
DB06216,HTR2A
DB06216,HTR2C
DB06216,HTR1E
DB06216,SLC6A4
DB06216,HRH1
DB06216,HTR7
DB06216,HRH2
DB06216,ADRA1A
DB06217,SCN5A
DB06217,KCNH2
DB06218,SCN9A
DB06218,CA1
DB06218,SCN10A
DB06218,SCN3A
DB06218,CA2
DB06218,CA12
DB06218,CA5B
DB06218,CA14
DB06218,CA13
DB06218,CA9
DB06218,CA7
DB06218,CA5A
DB06218,CA6
DB06218,CA4
DB06218,CA3
DB06228,F10
DB06237,PDE5A
DB06243,ODC1
DB06262,ADRA1A
DB06262,ADRA2B
DB06262,ADRB3
DB06262,ADRB2
DB06262,ADRA1B
DB06262,ADRA1D
DB06262,PAH
DB06262,ADRB1
DB06262,ADRA2A
DB06262,ADRA2C
DB06267,PDE5A
DB06268,EDNRB
DB06268,EDNRA
DB06271,SERPINC1
DB06271,SERPIND1
DB06273,IL6R
DB06274,OPRK1
DB06274,OPRM1
DB06274,OPRD1
DB06282,HRH1
DB06285,PTH1R
DB06287,MTOR
DB06288,HTR2B
DB06288,HTR6
DB06288,DRD2
DB06288,DRD3
DB06288,DRD4
DB06288,HTR7
DB06288,ADRA2A
DB06288,HTR1D
DB06288,HTR2A
DB06288,ADRA2C
DB06288,HTR1B
DB06292,SLC5A1
DB06292,SLC5A2
DB06292,SLC5A11
DB06292,SLC5A4
DB06317,SLAMF7
DB06335,DPP4
DB06335,DPP9
DB06335,DPP8
DB06366,ERBB2
DB06372,IL1B
DB06401,ESR1
DB06401,ESR2
DB06403,EDNRB
DB06403,EDNRA
DB06404,C1R
DB06404,KLKB1
DB06404,F2
DB06404,PLAT
DB06404,F11
DB06404,C1S
DB06410,VDR
DB06412,AR
DB06412,NPPB
DB06413,SLC6A3
DB06439,LPL
DB06441,P2RY12
DB06480,HTR4
DB06589,PIP5K1C
DB06589,PDGFRA
DB06589,FLT1
DB06589,FGFR3
DB06589,MAPK8
DB06589,TYK2
DB06589,SYK
DB06589,IRAK1
DB06589,KDR
DB06589,FLT3
DB06589,LTK
DB06589,FLT4
DB06589,TEK
DB06589,MAP4K4
DB06589,ABL1
DB06589,FES
DB06589,LYN
DB06589,CSF1R
DB06589,RET
DB06589,BRAF
DB06589,FGFR1
DB06589,KIT
DB06589,PDGFRB
DB06589,HCK
DB06589,MET
DB06589,JAK2
DB06589,MAP4K2
DB06589,TGFBR2
DB06589,MAP3K1
DB06589,RAF1
DB06589,EPHB6
DB06589,ITK
DB06589,FGF1
DB06589,MAP2K5
DB06589,TAOK2
DB06589,PI4KB
DB06589,TAOK3
DB06589,SLK
DB06589,RIOK2
DB06589,PIP4K2C
DB06589,TAOK1
DB06589,NEK5
DB06589,MAP3K19
DB06589,DDR2
DB06589,TNK1
DB06589,MAP3K2
DB06589,BMPR1B
DB06594,HTR2C
DB06594,MTNR1A
DB06594,MTNR1B
DB06594,HTR2A
DB06594,HTR2B
DB06595,PDGFRB
DB06595,PDGFRA
DB06595,FLT3
DB06595,PRKCA
DB06595,BCR
DB06595,KIT
DB06595,KDR
DB06595,FGFR1OP2
DB06595,CUX1
DB06595,CEP43
DB06602,IL5
DB06603,HDAC3
DB06603,HDAC2
DB06603,HDAC1
DB06603,HDAC6
DB06603,HDAC4
DB06605,F10
DB06607,FCGR2A
DB06607,FCGR3B
DB06607,FCGR3A
DB06607,CD3E
DB06607,FCGR1A
DB06612,IL5
DB06616,SIK2
DB06616,NUAK2
DB06616,DCLK3
DB06616,STK33
DB06616,TSSK1B
DB06616,SLK
DB06616,RIOK1
DB06616,TAOK3
DB06616,HIPK2
DB06616,SRMS
DB06616,HIPK3
DB06616,ULK1
DB06616,STK36
DB06616,BMP2K
DB06616,IRAK4
DB06616,MAP3K20
DB06616,EIF2AK1
DB06616,PLK2
DB06616,STK26
DB06616,EIF2AK4
DB06616,NLK
DB06616,STK39
DB06616,EPHA6
DB06616,CLK4
DB06616,MAP3K3
DB06616,GRK7
DB06616,PKMYT1
DB06616,DSTYK
DB06616,TAOK1
DB06616,TLK2
DB06616,VRK2
DB06616,HIPK1
DB06616,CAMK1D
DB06616,MAP4K3
DB06616,NIM1K
DB06616,ULK2
DB06616,MINK1
DB06616,PIP5K1A
DB06616,CSNK1A1L
DB06616,MYO3A
DB06616,ANKK1
DB06616,NEK11
DB06616,STK35
DB06616,TBK1
DB06616,STK32A
DB06616,MYO3B
DB06616,MAP4K1
DB06616,CDK15
DB06616,CAMKK2
DB06616,HIPK4
DB06616,RPS6KA6
DB06616,SIK3
DB06616,TLK1
DB06616,MAP2K1
DB06616,BTK
DB06616,BMX
DB06616,YES1
DB06616,EPHA3
DB06616,LCK
DB06616,MAP3K2
DB06616,FYN
DB06616,EPHB4
DB06616,CSK
DB06616,EGFR
DB06616,EPHA2
DB06616,EPHB2
DB06616,FGR
DB06616,HCK
DB06616,CASK
DB06616,CHEK1
DB06616,MAP2K7
DB06616,RIOK3
DB06616,CIT
DB06616,STK25
DB06616,EPHB1
DB06616,TNIK
DB06616,ERBB3
DB06616,BLK
DB06616,TAOK2
DB06616,ALK
DB06616,SRPK3
DB06616,CAMK2A
DB06616,MAST1
DB06616,ULK3
DB06616,MAP4K5
DB06616,STK24
DB06616,MAP3K4
DB06616,MAP2K2
DB06616,NUAK1
DB06616,MAP3K7
DB06616,MAP3K13
DB06616,EPHB6
DB06616,GAK
DB06616,LYN
DB06616,ABL1
DB06616,ABL2
DB06616,SRC
DB06616,EPHA8
DB06616,RIPK2
DB06616,ROCK2
DB06616,LRRK2
DB06616,MAP3K19
DB06616,RPS6KB1
DB06616,LTK
DB06616,TYK2
DB06616,WEE1
DB06616,AXL
DB06616,GRK4
DB06616,TIE1
DB06616,FLT3
DB06616,MATK
DB06616,TEC
DB06616,TXK
DB06616,FRK
DB06616,ZAP70
DB06616,SYK
DB06616,MAP2K4
DB06616,MAP2K3
DB06616,CSNK1D
DB06616,CSNK1E
DB06616,CLK1
DB06616,CLK2
DB06616,EPHA1
DB06616,PDGFRA
DB06616,PAK3
DB06616,STK10
DB06616,PRKD3
DB06616,CDK14
DB06616,MAP4K4
DB06616,CHEK2
DB06616,ERBB2
DB06616,NTRK1
DB06616,FER
DB06616,NPM1
DB06616,CSF1R
DB06616,RET
DB06616,MET
DB06616,PDGFRB
DB06616,WEE2
DB06616,KIT
DB06616,PHKG2
DB06616,FES
DB06616,TNNI3K
DB06616,CLK3
DB06616,MAP3K12
DB06616,MERTK
DB06616,STK4
DB06616,PRKAA1
DB06616,PAK1
DB06616,MAP2K5
DB06616,MAPK7
DB06616,PAK2
DB06616,STK3
DB06616,MAP3K1
DB06616,ROCK1
DB06616,CAMK2G
DB06616,MAP4K2
DB06616,BMPR2
DB06616,PTK2B
DB06616,ERBB4
DB06616,RPS6KA2
DB06616,MYLK
DB06616,NTRK3
DB06616,JAK2
DB06616,PKN2
DB06616,MAP3K11
DB06616,NTRK2
DB06616,PHKG1
DB06616,DDR2
DB06616,AAK1
DB06616,IKBKE
DB06616,CDK7
DB06616,DMPK
DB06616,DDR1
DB06616,IRAK1
DB06616,RPS6KA3
DB06616,NEK2
DB06616,JAK3
DB06616,MAP2K6
DB06616,PLK1
DB06616,EPHB3
DB06616,EPHA5
DB06616,EPHA4
DB06616,ITK
DB06616,HUNK
DB06616,MAP3K9
DB06616,CDK16
DB06616,PRKCE
DB06616,TEK
DB06616,PRKCQ
DB06616,MST1R
DB06616,PTK2
DB06616,PRKCD
DB06616,TYRO3
DB06616,TNK2
DB06616,SIK1
DB06616,PKN1
DB06616,CSNK1A1
DB06626,FLT1
DB06626,PDGFRA
DB06626,AURKC
DB06626,KDR
DB06626,FLT4
DB06626,KIT
DB06626,PDGFRB
DB06637,KCNA10
DB06637,KCNA1
DB06637,KCNA3
DB06637,KCNA2
DB06637,KCNC1
DB06637,KCNB1
DB06637,KCNA5
DB06637,KCND3
DB06637,KCNA4
DB06637,KCND2
DB06643,TNFSF11
DB06650,MS4A1
DB06654,MAOB
DB06655,GLP1R
DB06663,SSTR3
DB06663,SSTR5
DB06663,SSTR2
DB06663,SSTR1
DB06674,TNF
DB06681,CD80
DB06681,CD86
DB06684,DRD2
DB06684,HTR1A
DB06684,SLC6A4
DB06684,HTR4
DB06684,HRH1
DB06684,DRD3
DB06688,ACP3
DB06689,FABP5
DB06689,FABP3
DB06689,FAAH
DB06689,FABP4
DB06689,FABP1
DB06690,MTR
DB06691,KCNH2
DB06691,HRH1
DB06692,PRSS1
DB06692,PLG
DB06692,CTRB1
DB06692,KLK1
DB06694,ADRA2B
DB06694,HTR1D
DB06694,ADRA1A
DB06694,ADRA2A
DB06694,ADRA2C
DB06694,ADRA1D
DB06694,ADRA1B
DB06694,HTR1B
DB06698,HRH1
DB06698,HRH3
DB06698,HRH2
DB06699,GNRHR
DB06700,SLC6A2
DB06700,SLC6A4
DB06700,SLC6A3
DB06701,SLC6A3
DB06701,SLC6A2
DB06701,SLC6A4
DB06702,CHRM3
DB06702,CHRM2
DB06702,CHRM1
DB06702,CHRM4
DB06702,CHRM5
DB06706,ADRA1A
DB06706,SLC18A2
DB06707,ADRA1A
DB06709,CHRM2
DB06709,CHRM3
DB06709,CHRM1
DB06709,CHRM4
DB06710,AR
DB06710,SHBG
DB06710,ESR1
DB06711,ADRA2A
DB06711,NISCH
DB06711,ADRA2C
DB06711,ADRA1A
DB06711,ADRA2B
DB06712,CACNA1D
DB06712,CACNB2
DB06712,CACNA2D1
DB06712,CACNA1C
DB06712,CACNA1S
DB06712,CACNA2D3
DB06713,ESR1
DB06713,PGR
DB06713,AR
DB06713,ALB
DB06714,TAAR1
DB06714,SLC18A2
DB06716,GABRB3
DB06716,GABRB2
DB06716,SCN4A
DB06716,SCN2A
DB06717,TACR1
DB06718,AR
DB06718,PLAT
DB06718,PLG
DB06718,SERPING1
DB06718,SHBG
DB06719,GNRHR
DB06719,LHCGR
DB06720,GBA1
DB06725,PTGS1
DB06725,CYP2C9
DB06725,PTGS2
DB06729,CYP2C9
DB06736,PTGS2
DB06736,PTGS1
DB06742,GBA1
DB06751,CACNA1C
DB06751,PDE4A
DB06752,PRG2
DB06754,SERPINC1
DB06755,BCO1
DB06755,RBP2
DB06755,BCO2
DB06756,BCL2
DB06756,BHMT
DB06756,BHMT2
DB06756,ALDH7A1
DB06756,SLC6A12
DB06756,CHDH
DB06756,AHCY
DB06756,SLC6A13
DB06764,ADRA1A
DB06766,HRH1
DB06770,CES4A
DB06770,CES5A
DB06770,CES1
DB06770,CES2
DB06772,TUBA4A
DB06772,TUBB1
DB06775,NAGS
DB06777,VIPR1
DB06777,CRHR2
DB06777,MC1R
DB06777,ADCY2
DB06777,NPS
DB06777,AVPR2
DB06777,GIPR
DB06777,GPBAR1
DB06777,TAAR1
DB06777,SLCO1B1
DB06777,HTR7
DB06777,AVP
DB06777,NR1H4
DB06777,PTH2R
DB06777,PTH2
DB06777,HRH2
DB06777,POMC
DB06777,SLC10A2
DB06777,ADORA2A
DB06777,ADRB3
DB06777,VIP
DB06777,GIP
DB06777,ADCYAP1R1
DB06777,FSHR
DB06777,PTHLH
DB06777,SLC27A5
DB06777,GLP1R
DB06777,ADM2
DB06777,GCGR
DB06777,FABP6
DB06777,CEL
DB06777,GNAS
DB06777,GCG
DB06777,ADCYAP1
DB06777,LINC02210-CRHR1
DB06777,ADCY5
DB06777,ADRB1
DB06777,PNLIP
DB06777,HTR4
DB06777,NPSR1
DB06777,CALCR
DB06777,CALCB
DB06777,GLP2R
DB06777,ADCY4
DB06777,SLCO1B3
DB06777,RXFP2
DB06777,ADM
DB06777,HTR6
DB06777,PTGIR
DB06777,ADCY9
DB06777,LHCGR
DB06777,ALB
DB06777,ADCY1
DB06777,TSHR
DB06777,MC4R
DB06777,CYP7A1
DB06777,VIPR2
DB06777,RXFP1
DB06777,PTGDR
DB06777,CALCA
DB06777,ADORA2B
DB06777,ADRB2
DB06777,PTH1R
DB06777,SLCO1A2
DB06777,DRD5
DB06777,ADCY6
DB06777,GHRHR
DB06777,MC5R
DB06777,MC2R
DB06777,ADCY8
DB06777,PTGER4
DB06777,CLPS
DB06777,NR0B2
DB06777,MC3R
DB06777,GNG2
DB06777,AKR1C2
DB06777,IAPP
DB06777,GHRH
DB06777,SLC10A1
DB06777,SCT
DB06777,ADCY3
DB06777,SCTR
DB06777,NR1I2
DB06777,ADCY7
DB06777,CRH
DB06777,BAAT
DB06777,PTH
DB06777,ABCC3
DB06777,PTGER2
DB06778,ATP7B
DB06779,VEGFA
DB06779,TFPI
DB06779,SERPINC1
DB06779,SELP
DB06780,NR3C2
DB06781,NR3C1
DB06782,APP
DB06785,GNRHR
DB06787,CHRM2
DB06787,CHRM4
DB06787,CHRM1
DB06787,CHRM3
DB06788,GNRHR
DB06789,PGR
DB06791,SSTR2
DB06791,SSTR5
DB06795,CA12
DB06795,CA7
DB06795,CA4
DB06795,CA2
DB06795,CA1
DB06800,OPRK1
DB06800,OPRM1
DB06800,OPRD1
DB06802,PTGS1
DB06802,PTGS2
DB06803,STAT3
DB06803,KCNT1
DB06809,CXCR4
DB06809,CCR4
DB06809,CCR2
DB06813,DHFR
DB06813,TYMS
DB06814,ADRB2
DB06816,CSNK1A1
DB06817,CCR1
DB06822,ITGA4
DB06822,SERPINC1
DB06822,CXCL12
DB06824,SOD1
DB06825,GNRHR
DB06826,SLCO4A1
DB06826,SLCO2B1
DB07776,PARP1
DB07776,TNKS2
DB07776,CYP1B1
DB07776,CYP19A1
DB07776,AR
DB07776,CA2
DB07776,CA1
DB07776,CA12
DB07776,CA9
DB07776,TNKS
DB08439,LTF
DB08439,PTGS2
DB08604,INHA
DB08604,AR
DB08604,DECR1
DB08604,PPARG
DB08604,TPO
DB08604,CBR1
DB08604,NR1I2
DB08799,HRH1
DB08801,CHRM2
DB08801,HRH1
DB08804,AR
DB08809,PDK1
DB08809,GSTZ1
DB08813,SELP
DB08813,FOS
DB08813,SERPINC1
DB08814,NFKB1
DB08814,PDE10A
DB08814,PTGS1
DB08814,NOS2
DB08815,ADRA2C
DB08815,HTR1A
DB08815,HTR2A
DB08815,ADRA2A
DB08815,DRD2
DB08815,HTR7
DB08816,P2RY12
DB08816,P2RY1
DB08818,ICAM1
DB08818,HMMR
DB08818,CD44
DB08819,PTGFR
DB08820,CFTR
DB08822,AGTR1
DB08826,TF
DB08827,MTTP
DB08828,SMO
DB08828,SHH
DB08828,ALB
DB08828,GLI1
DB08860,HMGCR
DB08860,ITGAL
DB08862,MAPK3
DB08862,CCKBR
DB08862,EGF
DB08862,CCKAR
DB08862,RAF1
DB08864,NR1I2
DB08865,LCK
DB08865,DCLK1
DB08865,MUSK
DB08865,EPHB6
DB08865,MAP3K13
DB08865,MAP3K7
DB08865,RIPK2
DB08865,JAK2
DB08865,ROCK2
DB08865,ULK1
DB08865,STK10
DB08865,AURKA
DB08865,CASK
DB08865,PLK4
DB08865,RIOK3
DB08865,ALK
DB08865,BMPR1B
DB08865,IRAK3
DB08865,PRKD3
DB08865,ROS1
DB08865,MERTK
DB08865,LTK
DB08865,AXL
DB08865,MET
DB08865,MST1R
DB08865,IKBKB
DB08865,ABL1
DB08865,MAP4K5
DB08865,NTRK1
DB08865,TNK1
DB08865,RIPK1
DB08865,IKBKE
DB08865,PTK2B
DB08865,PRKD1
DB08865,EPHA7
DB08865,ROCK1
DB08865,TESK1
DB08865,NTRK2
DB08865,EGFR
DB08865,SBK1
DB08865,MAP3K19
DB08865,TNNI3K
DB08865,ULK3
DB08865,NTRK3
DB08865,MAP3K1
DB08865,STK3
DB08865,MAPK7
DB08865,TEK
DB08865,ACVR1
DB08865,PTK2
DB08865,BTK
DB08865,TYRO3
DB08865,TNK2
DB08865,DDR1
DB08865,ITK
DB08865,DMPK
DB08865,MAP4K2
DB08865,MAP3K12
DB08865,STK4
DB08865,PRKAA1
DB08865,DSTYK
DB08865,MAP3K15
DB08865,TAOK1
DB08865,MAP4K3
DB08865,NUAK2
DB08865,SIK2
DB08865,SLK
DB08865,TAOK3
DB08865,BMP2K
DB08865,IRAK4
DB08865,STK26
DB08865,EPHA6
DB08865,TBK1
DB08865,TAOK2
DB08865,SRPK3
DB08865,CDK11A
DB08865,AURKC
DB08865,MAP3K2
DB08865,RIOK1
DB08865,RIPK4
DB08865,MAP3K3
DB08865,SRPK1
DB08865,NIM1K
DB08865,ULK2
DB08865,MINK1
DB08865,DCLK2
DB08865,HIPK4
DB08865,ANKK1
DB08865,NEK9
DB08865,STK35
DB08865,NEK7
DB08865,DYRK2
DB08865,CDKL2
DB08865,MAP4K1
DB08865,COQ8B
DB08865,AURKB
DB08865,CAMKK2
DB08865,PIP5K1A
DB08865,EPHA4
DB08865,AAK1
DB08865,YES1
DB08865,BMX
DB08865,IRAK1
DB08865,BLK
DB08865,CDK7
DB08865,FGFR3
DB08865,MAP2K3
DB08865,SYK
DB08865,ZAP70
DB08865,FRK
DB08865,ABL2
DB08865,JAK3
DB08865,TXK
DB08865,ACVR1B
DB08865,FLT3
DB08865,TIE1
DB08865,GRK4
DB08865,TYK2
DB08865,EPHA8
DB08865,EPHA3
DB08865,EPHA2
DB08865,TGFBR1
DB08865,LIMK1
DB08865,LIMK2
DB08865,EPHA5
DB08865,INSR
DB08865,FYN
DB08865,FES
DB08865,CSF1R
DB08865,LYN
DB08865,RET
DB08865,IGF1R
DB08865,JAK1
DB08865,FGR
DB08865,EPHB1
DB08865,KIT
DB08865,SRC
DB08865,INSRR
DB08865,FER
DB08865,FLT1
DB08865,EIF2AK2
DB08865,CDK11B
DB08865,EPHA1
DB08865,EPHB4
DB08865,SBK3
DB08865,RPS6KB1
DB08867,AR
DB08867,PGR
DB08867,NR3C1
DB08868,HDAC1
DB08868,S1PR5
DB08868,S1PR3
DB08868,S1PR1
DB08868,S1PR4
DB08869,GHRHR
DB08870,TNFRSF8
DB08871,BCL2
DB08871,TUBB1
DB08872,CACNA2D2
DB08872,CACNA2D1
DB08873,CTSF
DB08873,CTSV
DB08873,F2
DB08873,CTSL
DB08873,CTSB
DB08873,CMA1
DB08873,CTSS
DB08873,CTSK
DB08875,MET
DB08875,KDR
DB08875,RET
DB08877,IRAK1
DB08877,CDK7
DB08877,CLK2
DB08877,CSNK1A1
DB08877,MAP2K3
DB08877,GRK4
DB08877,MAPK8
DB08877,MAP2K2
DB08877,TTK
DB08877,TYK2
DB08877,LTK
DB08877,MAP2K4
DB08877,NEK3
DB08877,MAP3K1
DB08877,PLK1
DB08877,DAPK1
DB08877,RIPK4
DB08877,CSNK2A1
DB08877,PRKCE
DB08877,MAP2K1
DB08877,TNK2
DB08877,DMPK
DB08877,MAP4K2
DB08877,EPHA3
DB08877,PRKG2
DB08877,ROCK1
DB08877,CAMK2B
DB08877,JAK3
DB08877,JAK1
DB08877,STK17B
DB08877,PHKG2
DB08877,JAK2
DB08877,BMPR1B
DB08877,PLK4
DB08877,STK25
DB08877,RIOK3
DB08877,IKBKB
DB08877,CASK
DB08877,GAK
DB08877,DCLK1
DB08877,EPHB6
DB08877,DAPK3
DB08877,MAP3K7
DB08877,CSNK2A2
DB08877,ROCK2
DB08877,ERN1
DB08877,RPS6KA5
DB08877,RPS6KA4
DB08877,STK16
DB08877,CAMK2G
DB08877,OXSR1
DB08877,PAK4
DB08877,ABL1
DB08877,NTRK1
DB08877,RET
DB08877,SBK3
DB08877,KIT
DB08877,BRAF
DB08877,ULK1
DB08877,CAMK2D
DB08877,MARK2
DB08877,BMPR2
DB08877,DCLK3
DB08877,NUAK2
DB08877,TAOK3
DB08877,HIPK2
DB08877,HIPK3
DB08877,PLK3
DB08877,CLK4
DB08877,MKNK2
DB08877,PAK6
DB08877,BMP2K
DB08877,PLK2
DB08877,PAK5
DB08877,STK26
DB08877,PI4KB
DB08877,STK17A
DB08877,STK39
DB08877,TBK1
DB08877,DAPK2
DB08877,RPS6KA6
DB08877,TAOK2
DB08877,ALK
DB08877,SRPK3
DB08877,AURKC
DB08877,CAMK2A
DB08877,MAST1
DB08877,SIK3
DB08877,MAP3K2
DB08877,DYRK1A
DB08877,RIOK1
DB08877,RIOK2
DB08877,SRPK1
DB08877,CAMK1
DB08877,IKBKE
DB08877,MELK
DB08877,RPS6KA2
DB08877,RPS6KA1
DB08877,MYLK
DB08877,GRK1
DB08877,NTRK3
DB08877,NTRK2
DB08877,PHKG1
DB08877,AAK1
DB08877,SBK1
DB08877,MAP3K3
DB08877,MAP3K19
DB08877,ULK3
DB08877,CAMK1G
DB08877,DYRK2
DB08877,GRK7
DB08877,NEK7
DB08877,LRRK2
DB08877,DCLK2
DB08877,ANKK1
DB08877,CAMK1D
DB08877,HIPK1
DB08877,VRK2
DB08877,TAOK1
DB08877,MAP3K15
DB08877,ULK2
DB08879,TNFSF13B
DB08880,DHODH
DB08880,RPS6KB1
DB08881,BRAF
DB08881,RAF1
DB08882,DPP4
DB08882,FAP
DB08883,GRIA1
DB08885,PGF
DB08885,VEGFA
DB08888,FN1
DB08888,SERPINF2
DB08888,A2M
DB08889,PSMB8
DB08889,PSMB1
DB08889,PSMB5
DB08889,PSMB2
DB08890,GUCY2C
DB08893,ADRB3
DB08894,EPOR
DB08895,STAT3
DB08895,TYK2
DB08895,JAK1
DB08895,JAK3
DB08895,JAK2
DB08896,NTRK1
DB08896,PDGFRB
DB08896,PDGFRA
DB08896,FLT4
DB08896,RAF1
DB08896,KDR
DB08896,EPHA2
DB08896,TEK
DB08896,KIT
DB08896,FGFR1
DB08896,FGFR2
DB08896,RET
DB08896,MAPK11
DB08896,BRAF
DB08896,FLT1
DB08896,ABL1
DB08896,EPHX2
DB08897,CHRM5
DB08897,CHRM3
DB08897,CHRM1
DB08897,CHRM4
DB08897,CHRM2
DB08899,AR
DB08900,GLP2R
DB08901,SRC
DB08901,PDGFRA
DB08901,LCK
DB08901,LYN
DB08901,FGFR3
DB08901,FYN
DB08901,RET
DB08901,ABL1
DB08901,KDR
DB08901,FGR
DB08901,FGFR4
DB08901,TEK
DB08901,KIT
DB08901,GSK3B
DB08901,FLT3
DB08901,FGFR2
DB08901,FGFR1
DB08901,ABL2
DB08901,YES1
DB08904,TNF
DB08905,CYP19A1
DB08906,NR3C2
DB08906,NR3C1
DB08906,PGR
DB08907,SLC5A1
DB08907,SLC5A4
DB08907,SLC5A2
DB08910,CRBN
DB08910,PTGS2
DB08910,TNF
DB08911,MAP2K1
DB08911,MAP2K2
DB08912,RAF1
DB08912,BRAF
DB08916,EGF
DB08916,ERBB2
DB08916,EGFR
DB08916,ERBB4
DB08916,DYRK1A
DB08916,GAK
DB08916,MAPK10
DB08916,MAP2K5
DB08916,CIT
DB08916,MAPK14
DB08916,PHKG1
DB08916,SBK1
DB08916,HIPK4
DB08916,DYRK2
DB08916,MKNK1
DB08916,SLK
DB08916,MKNK2
DB08916,STK17A
DB08916,EPHA6
DB08916,RPS6KA6
DB08916,DYRK1B
DB08916,IRAK1
DB08916,CSNK1E
DB08916,BLK
DB08916,MET
DB08916,STK10
DB08916,ABL1
DB08916,LCK
DB08916,MAPK9
DB08916,HCK
DB08916,SRC
DB08916,PHKG2
DB08916,ERBB3
DB08916,AXL
DB08916,FLT3
DB08916,TXK
DB08916,FRK
DB08916,RIPK2
DB08916,EPHB6
DB08918,SLC6A2
DB08918,SLC6A4
DB08918,SLC6A3
DB08932,EDNRA
DB08932,EDNRB
DB08935,MS4A1
DB08936,HRH1
DB08943,CYP17A1
DB08954,GRIN1
DB08954,GRIN2B
DB08954,SIGMAR1
DB08954,KCNH2
DB08954,HRH1
DB08964,PTGER2
DB08964,PTGER3
DB09016,SLC6A4
DB09016,HRH1
DB09016,HTR2A
DB09026,CTSG
DB09026,CTSZ
DB09026,CPA3
DB09026,ACE2
DB09026,AGT
DB09026,REN
DB09026,ACE
DB09026,ENPEP
DB09026,CMA1
DB09026,MME
DB09030,F2R
DB09031,ABCB1
DB09033,ITGB7
DB09033,ITGA4
DB09034,HCRTR2
DB09034,HCRTR1
DB09035,PDCD1
DB09036,IL6
DB09037,PDCD1
DB09039,UGCG
DB09043,GLP1R
DB09045,GLP1R
DB09046,LEPR
DB09047,TOP2A
DB09048,TACR1
DB09049,OPRM1
DB09052,CD3D
DB09052,CD19
DB09053,BTK
DB09054,PIK3CG
DB09054,PIK3CD
DB09054,AKT1
DB09055,APOB
DB09055,APOA1
DB09063,ALK
DB09065,CYP3A4
DB09066,FSHR
DB09070,PGR
DB09070,APOA1
DB09070,SHBG
DB09070,BGLAP
DB09070,STS
DB09070,ESR1
DB09070,ESR2
DB09071,MTNR1A
DB09071,MTNR1B
DB09073,CDK4
DB09073,CDK6
DB09074,PARP1
DB09075,F10
DB09076,CHRM1
DB09076,CHRM2
DB09076,CHRM4
DB09076,CHRM3
DB09076,CHRM5
DB09078,KIT
DB09078,RET
DB09078,FLT1
DB09078,FGFR3
DB09078,FGFR1
DB09078,KDR
DB09078,FGFR4
DB09078,FLT4
DB09078,PDGFRA
DB09078,FGFR2
DB09079,FLT3
DB09079,FGFR2
DB09079,PDGFRB
DB09079,SRC
DB09079,FLT4
DB09079,PDGFRA
DB09079,FLT1
DB09079,LCK
DB09079,FGFR1
DB09079,KDR
DB09079,FGFR3
DB09080,ADRB2
DB09082,ADRB2
DB09085,RYR1
DB09085,CNGA1
DB09086,TRPV3
DB09086,AR
DB09086,ESR2
DB09086,ESR1
DB09089,OPRM1
DB09089,CHRM1
DB09089,CHRM3
DB09089,OPRK1
DB09089,CHRM2
DB09089,CHRM4
DB09090,CACNA1S
DB09091,HDAC2
DB09091,NR3C1
DB09092,MDH2
DB09092,OGDH
DB09092,GAPDH
DB09092,IDH3A
DB09092,NNT
DB09095,NR3C1
DB09095,ANXA3
DB09096,ODC1
DB09096,CAT
DB09097,DRD2
DB09098,GHR
DB09098,IGF1R
DB09103,KIT
DB09107,EPOR
DB09108,VWF
DB09109,F10
DB09109,F2
DB09109,F9
DB09112,HBA2
DB09112,HBB
DB09118,LDHA
DB09118,LDHB
DB09120,TRPV1
DB09121,ADCY1
DB09123,PGR
DB09123,AR
DB09124,PGR
DB09126,LHCGR
DB09128,ADRA2C
DB09128,ADRA1B
DB09128,HTR1A
DB09128,DRD2
DB09128,HTR2A
DB09129,INSR
DB09131,PROC
DB09135,ALB
DB09141,F10
DB09141,SERPINC1
DB09142,CCKBR
DB09142,CCKAR
DB09143,SMO
DB09146,HBA2
DB09148,APP
DB09149,APP
DB09151,APP
DB09153,REN
DB09153,SLC9A3
DB09153,ATM
DB09157,JMJD6
DB09157,UXS1
DB09157,SMS
DB09157,PAICS
DB09157,ALKBH5
DB09157,SPTLC3
DB09157,QPRT
DB09157,PROS1
DB09157,PC
DB09157,CPS1
DB09157,IDH2
DB09157,ALKBH8
DB09157,GART
DB09157,IDI1
DB09157,TH
DB09157,COLGALT2
DB09157,TDG
DB09157,GAS6
DB09157,KMT5A
DB09157,P4HA3
DB09157,ALDH1L1
DB09157,SUCLG1
DB09157,ELOVL7
DB09157,SLC35G3
DB09157,NSDHL
DB09157,DBT
DB09157,ELOVL3
DB09157,ELOVL4
DB09157,ME1
DB09157,AMD1
DB09157,ACADSB
DB09157,UROS
DB09157,PMVK
DB09157,IVD
DB09157,PDHA1
DB09157,IDH3B
DB09157,GLDC
DB09157,ALDH6A1
DB09157,COASY
DB09157,CUL2
DB09157,MDH1
DB09157,KDM2A
DB09157,SUCLG2
DB09157,PCCB
DB09157,EGLN1
DB09157,SLC25A21
DB09157,PPCDC
DB09157,P4HB
DB09157,DHDDS
DB09157,RPE
DB09157,GAD1
DB09157,DDC
DB09157,IDH3A
DB09157,ACMSD
DB09157,TAT
DB09157,ALDH9A1
DB09157,DLST
DB09157,MAPK8
DB09157,OCA2
DB09157,PPOX
DB09157,ELOVL2
DB09157,HIF1A
DB09157,CA4
DB09157,NMNAT3
DB09157,ALKBH2
DB09157,MVD
DB09157,FASN
DB09157,GOT1
DB09157,CA7
DB09157,MPC1
DB09157,ELOVL6
DB09157,ALKBH3
DB09157,AACS
DB09157,UPB1
DB09157,HACL1
DB09157,COL3A1
DB09157,BCAT2
DB09157,EGLN2
DB09157,FADS1
DB09157,ME2
DB09157,PCK1
DB09157,CA13
DB09157,SHMT1
DB09157,BCKDHB
DB09157,P3H2
DB09157,CA8
DB09157,PDHB
DB09157,CA5B
DB09157,AQP1
DB09157,ALAS1
DB09157,F2
DB09157,HBB
DB09157,TMLHE
DB09157,TPH2
DB09157,RHAG
DB09157,EGLN3
DB09157,PPCS
DB09157,HPD
DB09157,P4HA2
DB09157,PHYH
DB09157,NMNAT2
DB09157,CA2
DB09157,CA10
DB09157,ELOC
DB09157,HGD
DB09157,RPIA
DB09157,ALKBH4
DB09157,PLOD2
DB09157,CA3
DB09157,PCK2
DB09157,DHTKD1
DB09157,MLYCD
DB09157,RBX1
DB09157,ACO2
DB09157,SPTLC2
DB09157,GOT2
DB09157,MCEE
DB09157,ACAD8
DB09157,CA11
DB09157,AZIN2
DB09157,HAAO
DB09157,FADS2
DB09157,IDI2
DB09157,DPYS
DB09157,MPC2
DB09157,PGD
DB09157,BCKDHA
DB09157,HDC
DB09157,SLC27A2
DB09157,CSAD
DB09157,PISD
DB09157,HIBADH
DB09157,NNT
DB09157,EPAS1
DB09157,P4HA1
DB09157,IL1A
DB09157,BBOX1
DB09157,PLOD1
DB09157,CA12
DB09157,DLAT
DB09157,OXSM
DB09157,PDHA2
DB09157,COL10A1
DB09157,ODC1
DB09157,ELOVL1
DB09157,GGCX
DB09157,CDO1
DB09157,P3H1
DB09157,IDH3G
DB09157,TPH1
DB09157,ALKBH7
DB09157,COL1A2
DB09157,UROD
DB09157,HIF1AN
DB09157,ASPH
DB09157,AANAT
DB09157,CA9
DB09157,CA6
DB09157,NMNAT1
DB09157,KDM2B
DB09157,SRM
DB09157,PCCA
DB09157,F7
DB09157,F10
DB09157,PROZ
DB09157,OGDHL
DB09157,HIF3A
DB09157,COLGALT1
DB09157,PGLS
DB09157,HSD17B7
DB09157,UMPS
DB09157,PDHX
DB09157,COL1A1
DB09157,PLOD3
DB09157,OGDH
DB09157,GCDH
DB09157,ALKBH1
DB09157,F9
DB09157,SLC25A1
DB09157,SPTLC1
DB09157,DDTL
DB09157,DLD
DB09157,SLC4A1
DB09157,ELOB
DB09157,MSMO1
DB09157,IDH1
DB09157,GAD2
DB09157,IL6
DB09157,ALDH1L2
DB09157,VHL
DB09157,COQ3
DB09157,PROC
DB09167,HRH1
DB09167,CHRM5
DB09167,SLC6A4
DB09167,SLC6A2
DB09167,CHRM2
DB09167,CHRM3
DB09167,CHRM1
DB09167,CHRM4
DB09167,HTR2A
DB09167,HTR1A
DB09185,SLC6A2
DB09195,HTR2A
DB09195,HRH1
DB09195,HTR2C
DB09195,SLC6A4
DB09209,OPRD1
DB09209,OPRM1
DB09209,OPRK1
DB09212,PTGS2
DB09212,PTGS1
DB09213,PPARG
DB09213,PPARA
DB09213,SLC15A1
DB09213,BCL2
DB09213,PTGS2
DB09213,THBD
DB09213,PTGS1
DB09213,PLAT
DB09213,GP1BA
DB09213,CFTR
DB09214,PTGS2
DB09214,PTGS1
DB09216,PTGS2
DB09216,AKR1C3
DB09216,PTGS1
DB09220,ABCC9
DB09220,KCNJ11
DB09225,HTR2A
DB09225,HTR6
DB09225,SLC6A4
DB09225,HTR7
DB09225,DRD2
DB09225,SLC6A2
DB09228,C1R
DB09228,KLKB1
DB09228,PLAT
DB09228,C1S
DB09228,F2
DB09228,F11
DB09237,CACNA1D
DB09237,CACNA1C
DB09237,NOS3
DB09238,EDN1
DB09241,NOS1
DB09242,ADRA2A
DB09242,REN
DB09256,CEACAM5
DB09256,TYMP
DB09256,CYP2A7
DB09256,TYMS
DB09256,DPYD
DB09257,DPYD
DB09265,GLP1R
DB09269,ALDH2
DB09269,ALDH3A2
DB09270,SDHA
DB09270,NDUFV3
DB09272,OPRK1
DB09272,OPRD1
DB09272,OPRM1
DB09274,CAT
DB09280,CFTR
DB09291,TACR1
DB09292,MME
DB09300,CHRM2
DB09300,CHRM3
DB09301,BDNF
DB09301,CCL2
DB09301,GDNF
DB09301,VEGFA
DB09317,ESR1
DB09318,ESR1
DB09327,DPYD
DB09327,TYMS
DB09329,VWF
DB09330,EGFR
DB09332,F9
DB09332,F10
DB09332,GGCX
DB09332,PROC
DB09332,PROS1
DB09332,F2
DB09332,F7
DB09334,MC2R
DB09336,MS4A1
DB09343,TYMP
DB09351,ADRB1
DB09369,ESR1
DB09371,AR
DB09371,ESR1
DB09371,SHBG
DB09389,SRD5A1
DB09389,PGR
DB09389,ESR1
DB09389,AR
DB09401,BCL2L1
DB09401,MCL1
DB09401,BCL2
DB09421,TRHR
DB09422,PPARA
DB09462,PNPLA2
DB09462,ANG
DB09462,NOS2
DB09462,GLYR1
DB09462,AQP3
DB09462,HPGDS
DB09462,HSPA2
DB09462,LOC112267859
DB09462,DAGLB
DB09462,LIPE
DB09462,CLPP
DB09462,ACLY
DB09462,MGLL
DB09462,DAGLA
DB09462,CLPS
DB09462,LYZ
DB09462,FTCD
DB09462,GUCY1B1
DB09462,CP
DB09462,NNT
DB09462,ISYNA1
DB09462,PAPSS1
DB09462,GPAM
DB09462,GALNS
DB09462,TP53
DB09462,FABP4
DB09462,PARK7
DB09462,TGFBR2
DB09462,GYG1
DB09462,AKR1A1
DB09462,PFAS
DB09462,GRK2
DB09462,ADH1B
DB09462,OGG1
DB09462,METTL1
DB09462,PLD6
DB09462,PKM
DB09462,ITPR1
DB09462,KYAT1
DB09462,CRYL1
DB09462,AQP10
DB09462,PLD2
DB09462,EDC3
DB09462,PPOX
DB09462,CTH
DB09462,PNLIP
DB09462,RANBP2
DB09462,AKR1B10
DB09462,ARF1
DB09462,GK2
DB09462,GAD1
DB09462,PLD3
DB09462,ACMSD
DB09462,PLD1
DB09462,ADGRL2
DB09462,ACACB
DB09462,ADGRL1
DB09462,CALM2
DB09462,TRDMT1
DB09462,PAEP
DB09462,PLD4
DB09462,TXNRD1
DB09462,ADGRL3
DB09462,GDPD2
DB09462,CD274
DB09462,IMPA1
DB09462,PUDP
DB09462,PPP3CA
DB09462,NAGA
DB09462,GNE
DB09462,GPAT4
DB09462,AQP4
DB09462,FTH1
DB09462,PPARD
DB09462,CRLS1
DB09462,PAICS
DB09462,ABHD12
DB09462,MGAM
DB09462,LDHA
DB09462,CST3
DB09462,LCMT1
DB09462,GSTP1
DB09462,HADH
DB09462,GK
DB09462,XDH
DB09462,PCYT2
DB09462,EEF1E1
DB09462,RYR3
DB09462,SUMO1
DB09462,GK5
DB09462,HDHD3
DB09462,TNNC1
DB09462,MAPK14
DB09462,ADSL
DB09462,GUCY1A1
DB09462,ABHD6
DB09462,ALB
DB09462,YARS1
DB09462,CPB2
DB09462,MAPK1
DB09462,HMOX1
DB09462,MOCS2
DB09462,GLA
DB09462,PNPLA3
DB09462,ACSM2A
DB09462,AQP9
DB09462,DECR1
DB09462,GSR
DB09462,GAPDHS
DB09462,CPA4
DB09462,CAPN13
DB09462,GCK
DB09462,HSPA8
DB09462,CEL
DB09462,DPP4
DB09462,AKR1B1
DB09462,DGAT2
DB09472,CA1
DB09472,CA2
DB09477,ACE
DB09477,AGT
DB09477,ACE2
DB09477,REN
DB09477,ATP6AP2
DB09488,HRH1
DB09494,AGPS
DB09494,FAR2
DB09494,FAR1
DB09494,GNPAT
DB09496,ESR1
DB09516,TYR
DB09517,FTL
DB09517,HBA2
DB09517,HBB
DB09526,MT-CYB
DB09526,TYR
DB09526,NQO1
DB09532,SCTR
DB09535,ESR2
DB09535,ESR1
DB09543,CES1
DB09543,CES3
DB09543,CES2
DB09543,CES4A
DB09543,CES5A
DB09555,HRH1
DB09559,EGFR
DB09564,IGF1R
DB09564,INSR
DB09568,HSD17B10
DB09568,HADH
DB09568,LPL
DB09568,ELOVL4
DB10770,TGFBR2
DB10770,TNF
DB10770,FGF1
DB10770,CSF2RA
DB10770,IL1R1
DB10770,TGFB1
DB10770,FGFR2
DB10770,PDGFRB
DB10770,IFNG
DB10770,FLT1
DB10770,IL6
DB10772,FGF1
DB10772,CSF2RA
DB10772,IFNG
DB10772,VEGFA
DB10772,TGFB1
DB10772,TGFBR2
DB10772,FGFR2
DB10772,IL6
DB10772,IL1B
DB10772,PDGFRA
DB10772,TNF
DB10772,EGFR
DB11059,SLC2A1
DB11064,PGR
DB11064,AR
DB11064,ESR1
DB11068,STAT3
DB11071,PTGS2
DB11071,PTGS1
DB11077,HTATIP2
DB11077,ENPP1
DB11079,PTGS2
DB11079,PTGS1
DB11081,GLUD1
DB11085,TPO
DB11087,NR1I2
DB11090,KCNH2
DB11113,PTGER4
DB11113,PTGER3
DB11119,TSHB
DB11119,DIO1
DB11119,TG
DB11119,TPO
DB11119,IYD
DB11119,SLC5A5
DB11119,DIO2
DB11119,AQP6
DB11119,SLC5A8
DB11119,CGA
DB11120,MAPK1
DB11124,ADRA1A
DB11124,ADRA1D
DB11124,ADRA2C
DB11124,ADRB1
DB11124,ADRB2
DB11124,ADRA1B
DB11124,ADRA2B
DB11124,ADRB3
DB11124,ADRA2A
DB11130,OPRD1
DB11130,OPRK1
DB11130,OPRM1
DB11131,TRPV1
DB11148,TRPA1
DB11156,CHRM1
DB11157,ODC1
DB11166,F2
DB11166,F10
DB11181,CHRM3
DB11181,CHRM2
DB11181,CHRM4
DB11181,CHRM5
DB11181,CHRM1
DB11186,KCNH2
DB11186,OPRM1
DB11186,OPRK1
DB11190,APOB
DB11193,TLR4
DB11201,PTGS1
DB11201,PTGS2
DB11217,S1PR1
DB11217,CXCR6
DB11217,MTNR1A
DB11217,GALR1
DB11217,C3AR1
DB11217,PNOC
DB11217,DRD3
DB11217,FPR1
DB11217,NMUR1
DB11217,PPBP
DB11217,CXCL11
DB11217,CCR1
DB11217,OXGR1
DB11217,CXCL5
DB11217,CXCL3
DB11217,GPR17
DB11217,ACKR3
DB11217,ADRA2A
DB11217,MCHR2
DB11217,CXCL8
DB11217,GPER1
DB11217,GAL
DB11217,RGS20
DB11217,CCR7
DB11217,HEBP1
DB11217,DRD4
DB11217,BDKRB1
DB11217,PDYN
DB11217,C5
DB11217,PPY
DB11217,CXCL6
DB11217,GRM6
DB11217,ADCY1
DB11217,OPRD1
DB11217,TAS2R7
DB11217,TAS2R9
DB11217,NPY
DB11217,C3
DB11217,S1PR4
DB11217,TAS2R3
DB11217,OPRK1
DB11217,APP
DB11217,SSTR1
DB11217,TAS2R8
DB11217,ADCY8
DB11217,CCR2
DB11217,HTR1E
DB11217,CHRM4
DB11217,TAS2R39
DB11217,CCR3
DB11217,CCL25
DB11217,OPRM1
DB11217,TAS2R31
DB11217,TAS2R13
DB11217,GPR55
DB11217,GRM2
DB11217,MTRNR2L2
DB11217,CXCL1
DB11217,RGS4
DB11217,GNAT3
DB11217,ADRA2C
DB11217,TAS2R41
DB11217,TAS2R40
DB11217,RGS14
DB11217,CXCR4
DB11217,LPAR2
DB11217,TAS2R20
DB11217,CXCL12
DB11217,CXCL13
DB11217,RGS6
DB11217,TAS2R30
DB11217,SST
DB11217,CXCR5
DB11217,TAS2R4
DB11217,CCR5
DB11217,CXCL16
DB11217,SSTR5
DB11217,ADCY9
DB11217,CXCR1
DB11217,HTR5A
DB11217,TAS2R38
DB11217,HCAR2
DB11217,TAS2R19
DB11217,HCAR3
DB11217,TAS2R46
DB11217,TAS2R43
DB11217,CXCL2
DB11217,TAS2R50
DB11217,PRH1-TAS2R14
DB11217,CASR
DB11217,ADCY5
DB11217,RXFP4
DB11217,POMC
DB11217,GRM8
DB11217,NMU
DB11217,CCR8
DB11217,TAS2R60
DB11217,LPAR5
DB11217,S1PR5
DB11217,RXFP3
DB11217,GALR2
DB11217,NPW
DB11217,NPBWR1
DB11217,PENK
DB11217,GNAI1
DB11217,TAS2R10
DB11217,RGS10
DB11217,CNR1
DB11217,TMIGD3
DB11217,NPBWR2
DB11217,GNAI3
DB11217,HTR1B
DB11217,LPAR3
DB11217,RGS18
DB11217,HTR1F
DB11217,CCR10
DB11217,P2RY13
DB11217,CHRM2
DB11217,CCR4
DB11217,NPB
DB11217,PTGDR2
DB11217,RGS19
DB11217,FPR3
DB11217,HRH3
DB11217,OPRL1
DB11217,NPY2R
DB11217,NPY5R
DB11217,AGTR2
DB11217,CCR6
DB11217,TAS2R42
DB11217,GNG2
DB11217,PMCH
DB11217,ADCY2
DB11217,CCL19
DB11217,ADCY6
DB11217,ADCY4
DB11217,HTR1A
DB11217,CXCR2
DB11217,FPR2
DB11217,TAS2R5
DB11217,GRM4
DB11217,CNR2
DB11217,GRM3
DB11217,GPR18
DB11217,P2RY14
DB11217,CXCL10
DB11217,P2RY12
DB11217,MCHR1
DB11217,GALR3
DB11217,TAS2R16
DB11217,ADCY7
DB11217,SSTR4
DB11217,NMUR2
DB11217,HRH4
DB11217,MTNR1B
DB11217,APLNR
DB11217,ANXA1
DB11217,CCL21
DB11217,CCL27
DB11217,ADCY3
DB11217,TYR
DB11217,SUCNR1
DB11217,NPY4R
DB11217,CXCL9
DB11217,NPY1R
DB11217,P2RY4
DB11217,NMS
DB11217,OXER1
DB11217,TAS2R1
DB11217,CXCR3
DB11217,RGS1
DB11217,AGT
DB11217,RGS7
DB11217,C5AR1
DB11217,SAA1
DB11217,ADORA1
DB11217,PTGER3
DB11217,SSTR2
DB11217,CCR9
DB11217,GRM7
DB11217,S1PR3
DB11217,CCL20
DB11217,LPAR1
DB11217,PYY
DB11217,CCL28
DB11217,DRD2
DB11217,GNAI2
DB11219,ESR2
DB11219,AR
DB11219,PGR
DB11219,ESR1
DB11221,SHBG
DB11235,CHRM3
DB11235,CHRM2
DB11235,HRH1
DB11235,CHRM1
DB11235,CHRM5
DB11235,CHRM4
DB11254,TGM2
DB11254,TOP1
DB11254,TYR
DB11256,MTRR
DB11256,AMT
DB11256,SLC19A1
DB11256,MTR
DB11256,MTHFR
DB11256,CNPY3-GNMT
DB11274,DRD2
DB11274,DRD3
DB11278,ADRA2A
DB11278,ADRB1
DB11294,HLA-A
DB11300,F11
DB11300,F13A1
DB11300,FGG
DB11300,FGA
DB11300,F8
DB11300,FGB
DB11300,F5
DB11300,F2R
DB11311,CPB2
DB11311,FGA
DB11311,F13A1
DB11311,FGB
DB11315,CHRM3
DB11315,CHRM4
DB11315,CHRM5
DB11315,CHRM2
DB11315,CHRM1
DB11323,PTGS2
DB11323,PTGS1
DB11326,SLC4A11
DB11326,ARG2
DB11327,PTGS2
DB11328,PROCR
DB11336,ELP1
DB11336,SPAM1
DB11336,HYAL2
DB11338,COL1A1
DB11338,VCAM1
DB11338,CXCL10
DB11338,CSF2RA
DB11340,COQ3
DB11340,COQ7
DB11359,ALB
DB11362,PTGIR
DB11363,ALK
DB11386,KCNH2
DB11386,UGDH
DB11496,TPO
DB11560,SLC22A11
DB11571,F5
DB11571,F8
DB11571,F13A1
DB11571,F11
DB11571,FGA
DB11571,FGG
DB11571,FGB
DB11572,FGG
DB11572,F8
DB11572,F5
DB11572,FGA
DB11572,F11
DB11572,FGB
DB11572,F13A1
DB11580,C5
DB11581,BCL2
DB11587,ADRB2
DB11588,HMOX1
DB11588,BLVRB
DB11588,ADI1
DB11588,HMOX2
DB11590,FXYD2
DB11590,MTR
DB11590,SLC7A11
DB11591,HRH1
DB11595,CD274
DB11596,MTHFS
DB11596,TYMS
DB11598,SERPINC1
DB11601,TLR2
DB11605,PPARA
DB11605,NR1H4
DB11605,NR1I2
DB11606,VWF
DB11607,VWF
DB11611,ITGAL
DB11614,HRH1
DB11619,GNRHR
DB11619,AR
DB11619,PGR
DB11619,NR3C1
DB11619,ESR1
DB11619,SHBG
DB11626,TNFRSF1B
DB11626,TNFRSF1A
DB11632,COMT
DB11633,KCNH2
DB11633,KCNQ1
DB11633,SCN5A
DB11633,KCNJ11
DB11633,KCNJ6
DB11633,CACNA1C
DB11635,ABCB1
DB11640,KCNA1
DB11641,TUBB
DB11644,TTR
DB11653,MC2R
DB11653,MC1R
DB11660,PTGFR
DB11672,CBR1
DB11672,VDR
DB11672,PPARG
DB11672,GSTP1
DB11691,OPRM1
DB11691,OPRK1
DB11691,OPRD1
DB11699,HTR3A
DB11703,BTK
DB11712,CFTR
DB11714,CD274
DB11714,CD80
DB11718,CCND1
DB11718,BRAF
DB11730,CDK6
DB11730,CDK4
DB11732,HTR1F
DB11735,GALK1
DB11735,SLC2A5
DB11735,SLC2A2
DB11735,SLC5A1
DB11735,LCT
DB11735,GALT
DB11738,ADRA2A
DB11742,CYP4F2
DB11742,HRH1
DB11742,KCNA5
DB11742,CYP3A4
DB11757,ADORA2B
DB11757,ADORA2A
DB11757,ADORA1
DB11760,PARP1
DB11767,FCGR2A
DB11767,IL6R
DB11767,FCGR3B
DB11767,FCGR1A
DB11767,FCGR2B
DB11767,FCGR3A
DB11793,PARP1
DB11815,NOS3
DB11815,NOS2
DB11817,JAK1
DB11817,PTK2B
DB11817,JAK3
DB11817,JAK2
DB11823,BDNF
DB11823,GRIN2B
DB11828,EGFR
DB11828,ERBB2
DB11828,ERBB4
DB11828,ERBB3
DB11834,IL23A
DB11842,AGTR1
DB11901,AR
DB11921,BGLAP
DB11921,NR3C1
DB11942,XPO1
DB11945,CD274
DB11952,PIK3CD
DB11952,PIK3CG
DB11963,EGFR
DB11967,IL1B
DB11967,IL6
DB11967,TNF
DB11967,MAP3K1
DB11979,GNRHR
DB11986,TNK2
DB11986,NTRK1
DB11986,JAK2
DB11988,MS4A1
DB11994,ALOX5
DB11994,NR1H2
DB11994,CYP1A2
DB11994,LOC107987478
DB11994,CYP2C9
DB11995,ABCG2
DB11995,MPL
DB12001,CDK4
DB12001,CDK6
DB12010,INSR
DB12010,YES1
DB12010,DDR1
DB12010,PRKCE
DB12010,MAP3K1
DB12010,SRC
DB12010,PRKCD
DB12010,MET
DB12010,CHEK1
DB12010,CDK1
DB12010,ITK
DB12010,EGFR
DB12010,LCK
DB12010,FYN
DB12010,PTK2
DB12010,EPHA2
DB12010,PDGFRA
DB12010,PIM1
DB12010,PRKAA1
DB12010,CASK
DB12010,MAPK13
DB12010,IKBKB
DB12010,FGFR3
DB12010,JAK3
DB12010,FGFR1
DB12010,FGFR2
DB12010,PDE5A
DB12010,ERBB2
DB12010,JAK2
DB12010,PDGFRB
DB12010,CTSL
DB12010,MAPK14
DB12010,AURKB
DB12010,WEE1
DB12010,PTK2B
DB12010,CHEK2
DB12010,BTK
DB12010,DAPK1
DB12010,AURKA
DB12010,NTRK1
DB12010,TNK2
DB12010,TGFBR2
DB12010,CLK1
DB12010,CSK
DB12010,BRAF
DB12010,ABL2
DB12010,RET
DB12010,PDPK1
DB12010,PIK3CD
DB12010,ALK
DB12010,ACVR1B
DB12010,TEK
DB12010,FLT1
DB12010,FAAH
DB12010,GSK3B
DB12010,CSNK2A1
DB12010,RAF1
DB12010,ZAP70
DB12010,ACVR1
DB12010,PIK3CG
DB12010,EPHB4
DB12010,CDK4
DB12010,MAPK10
DB12010,CSF1R
DB12010,CTSS
DB12010,PRKCQ
DB12010,KIT
DB12010,FLT4
DB12010,KDR
DB12010,ALOX5
DB12010,SYK
DB12010,SLC29A1
DB12010,ABL1
DB12010,FLT3
DB12010,HCK
DB12015,PIK3CA
DB12023,IL5RA
DB12023,FCGR3A
DB12095,TPH1
DB12095,TPH2
DB12130,ALK
DB12130,ROS1
DB12141,ALK
DB12141,FLT3
DB12147,FGFR3
DB12147,KIT
DB12147,FGFR1
DB12147,CSF1R
DB12147,FGFR4
DB12147,PDGFRA
DB12147,FGFR2
DB12147,KDR
DB12147,PDGFRB
DB12159,IL4R
DB12161,SLC18A2
DB12243,NOS3
DB12243,MAPK8
DB12243,IL1B
DB12267,ERBB2
DB12267,ABL1
DB12267,FLT3
DB12267,ALK
DB12267,IGF1R
DB12267,INSR
DB12267,MET
DB12267,EGFR
DB12278,CHRM5
DB12278,CHRM4
DB12278,ADRA1A
DB12278,CHRM2
DB12278,CHRM1
DB12278,CHRM3
DB12278,CACNA1C
DB12313,ADRB2
DB12332,PARP1
DB12364,F10
DB12371,S1PR1
DB12401,CYP3A4
DB12401,DRD2
DB12401,DRD3
DB12474,SHBG
DB12474,SERPINA6
DB12483,PIK3CD
DB12483,PIK3CA
DB12498,CXCR4
DB12500,JAK1
DB12500,FLT3
DB12500,JAK2
DB12523,ALOX5
DB12523,HRH1
DB12529,MB
DB12529,TXN
DB12529,TXNRD1
DB12529,TXN2
DB12529,TXNRD2
DB12688,CD22
DB12698,CD4
DB12698,CXCR4
DB12698,CCR5
DB12710,CYP3A4
DB12710,CYP1A2
DB12783,DDC
DB12789,PTGES
DB12789,UTS2B
DB12789,FPR2
DB12789,GRK2
DB12789,PTGR1
DB12789,SLCO2A1
DB12789,F2RL1
DB12789,TACR1
DB12789,TRH
DB12789,TACR3
DB12789,PTGER4
DB12789,TRHR
DB12789,TAC3
DB12789,AVPR1A
DB12789,LPAR6
DB12789,APP
DB12789,NPFF
DB12789,HPGD
DB12789,GNRH1
DB12789,P2RY2
DB12789,HTR2C
DB12789,P2RY1
DB12789,XCR1
DB12789,PROKR1
DB12789,F2RL2
DB12789,NTSR2
DB12789,PTGIR
DB12789,PTGER1
DB12789,HCRT
DB12789,HPGDS
DB12789,CCKAR
DB12789,PROK2
DB12789,CBR3
DB12789,NMU
DB12789,UTS2R
DB12789,QRFP
DB12789,FFAR3
DB12789,GNAQ
DB12789,GPR132
DB12789,PMCH
DB12789,RGS19
DB12789,GNG2
DB12789,LPAR5
DB12789,CCKBR
DB12789,CCK
DB12789,EDN3
DB12789,AGTR1
DB12789,GAST
DB12789,CHRM3
DB12789,PLCB1
DB12789,ARHGEF25
DB12789,OXTR
DB12789,F2R
DB12789,TAC1
DB12789,GNA15
DB12789,PLCB2
DB12789,HTR2B
DB12789,NMBR
DB12789,ANXA1
DB12789,GRP
DB12789,SAA1
DB12789,PTGER3
DB12789,NTS
DB12789,TRIO
DB12789,GPR65
DB12789,PROK1
DB12789,GPR17
DB12789,EDNRA
DB12789,GPR4
DB12789,PIK3CA
DB12789,NPFFR1
DB12789,PTAFR
DB12789,PLCB3
DB12789,PTGFR
DB12789,LPAR3
DB12789,NTSR1
DB12789,XCL2
DB12789,XCL1
DB12789,PTGS2
DB12789,HCRTR2
DB12789,GRK5
DB12789,TACR2
DB12789,QRFPR
DB12789,CASR
DB12789,HRH1
DB12789,UTS2
DB12789,GNA11
DB12789,KISS1
DB12789,OPN4
DB12789,EDN2
DB12789,CYSLTR1
DB12789,MCHR1
DB12789,EDNRB
DB12789,HTR2A
DB12789,EDN1
DB12789,NMS
DB12789,ADRA1D
DB12789,CBR1
DB12789,AVP
DB12789,ADRA1A
DB12789,CHRM5
DB12789,F2RL3
DB12789,GNA14
DB12789,GRPR
DB12789,HCRTR1
DB12789,RGS18
DB12789,P2RY10
DB12789,BDKRB1
DB12789,P2RY6
DB12789,OXT
DB12789,NPS
DB12789,GPR68
DB12789,NPSR1
DB12789,NMUR2
DB12789,LPAR1
DB12789,NMUR1
DB12789,GRM5
DB12789,CHRM1
DB12789,ADRA1B
DB12789,GRM1
DB12789,LTB4R
DB12789,CYSLTR2
DB12789,NPFFR2
DB12789,GPRC6A
DB12789,MCHR2
DB12789,GCGR
DB12789,LPAR2
DB12789,PROKR2
DB12789,MLN
DB12789,MLNR
DB12789,GNRHR
DB12789,KISS1R
DB12789,RGS2
DB12789,KALRN
DB12789,NMB
DB12789,MTRNR2L2
DB12789,GHSR
DB12789,GNRH2
DB12789,AGT
DB12789,PRXL2B
DB12789,FFAR2
DB12789,FFAR1
DB12789,TBXA2R
DB12789,LTB4R2
DB12789,GCG
DB12808,RARA
DB12808,RARG
DB12808,RARB
DB12865,CASR
DB12867,DRD4
DB12867,DRD2
DB12872,F8
DB12872,COL1A1
DB12941,PGR
DB12941,AR
DB12978,CSF1R
DB12978,KIT
DB12978,FLT3
DB12978,PDGFRB
DB13074,GHSR
DB13125,MPL
DB13133,F8
DB13133,COL1A1
DB13139,ADRB2
DB13144,CSF3R
DB13146,GRIA1
DB13146,GRIA2
DB13146,GRIA3
DB13146,SLC1A5
DB13146,GRIA4
DB13146,SLC7A3
DB13149,PROC
DB13149,F5
DB13149,F10
DB13150,F9
DB13150,F3
DB13150,F10
DB13151,F13A1
DB13151,F10
DB13151,F8
DB13151,FGB
DB13151,F5
DB13151,F2
DB13151,F7
DB13151,FGA
DB13152,F11
DB13152,LRP1
DB13152,F7
DB13152,GGCX
DB13152,F2
DB13152,F10
DB13152,F8
DB13154,SCN4A
DB13155,AR
DB13158,NR3C1
DB13166,ACE
DB13167,PTGS2
DB13179,NR1I2
DB13179,CYP2B6
DB13179,CYP3A4
DB13192,F10
DB13192,F9
DB13200,CSF3R
DB13346,HDAC10
DB13346,PTGS1
DB13346,PTGS2
DB13346,HDAC6
DB13501,PTGS1
DB13501,PTGS2
DB13503,ACHE
DB13520,HTR2A
DB13520,HTR1B
DB13520,HTR2C
DB13520,HTR7
DB13520,HTR1E
DB13520,HTR6
DB13520,HTR1F
DB13520,HTR2B
DB13520,HTR1A
DB13520,SCN2A
DB13615,TLR4
DB13720,CHRM3
DB13746,CACNA1A
DB13751,HSD11B1
DB13751,TNF
DB13751,LPL
DB13751,CASP3
DB13781,ADRB1
DB13783,PTGS1
DB13783,PTGS2
DB13867,PLA2G4A
DB13867,NR3C2
DB13867,NR3C1
DB13867,PGR
DB13872,GABRA3
DB13872,GABRA5
DB13872,GABRA1
DB13872,GABRA2
DB13873,PPARG
DB13873,PPARD
DB13873,NR1I2
DB13873,PPARA
DB13881,CD19
DB13884,F10
DB13893,PLA2G10
DB13894,PLA2G10
DB13908,SCN2A
DB13915,CD19
DB13923,F10
DB13923,F9
DB13925,SSTR2
DB13926,NTRK1
DB13928,GLP1R
DB13931,SLC6A2
DB13931,ROCK1
DB13933,F10
DB13933,F8
DB13933,F7
DB13943,NR3C2
DB13943,AR
DB13943,ESR1
DB13944,NR3C2
DB13944,AR
DB13944,ESR1
DB13946,AR
DB13946,ESR1
DB13946,NR3C2
DB13952,CHRNA4
DB13952,ESRRG
DB13952,NR1I2
DB13952,HSD17B2
DB13952,ESR1
DB13952,ESR2
DB13953,ESRRG
DB13953,CHRNA4
DB13953,ESR2
DB13953,ESR1
DB13953,NR1I2
DB13953,HSD17B2
DB13954,ESR2
DB13954,ESR1
DB13954,CHRNA4
DB13954,ESRRG
DB13954,HSD17B2
DB13954,NR1I2
DB13955,ESRRG
DB13955,HSD17B2
DB13955,ESR1
DB13955,NR1I2
DB13955,CHRNA4
DB13955,ESR2
DB13956,ESR1
DB13956,ESR2
DB13956,ESRRG
DB13956,CHRNA4
DB13956,HSD17B2
DB13956,NR1I2
DB13967,ALB
DB13985,SSTR5
DB13985,SSTR3
DB13985,SSTR2
DB13985,SSTR1
DB13995,HBB
DB13995,FTL
DB13995,HBA2
DB13995,FTH1
DB13996,ATP1A1
DB13998,CALR
DB13998,HSPA5
DB13998,MCFD2
DB13998,ASGR2
DB13998,LMAN1
DB13998,F10
DB13998,LRP1
DB13998,PHYH
DB13998,VWF
DB13998,F9
DB13998,CANX
DB13999,F9
DB13999,CALR
DB13999,ASGR2
DB13999,PHYH
DB13999,VWF
DB13999,CANX
DB13999,LRP1
DB13999,MCFD2
DB13999,LMAN1
DB13999,F10
DB13999,HSPA5
DB14001,SEC14L2
DB14001,SEC14L4
DB14001,SEC14L3
DB14001,PPP2CA
DB14001,PRKCA
DB14001,DGKA
DB14001,NR1I2
DB14001,PPP2CB
DB14001,ALOX5
DB14002,NR1I2
DB14002,SEC14L3
DB14002,SEC14L2
DB14002,PPP2CA
DB14002,DGKA
DB14002,PRKCA
DB14002,SEC14L4
DB14002,PPP2CB
DB14002,ALOX5
DB14006,ACHE
DB14006,PCYT1B
DB14006,PLD1
DB14006,PCYT1A
DB14006,PHOSPHO1
DB14006,PLD2
DB14006,CHRNA7
DB14006,BCHE
DB14019,TACR1
DB14041,CALCB
DB14041,CALCA
DB14042,CALCB
DB14042,CALCA
DB14185,HTR7
DB14185,HTR1D
DB14185,HRH1
DB14185,DRD5
DB14185,CHRM5
DB14185,ADRA1B
DB14185,HTR2C
DB14185,CHRM1
DB14185,HTR1B
DB14185,ADRA1A
DB14185,DRD1
DB14185,CHRM2
DB14185,CHRM3
DB14185,HTR1E
DB14185,HTR2A
DB14185,DRD3
DB14185,DRD4
DB14185,HTR3A
DB14185,HTR6
DB14185,ADRA2A
DB14185,ADRA2B
DB14185,ADRA2C
DB14185,CHRM4
DB14185,HTR1A
DB14185,DRD2
DB14487,APP
DB14487,AGT
DB14487,GLRA1
DB14487,HDAC4
DB14487,PON1
DB14487,P4HB
DB14487,A2M
DB14487,GAPDHS
DB14487,C1S
DB14487,ALDOA
DB14487,SERPINA6
DB14487,C3
DB14487,APCS
DB14487,IL3
DB14487,FGA
DB14487,TTR
DB14487,HBB
DB14487,VTN
DB14487,CP
DB14487,APOA1
DB14487,C5
DB14487,C1QC
DB14487,C1QB
DB14487,TF
DB14487,ASPA
DB14487,NME1
DB14487,INS-IGF2
DB14487,SERPINA1
DB14487,APOA2
DB14487,PARP1
DB14487,MGMT
DB14487,HBA2
DB14487,TP53
DB14487,KNG1
DB14487,SHBG
DB14487,MDM2
DB14487,MMP9
DB14487,KLKB1
DB14487,HDAC1
DB14487,ESR1
DB14487,C1R
DB14487,FN1
DB14487,F2
DB14487,C8G
DB14487,CPN2
DB14487,SERPIND1
DB14487,CPN1
DB14487,CFB
DB14487,SOD1
DB14487,HDAC8
DB14487,APOE
DB14488,CP
DB14488,FTH1
DB14488,EGLN1
DB14488,HDAC8
DB14488,HBA2
DB14488,POLB
DB14488,NEIL1
DB14488,TF
DB14489,TF
DB14489,HDAC8
DB14489,FTH1
DB14489,NEIL1
DB14489,POLB
DB14489,EGLN1
DB14489,CP
DB14489,HBA2
DB14490,CP
DB14490,HDAC8
DB14490,FTH1
DB14490,TF
DB14490,EGLN1
DB14490,NEIL1
DB14490,HBA2
DB14490,POLB
DB14491,HBA2
DB14491,HDAC8
DB14491,NEIL1
DB14491,TF
DB14491,POLB
DB14491,EGLN1
DB14491,FTH1
DB14491,CP
DB14498,ATP1A1
DB14499,ATP1A1
DB14501,FTH1
DB14501,POLB
DB14501,HBA2
DB14501,EGLN1
DB14501,TF
DB14501,CP
DB14501,HDAC8
DB14501,NEIL1
DB14507,IMPA2
DB14507,IMPA1
DB14507,GRIA3
DB14507,GSK3B
DB14509,GSK3B
DB14509,IMPA2
DB14509,IMPA1
DB14509,GRIA3
DB14512,NR3C1
DB14512,PGR
DB14517,ATP1A1
DB14517,KLK1
DB14517,TF
DB14517,APP
DB14518,TF
DB14518,APP
DB14518,KLK1
DB14518,ATP1A1
DB14527,CYB5A
DB14528,CYB5A
DB14529,CYB5A
DB14530,CYB5A
DB14533,CPN2
DB14533,FN1
DB14533,KLKB1
DB14533,TP53
DB14533,KNG1
DB14533,VTN
DB14533,SERPINA1
DB14533,CPN1
DB14533,ASPA
DB14533,APCS
DB14533,HDAC8
DB14533,C1S
DB14533,HDAC4
DB14533,P4HB
DB14533,NME1
DB14533,C5
DB14533,C3
DB14533,FGA
DB14533,C1QC
DB14533,C1QB
DB14533,CP
DB14533,C1R
DB14533,A2M
DB14533,F2
DB14533,CFB
DB14533,SOD1
DB14533,IL3
DB14533,ALDOA
DB14533,AGT
DB14533,GLRA1
DB14533,MGMT
DB14533,GAPDHS
DB14533,MMP9
DB14533,INS-IGF2
DB14533,PON1
DB14533,APOA1
DB14533,SHBG
DB14533,ESR1
DB14533,MDM2
DB14533,HBA2
DB14533,SERPIND1
DB14533,TF
DB14533,APP
DB14533,TTR
DB14533,HBB
DB14533,SERPINA6
DB14533,HDAC1
DB14533,APOA2
DB14533,APOE
DB14533,C8G
DB14533,PARP1
DB14539,HSD11B2
DB14539,ANXA1
DB14539,HSD3B1
DB14539,NR3C1
DB14540,ANXA1
DB14540,HSD11B2
DB14540,HSD3B1
DB14540,NR3C1
DB14541,HSD3B1
DB14541,NR3C1
DB14541,ANXA1
DB14541,HSD11B2
DB14542,HSD11B2
DB14542,NR3C1
DB14542,ANXA1
DB14542,HSD3B1
DB14543,HSD11B2
DB14543,ANXA1
DB14543,HSD3B1
DB14543,NR3C1
DB14544,ANXA1
DB14544,HSD3B1
DB14544,HSD11B2
DB14544,NR3C1
DB14562,TFPI
DB14568,IDH1
DB14583,NR3C1
DB14583,AR
DB14583,PGR
DB14597,KLKB1
DB14642,AVPR1B
DB14642,AVPR2
DB14642,AVPR1A
DB14700,F8
DB14707,PDCD1
DB14723,NTRK1
DB14724,IFNG
DB14731,IL3RA
DB14738,F9
DB14738,F2
DB14738,F10
DB14751,INSR
DB14751,IGF1R
DB14754,SLC6A3
DB14754,SLC6A2
DB14864,VEGFA
DB14962,FCGR1A
DB14962,TOP1
DB14975,HBA2
DB15035,LCK
DB15035,EGFR
DB15035,ERBB2
DB15035,BTK
DB15035,JAK3
DB15035,ITK
DB15035,JAK2
DB15271,SELP
DB15444,CFTR
DB15494,SSTR3
DB15494,SSTR2
DB15494,SSTR5
DB15494,SSTR1
DB15566,NR3C1
